pair_id,pair_type,side,Arms_set,deg_set,beta_deg,id_A,iq_A,is_rated,point_role
0,mirror,motoring,606.3896,-88.6361,88.6361,-1050.0,25.0,False,dense_cartesian
0,mirror,regen,606.3896,268.6361,91.3639,-1050.0,-25.0,False,dense_cartesian
1,mirror,motoring,591.96,-88.6028,88.6028,-1025.0,25.0,False,dense_cartesian
1,mirror,regen,591.96,268.6028,91.3972,-1025.0,-25.0,False,dense_cartesian
2,mirror,motoring,577.5307,-88.5679,88.5679,-1000.0,25.0,False,dense_cartesian
2,mirror,regen,577.5307,268.5679,91.4321,-1000.0,-25.0,False,dense_cartesian
3,mirror,motoring,563.1015,-88.5312,88.5312,-975.0,25.0,False,dense_cartesian
3,mirror,regen,563.1015,268.5312,91.4688,-975.0,-25.0,False,dense_cartesian
4,mirror,motoring,548.6726,-88.4926,88.4926,-950.0,25.0,False,dense_cartesian
4,mirror,regen,548.6726,268.4926,91.5074,-950.0,-25.0,False,dense_cartesian
5,mirror,motoring,534.244,-88.4518,88.4518,-925.0,25.0,False,dense_cartesian
5,mirror,regen,534.244,268.4518,91.5482,-925.0,-25.0,False,dense_cartesian
6,mirror,motoring,519.8157,-88.4089,88.4089,-900.0,25.0,False,dense_cartesian
6,mirror,regen,519.8157,268.4089,91.5911,-900.0,-25.0,False,dense_cartesian
7,mirror,motoring,505.3876,-88.3634,88.3634,-875.0,25.0,False,dense_cartesian
7,mirror,regen,505.3876,268.3634,91.6366,-875.0,-25.0,False,dense_cartesian
8,mirror,motoring,490.9599,-88.3153,88.3153,-850.0,25.0,False,dense_cartesian
8,mirror,regen,490.9599,268.3153,91.6847,-850.0,-25.0,False,dense_cartesian
9,mirror,motoring,476.5326,-88.2643,88.2643,-825.0,25.0,False,dense_cartesian
9,mirror,regen,476.5326,268.2643,91.7357,-825.0,-25.0,False,dense_cartesian
10,mirror,motoring,462.1057,-88.2101,88.2101,-800.0,25.0,False,dense_cartesian
10,mirror,regen,462.1057,268.2101,91.7899,-800.0,-25.0,False,dense_cartesian
11,mirror,motoring,447.6792,-88.1524,88.1524,-775.0,25.0,False,dense_cartesian
11,mirror,regen,447.6792,268.1524,91.8476,-775.0,-25.0,False,dense_cartesian
12,mirror,motoring,433.2532,-88.0908,88.0908,-750.0,25.0,False,dense_cartesian
12,mirror,regen,433.2532,268.0908,91.9092,-750.0,-25.0,False,dense_cartesian
13,mirror,motoring,418.8277,-88.0251,88.0251,-725.0,25.0,False,dense_cartesian
13,mirror,regen,418.8277,268.0251,91.9749,-725.0,-25.0,False,dense_cartesian
14,mirror,motoring,404.4029,-87.9546,87.9546,-700.0,25.0,False,dense_cartesian
14,mirror,regen,404.4029,267.9546,92.0454,-700.0,-25.0,False,dense_cartesian
15,mirror,motoring,389.9786,-87.8789,87.8789,-675.0,25.0,False,dense_cartesian
15,mirror,regen,389.9786,267.8789,92.1211,-675.0,-25.0,False,dense_cartesian
16,mirror,motoring,375.5551,-87.7974,87.7974,-650.0,25.0,False,dense_cartesian
16,mirror,regen,375.5551,267.7974,92.2026,-650.0,-25.0,False,dense_cartesian
17,mirror,motoring,361.1325,-87.7094,87.7094,-625.0,25.0,False,dense_cartesian
17,mirror,regen,361.1325,267.7094,92.2906,-625.0,-25.0,False,dense_cartesian
18,mirror,motoring,346.7107,-87.6141,87.6141,-600.0,25.0,False,dense_cartesian
18,mirror,regen,346.7107,267.6141,92.3859,-600.0,-25.0,False,dense_cartesian
19,mirror,motoring,332.29,-87.5104,87.5104,-575.0,25.0,False,dense_cartesian
19,mirror,regen,332.29,267.5104,92.4896,-575.0,-25.0,False,dense_cartesian
20,mirror,motoring,317.8705,-87.3974,87.3974,-550.0,25.0,False,dense_cartesian
20,mirror,regen,317.8705,267.3974,92.6026,-550.0,-25.0,False,dense_cartesian
21,mirror,motoring,303.4524,-87.2737,87.2737,-525.0,25.0,False,dense_cartesian
21,mirror,regen,303.4524,267.2737,92.7263,-525.0,-25.0,False,dense_cartesian
22,mirror,motoring,289.0358,-87.1376,87.1376,-500.0,25.0,False,dense_cartesian
22,mirror,regen,289.0358,267.1376,92.8624,-500.0,-25.0,False,dense_cartesian
23,mirror,motoring,274.621,-86.9872,86.9872,-475.0,25.0,False,dense_cartesian
23,mirror,regen,274.621,266.9872,93.0128,-475.0,-25.0,False,dense_cartesian
24,mirror,motoring,260.2082,-86.8202,86.8202,-450.0,25.0,False,dense_cartesian
24,mirror,regen,260.2082,266.8202,93.1798,-450.0,-25.0,False,dense_cartesian
25,mirror,motoring,245.798,-86.6335,86.6335,-425.0,25.0,False,dense_cartesian
25,mirror,regen,245.798,266.6335,93.3665,-425.0,-25.0,False,dense_cartesian
26,mirror,motoring,231.3907,-86.4237,86.4237,-400.0,25.0,False,dense_cartesian
26,mirror,regen,231.3907,266.4237,93.5763,-400.0,-25.0,False,dense_cartesian
27,mirror,motoring,216.9869,-86.1859,86.1859,-375.0,25.0,False,dense_cartesian
27,mirror,regen,216.9869,266.1859,93.8141,-375.0,-25.0,False,dense_cartesian
28,mirror,motoring,202.5874,-85.9144,85.9144,-350.0,25.0,False,dense_cartesian
28,mirror,regen,202.5874,265.9144,94.0856,-350.0,-25.0,False,dense_cartesian
29,mirror,motoring,188.1932,-85.6013,85.6013,-325.0,25.0,False,dense_cartesian
29,mirror,regen,188.1932,265.6013,94.3987,-325.0,-25.0,False,dense_cartesian
30,mirror,motoring,173.8054,-85.2364,85.2364,-300.0,25.0,False,dense_cartesian
30,mirror,regen,173.8054,265.2364,94.7636,-300.0,-25.0,False,dense_cartesian
31,mirror,motoring,159.4261,-84.8056,84.8056,-275.0,25.0,False,dense_cartesian
31,mirror,regen,159.4261,264.8056,95.1944,-275.0,-25.0,False,dense_cartesian
32,mirror,motoring,145.0575,-84.2894,84.2894,-250.0,25.0,False,dense_cartesian
32,mirror,regen,145.0575,264.2894,95.7106,-250.0,-25.0,False,dense_cartesian
33,mirror,motoring,130.7032,-83.6598,83.6598,-225.0,25.0,False,dense_cartesian
33,mirror,regen,130.7032,263.6598,96.3402,-225.0,-25.0,False,dense_cartesian
34,mirror,motoring,116.3687,-82.875,82.875,-200.0,25.0,False,dense_cartesian
34,mirror,regen,116.3687,262.875,97.125,-200.0,-25.0,False,dense_cartesian
35,mirror,motoring,102.0621,-81.8699,81.8699,-175.0,25.0,False,dense_cartesian
35,mirror,regen,102.0621,261.8699,98.1301,-175.0,-25.0,False,dense_cartesian
36,mirror,motoring,87.7971,-80.5377,80.5377,-150.0,25.0,False,dense_cartesian
36,mirror,regen,87.7971,260.5377,99.4623,-150.0,-25.0,False,dense_cartesian
37,mirror,motoring,73.598,-78.6901,78.6901,-125.0,25.0,False,dense_cartesian
37,mirror,regen,73.598,258.6901,101.3099,-125.0,-25.0,False,dense_cartesian
38,mirror,motoring,59.5119,-75.9638,75.9638,-100.0,25.0,False,dense_cartesian
38,mirror,regen,59.5119,255.9638,104.0362,-100.0,-25.0,False,dense_cartesian
39,mirror,motoring,45.6435,-71.5651,71.5651,-75.0,25.0,False,dense_cartesian
39,mirror,regen,45.6435,251.5651,108.4349,-75.0,-25.0,False,dense_cartesian
40,mirror,motoring,32.2749,-63.4349,63.4349,-50.0,25.0,False,dense_cartesian
40,mirror,regen,32.2749,243.4349,116.5651,-50.0,-25.0,False,dense_cartesian
41,mirror,motoring,20.4124,-45.0,45.0,-25.0,25.0,False,dense_cartesian
41,mirror,regen,20.4124,225.0,135.0,-25.0,-25.0,False,dense_cartesian
42,mirror,motoring,14.4338,0.0,0.0,0.0,25.0,False,dense_cartesian
42,mirror,regen,14.4338,180.0,180.0,0.0,-25.0,False,dense_cartesian
43,mirror,motoring,20.4124,45.0,-45.0,25.0,25.0,False,dense_cartesian
43,mirror,regen,20.4124,135.0,225.0,25.0,-25.0,False,dense_cartesian
44,mirror,motoring,32.2749,63.4349,-63.4349,50.0,25.0,False,dense_cartesian
44,mirror,regen,32.2749,116.5651,243.4349,50.0,-25.0,False,dense_cartesian
45,mirror,motoring,45.6435,71.5651,-71.5651,75.0,25.0,False,dense_cartesian
45,mirror,regen,45.6435,108.4349,251.5651,75.0,-25.0,False,dense_cartesian
46,mirror,motoring,59.5119,75.9638,-75.9638,100.0,25.0,False,dense_cartesian
46,mirror,regen,59.5119,104.0362,255.9638,100.0,-25.0,False,dense_cartesian
47,mirror,motoring,73.598,78.6901,-78.6901,125.0,25.0,False,dense_cartesian
47,mirror,regen,73.598,101.3099,258.6901,125.0,-25.0,False,dense_cartesian
48,mirror,motoring,87.7971,80.5377,-80.5377,150.0,25.0,False,dense_cartesian
48,mirror,regen,87.7971,99.4623,260.5377,150.0,-25.0,False,dense_cartesian
49,mirror,motoring,102.0621,81.8699,-81.8699,175.0,25.0,False,dense_cartesian
49,mirror,regen,102.0621,98.1301,261.8699,175.0,-25.0,False,dense_cartesian
50,mirror,motoring,116.3687,82.875,-82.875,200.0,25.0,False,dense_cartesian
50,mirror,regen,116.3687,97.125,262.875,200.0,-25.0,False,dense_cartesian
51,mirror,motoring,130.7032,83.6598,-83.6598,225.0,25.0,False,dense_cartesian
51,mirror,regen,130.7032,96.3402,263.6598,225.0,-25.0,False,dense_cartesian
52,mirror,motoring,145.0575,84.2894,-84.2894,250.0,25.0,False,dense_cartesian
52,mirror,regen,145.0575,95.7106,264.2894,250.0,-25.0,False,dense_cartesian
53,mirror,motoring,159.4261,84.8056,-84.8056,275.0,25.0,False,dense_cartesian
53,mirror,regen,159.4261,95.1944,264.8056,275.0,-25.0,False,dense_cartesian
54,mirror,motoring,173.8054,85.2364,-85.2364,300.0,25.0,False,dense_cartesian
54,mirror,regen,173.8054,94.7636,265.2364,300.0,-25.0,False,dense_cartesian
55,mirror,motoring,188.1932,85.6013,-85.6013,325.0,25.0,False,dense_cartesian
55,mirror,regen,188.1932,94.3987,265.6013,325.0,-25.0,False,dense_cartesian
56,mirror,motoring,202.5874,85.9144,-85.9144,350.0,25.0,False,dense_cartesian
56,mirror,regen,202.5874,94.0856,265.9144,350.0,-25.0,False,dense_cartesian
57,mirror,motoring,216.9869,86.1859,-86.1859,375.0,25.0,False,dense_cartesian
57,mirror,regen,216.9869,93.8141,266.1859,375.0,-25.0,False,dense_cartesian
58,mirror,motoring,231.3907,86.4237,-86.4237,400.0,25.0,False,dense_cartesian
58,mirror,regen,231.3907,93.5763,266.4237,400.0,-25.0,False,dense_cartesian
59,mirror,motoring,245.798,86.6335,-86.6335,425.0,25.0,False,dense_cartesian
59,mirror,regen,245.798,93.3665,266.6335,425.0,-25.0,False,dense_cartesian
60,mirror,motoring,260.2082,86.8202,-86.8202,450.0,25.0,False,dense_cartesian
60,mirror,regen,260.2082,93.1798,266.8202,450.0,-25.0,False,dense_cartesian
61,mirror,motoring,274.621,86.9872,-86.9872,475.0,25.0,False,dense_cartesian
61,mirror,regen,274.621,93.0128,266.9872,475.0,-25.0,False,dense_cartesian
62,mirror,motoring,289.0358,87.1376,-87.1376,500.0,25.0,False,dense_cartesian
62,mirror,regen,289.0358,92.8624,267.1376,500.0,-25.0,False,dense_cartesian
63,mirror,motoring,303.4524,87.2737,-87.2737,525.0,25.0,False,dense_cartesian
63,mirror,regen,303.4524,92.7263,267.2737,525.0,-25.0,False,dense_cartesian
64,mirror,motoring,317.8705,87.3974,-87.3974,550.0,25.0,False,dense_cartesian
64,mirror,regen,317.8705,92.6026,267.3974,550.0,-25.0,False,dense_cartesian
65,mirror,motoring,332.29,87.5104,-87.5104,575.0,25.0,False,dense_cartesian
65,mirror,regen,332.29,92.4896,267.5104,575.0,-25.0,False,dense_cartesian
66,mirror,motoring,346.7107,87.6141,-87.6141,600.0,25.0,False,dense_cartesian
66,mirror,regen,346.7107,92.3859,267.6141,600.0,-25.0,False,dense_cartesian
67,mirror,motoring,361.1325,87.7094,-87.7094,625.0,25.0,False,dense_cartesian
67,mirror,regen,361.1325,92.2906,267.7094,625.0,-25.0,False,dense_cartesian
68,mirror,motoring,375.5551,87.7974,-87.7974,650.0,25.0,False,dense_cartesian
68,mirror,regen,375.5551,92.2026,267.7974,650.0,-25.0,False,dense_cartesian
69,mirror,motoring,389.9786,87.8789,-87.8789,675.0,25.0,False,dense_cartesian
69,mirror,regen,389.9786,92.1211,267.8789,675.0,-25.0,False,dense_cartesian
70,mirror,motoring,404.4029,87.9546,-87.9546,700.0,25.0,False,dense_cartesian
70,mirror,regen,404.4029,92.0454,267.9546,700.0,-25.0,False,dense_cartesian
71,mirror,motoring,418.8277,88.0251,-88.0251,725.0,25.0,False,dense_cartesian
71,mirror,regen,418.8277,91.9749,268.0251,725.0,-25.0,False,dense_cartesian
72,mirror,motoring,433.2532,88.0908,-88.0908,750.0,25.0,False,dense_cartesian
72,mirror,regen,433.2532,91.9092,268.0908,750.0,-25.0,False,dense_cartesian
73,mirror,motoring,447.6792,88.1524,-88.1524,775.0,25.0,False,dense_cartesian
73,mirror,regen,447.6792,91.8476,268.1524,775.0,-25.0,False,dense_cartesian
74,mirror,motoring,462.1057,88.2101,-88.2101,800.0,25.0,False,dense_cartesian
74,mirror,regen,462.1057,91.7899,268.2101,800.0,-25.0,False,dense_cartesian
75,mirror,motoring,476.5326,88.2643,-88.2643,825.0,25.0,False,dense_cartesian
75,mirror,regen,476.5326,91.7357,268.2643,825.0,-25.0,False,dense_cartesian
76,mirror,motoring,490.9599,88.3153,-88.3153,850.0,25.0,False,dense_cartesian
76,mirror,regen,490.9599,91.6847,268.3153,850.0,-25.0,False,dense_cartesian
77,mirror,motoring,505.3876,88.3634,-88.3634,875.0,25.0,False,dense_cartesian
77,mirror,regen,505.3876,91.6366,268.3634,875.0,-25.0,False,dense_cartesian
78,mirror,motoring,519.8157,88.4089,-88.4089,900.0,25.0,False,dense_cartesian
78,mirror,regen,519.8157,91.5911,268.4089,900.0,-25.0,False,dense_cartesian
79,mirror,motoring,534.244,88.4518,-88.4518,925.0,25.0,False,dense_cartesian
79,mirror,regen,534.244,91.5482,268.4518,925.0,-25.0,False,dense_cartesian
80,mirror,motoring,548.6726,88.4926,-88.4926,950.0,25.0,False,dense_cartesian
80,mirror,regen,548.6726,91.5074,268.4926,950.0,-25.0,False,dense_cartesian
81,mirror,motoring,563.1015,88.5312,-88.5312,975.0,25.0,False,dense_cartesian
81,mirror,regen,563.1015,91.4688,268.5312,975.0,-25.0,False,dense_cartesian
82,mirror,motoring,577.5307,88.5679,-88.5679,1000.0,25.0,False,dense_cartesian
82,mirror,regen,577.5307,91.4321,268.5679,1000.0,-25.0,False,dense_cartesian
83,mirror,motoring,591.96,88.6028,-88.6028,1025.0,25.0,False,dense_cartesian
83,mirror,regen,591.96,91.3972,268.6028,1025.0,-25.0,False,dense_cartesian
84,mirror,motoring,606.3896,88.6361,-88.6361,1050.0,25.0,False,dense_cartesian
84,mirror,regen,606.3896,91.3639,268.6361,1050.0,-25.0,False,dense_cartesian
85,mirror,motoring,606.9047,-87.2737,87.2737,-1050.0,50.0,False,dense_cartesian
85,mirror,regen,606.9047,267.2737,92.7263,-1050.0,-50.0,False,dense_cartesian
86,mirror,motoring,592.4877,-87.2073,87.2073,-1025.0,50.0,False,dense_cartesian
86,mirror,regen,592.4877,267.2073,92.7927,-1025.0,-50.0,False,dense_cartesian
87,mirror,motoring,578.0715,-87.1376,87.1376,-1000.0,50.0,False,dense_cartesian
87,mirror,regen,578.0715,267.1376,92.8624,-1000.0,-50.0,False,dense_cartesian
88,mirror,motoring,563.6562,-87.0643,87.0643,-975.0,50.0,False,dense_cartesian
88,mirror,regen,563.6562,267.0643,92.9357,-975.0,-50.0,False,dense_cartesian
89,mirror,motoring,549.2419,-86.9872,86.9872,-950.0,50.0,False,dense_cartesian
89,mirror,regen,549.2419,266.9872,93.0128,-950.0,-50.0,False,dense_cartesian
90,mirror,motoring,534.8286,-86.9059,86.9059,-925.0,50.0,False,dense_cartesian
90,mirror,regen,534.8286,266.9059,93.0941,-925.0,-50.0,False,dense_cartesian
91,mirror,motoring,520.4165,-86.8202,86.8202,-900.0,50.0,False,dense_cartesian
91,mirror,regen,520.4165,266.8202,93.1798,-900.0,-50.0,False,dense_cartesian
92,mirror,motoring,506.0056,-86.7295,86.7295,-875.0,50.0,False,dense_cartesian
92,mirror,regen,506.0056,266.7295,93.2705,-875.0,-50.0,False,dense_cartesian
93,mirror,motoring,491.596,-86.6335,86.6335,-850.0,50.0,False,dense_cartesian
93,mirror,regen,491.596,266.6335,93.3665,-850.0,-50.0,False,dense_cartesian
94,mirror,motoring,477.1879,-86.5318,86.5318,-825.0,50.0,False,dense_cartesian
94,mirror,regen,477.1879,266.5318,93.4682,-825.0,-50.0,False,dense_cartesian
95,mirror,motoring,462.7814,-86.4237,86.4237,-800.0,50.0,False,dense_cartesian
95,mirror,regen,462.7814,266.4237,93.5763,-800.0,-50.0,False,dense_cartesian
96,mirror,motoring,448.3767,-86.3086,86.3086,-775.0,50.0,False,dense_cartesian
96,mirror,regen,448.3767,266.3086,93.6914,-775.0,-50.0,False,dense_cartesian
97,mirror,motoring,433.9739,-86.1859,86.1859,-750.0,50.0,False,dense_cartesian
97,mirror,regen,433.9739,266.1859,93.8141,-750.0,-50.0,False,dense_cartesian
98,mirror,motoring,419.5732,-86.0548,86.0548,-725.0,50.0,False,dense_cartesian
98,mirror,regen,419.5732,266.0548,93.9452,-725.0,-50.0,False,dense_cartesian
99,mirror,motoring,405.1749,-85.9144,85.9144,-700.0,50.0,False,dense_cartesian
99,mirror,regen,405.1749,265.9144,94.0856,-700.0,-50.0,False,dense_cartesian
100,mirror,motoring,390.7791,-85.7636,85.7636,-675.0,50.0,False,dense_cartesian
100,mirror,regen,390.7791,265.7636,94.2364,-675.0,-50.0,False,dense_cartesian
101,mirror,motoring,376.3863,-85.6013,85.6013,-650.0,50.0,False,dense_cartesian
101,mirror,regen,376.3863,265.6013,94.3987,-650.0,-50.0,False,dense_cartesian
102,mirror,motoring,361.9968,-85.4261,85.4261,-625.0,50.0,False,dense_cartesian
102,mirror,regen,361.9968,265.4261,94.5739,-625.0,-50.0,False,dense_cartesian
103,mirror,motoring,347.6109,-85.2364,85.2364,-600.0,50.0,False,dense_cartesian
103,mirror,regen,347.6109,265.2364,94.7636,-600.0,-50.0,False,dense_cartesian
104,mirror,motoring,333.2292,-85.0303,85.0303,-575.0,50.0,False,dense_cartesian
104,mirror,regen,333.2292,265.0303,94.9697,-575.0,-50.0,False,dense_cartesian
105,mirror,motoring,318.8521,-84.8056,84.8056,-550.0,50.0,False,dense_cartesian
105,mirror,regen,318.8521,264.8056,95.1944,-550.0,-50.0,False,dense_cartesian
106,mirror,motoring,304.4804,-84.5597,84.5597,-525.0,50.0,False,dense_cartesian
106,mirror,regen,304.4804,264.5597,95.4403,-525.0,-50.0,False,dense_cartesian
107,mirror,motoring,290.1149,-84.2894,84.2894,-500.0,50.0,False,dense_cartesian
107,mirror,regen,290.1149,264.2894,95.7106,-500.0,-50.0,False,dense_cartesian
108,mirror,motoring,275.7565,-83.991,83.991,-475.0,50.0,False,dense_cartesian
108,mirror,regen,275.7565,263.991,96.009,-475.0,-50.0,False,dense_cartesian
109,mirror,motoring,261.4065,-83.6598,83.6598,-450.0,50.0,False,dense_cartesian
109,mirror,regen,261.4065,263.6598,96.3402,-450.0,-50.0,False,dense_cartesian
110,mirror,motoring,247.0661,-83.2902,83.2902,-425.0,50.0,False,dense_cartesian
110,mirror,regen,247.0661,263.2902,96.7098,-425.0,-50.0,False,dense_cartesian
111,mirror,motoring,232.7373,-82.875,82.875,-400.0,50.0,False,dense_cartesian
111,mirror,regen,232.7373,262.875,97.125,-400.0,-50.0,False,dense_cartesian
112,mirror,motoring,218.4224,-82.4054,82.4054,-375.0,50.0,False,dense_cartesian
112,mirror,regen,218.4224,262.4054,97.5946,-375.0,-50.0,False,dense_cartesian
113,mirror,motoring,204.1241,-81.8699,81.8699,-350.0,50.0,False,dense_cartesian
113,mirror,regen,204.1241,261.8699,98.1301,-350.0,-50.0,False,dense_cartesian
114,mirror,motoring,189.8464,-81.2538,81.2538,-325.0,50.0,False,dense_cartesian
114,mirror,regen,189.8464,261.2538,98.7462,-325.0,-50.0,False,dense_cartesian
115,mirror,motoring,175.5942,-80.5377,80.5377,-300.0,50.0,False,dense_cartesian
115,mirror,regen,175.5942,260.5377,99.4623,-300.0,-50.0,False,dense_cartesian
116,mirror,motoring,161.3743,-79.6952,79.6952,-275.0,50.0,False,dense_cartesian
116,mirror,regen,161.3743,259.6952,100.3048,-275.0,-50.0,False,dense_cartesian
117,mirror,motoring,147.196,-78.6901,78.6901,-250.0,50.0,False,dense_cartesian
117,mirror,regen,147.196,258.6901,101.3099,-250.0,-50.0,False,dense_cartesian
118,mirror,motoring,133.0727,-77.4712,77.4712,-225.0,50.0,False,dense_cartesian
118,mirror,regen,133.0727,257.4712,102.5288,-225.0,-50.0,False,dense_cartesian
119,mirror,motoring,119.0238,-75.9638,75.9638,-200.0,50.0,False,dense_cartesian
119,mirror,regen,119.0238,255.9638,104.0362,-200.0,-50.0,False,dense_cartesian
120,mirror,motoring,105.0793,-74.0546,74.0546,-175.0,50.0,False,dense_cartesian
120,mirror,regen,105.0793,254.0546,105.9454,-175.0,-50.0,False,dense_cartesian
121,mirror,motoring,91.2871,-71.5651,71.5651,-150.0,50.0,False,dense_cartesian
121,mirror,regen,91.2871,251.5651,108.4349,-150.0,-50.0,False,dense_cartesian
122,mirror,motoring,77.7282,-68.1986,68.1986,-125.0,50.0,False,dense_cartesian
122,mirror,regen,77.7282,248.1986,111.8014,-125.0,-50.0,False,dense_cartesian
123,mirror,motoring,64.5497,-63.4349,63.4349,-100.0,50.0,False,dense_cartesian
123,mirror,regen,64.5497,243.4349,116.5651,-100.0,-50.0,False,dense_cartesian
124,mirror,motoring,52.0416,-56.3099,56.3099,-75.0,50.0,False,dense_cartesian
124,mirror,regen,52.0416,236.3099,123.6901,-75.0,-50.0,False,dense_cartesian
125,mirror,motoring,40.8248,-45.0,45.0,-50.0,50.0,False,dense_cartesian
125,mirror,regen,40.8248,225.0,135.0,-50.0,-50.0,False,dense_cartesian
126,mirror,motoring,32.2749,-26.5651,26.5651,-25.0,50.0,False,dense_cartesian
126,mirror,regen,32.2749,206.5651,153.4349,-25.0,-50.0,False,dense_cartesian
127,mirror,motoring,28.8675,0.0,0.0,0.0,50.0,False,dense_cartesian
127,mirror,regen,28.8675,180.0,180.0,0.0,-50.0,False,dense_cartesian
128,mirror,motoring,32.2749,26.5651,-26.5651,25.0,50.0,False,dense_cartesian
128,mirror,regen,32.2749,153.4349,206.5651,25.0,-50.0,False,dense_cartesian
129,mirror,motoring,40.8248,45.0,-45.0,50.0,50.0,False,dense_cartesian
129,mirror,regen,40.8248,135.0,225.0,50.0,-50.0,False,dense_cartesian
130,mirror,motoring,52.0416,56.3099,-56.3099,75.0,50.0,False,dense_cartesian
130,mirror,regen,52.0416,123.6901,236.3099,75.0,-50.0,False,dense_cartesian
131,mirror,motoring,64.5497,63.4349,-63.4349,100.0,50.0,False,dense_cartesian
131,mirror,regen,64.5497,116.5651,243.4349,100.0,-50.0,False,dense_cartesian
132,mirror,motoring,77.7282,68.1986,-68.1986,125.0,50.0,False,dense_cartesian
132,mirror,regen,77.7282,111.8014,248.1986,125.0,-50.0,False,dense_cartesian
133,mirror,motoring,91.2871,71.5651,-71.5651,150.0,50.0,False,dense_cartesian
133,mirror,regen,91.2871,108.4349,251.5651,150.0,-50.0,False,dense_cartesian
134,mirror,motoring,105.0793,74.0546,-74.0546,175.0,50.0,False,dense_cartesian
134,mirror,regen,105.0793,105.9454,254.0546,175.0,-50.0,False,dense_cartesian
135,mirror,motoring,119.0238,75.9638,-75.9638,200.0,50.0,False,dense_cartesian
135,mirror,regen,119.0238,104.0362,255.9638,200.0,-50.0,False,dense_cartesian
136,mirror,motoring,133.0727,77.4712,-77.4712,225.0,50.0,False,dense_cartesian
136,mirror,regen,133.0727,102.5288,257.4712,225.0,-50.0,False,dense_cartesian
137,mirror,motoring,147.196,78.6901,-78.6901,250.0,50.0,False,dense_cartesian
137,mirror,regen,147.196,101.3099,258.6901,250.0,-50.0,False,dense_cartesian
138,mirror,motoring,161.3743,79.6952,-79.6952,275.0,50.0,False,dense_cartesian
138,mirror,regen,161.3743,100.3048,259.6952,275.0,-50.0,False,dense_cartesian
139,mirror,motoring,175.5942,80.5377,-80.5377,300.0,50.0,False,dense_cartesian
139,mirror,regen,175.5942,99.4623,260.5377,300.0,-50.0,False,dense_cartesian
140,mirror,motoring,189.8464,81.2538,-81.2538,325.0,50.0,False,dense_cartesian
140,mirror,regen,189.8464,98.7462,261.2538,325.0,-50.0,False,dense_cartesian
141,mirror,motoring,204.1241,81.8699,-81.8699,350.0,50.0,False,dense_cartesian
141,mirror,regen,204.1241,98.1301,261.8699,350.0,-50.0,False,dense_cartesian
142,mirror,motoring,218.4224,82.4054,-82.4054,375.0,50.0,False,dense_cartesian
142,mirror,regen,218.4224,97.5946,262.4054,375.0,-50.0,False,dense_cartesian
143,mirror,motoring,232.7373,82.875,-82.875,400.0,50.0,False,dense_cartesian
143,mirror,regen,232.7373,97.125,262.875,400.0,-50.0,False,dense_cartesian
144,mirror,motoring,247.0661,83.2902,-83.2902,425.0,50.0,False,dense_cartesian
144,mirror,regen,247.0661,96.7098,263.2902,425.0,-50.0,False,dense_cartesian
145,mirror,motoring,261.4065,83.6598,-83.6598,450.0,50.0,False,dense_cartesian
145,mirror,regen,261.4065,96.3402,263.6598,450.0,-50.0,False,dense_cartesian
146,mirror,motoring,275.7565,83.991,-83.991,475.0,50.0,False,dense_cartesian
146,mirror,regen,275.7565,96.009,263.991,475.0,-50.0,False,dense_cartesian
147,mirror,motoring,290.1149,84.2894,-84.2894,500.0,50.0,False,dense_cartesian
147,mirror,regen,290.1149,95.7106,264.2894,500.0,-50.0,False,dense_cartesian
148,mirror,motoring,304.4804,84.5597,-84.5597,525.0,50.0,False,dense_cartesian
148,mirror,regen,304.4804,95.4403,264.5597,525.0,-50.0,False,dense_cartesian
149,mirror,motoring,318.8521,84.8056,-84.8056,550.0,50.0,False,dense_cartesian
149,mirror,regen,318.8521,95.1944,264.8056,550.0,-50.0,False,dense_cartesian
150,mirror,motoring,333.2292,85.0303,-85.0303,575.0,50.0,False,dense_cartesian
150,mirror,regen,333.2292,94.9697,265.0303,575.0,-50.0,False,dense_cartesian
151,mirror,motoring,347.6109,85.2364,-85.2364,600.0,50.0,False,dense_cartesian
151,mirror,regen,347.6109,94.7636,265.2364,600.0,-50.0,False,dense_cartesian
152,mirror,motoring,361.9968,85.4261,-85.4261,625.0,50.0,False,dense_cartesian
152,mirror,regen,361.9968,94.5739,265.4261,625.0,-50.0,False,dense_cartesian
153,mirror,motoring,376.3863,85.6013,-85.6013,650.0,50.0,False,dense_cartesian
153,mirror,regen,376.3863,94.3987,265.6013,650.0,-50.0,False,dense_cartesian
154,mirror,motoring,390.7791,85.7636,-85.7636,675.0,50.0,False,dense_cartesian
154,mirror,regen,390.7791,94.2364,265.7636,675.0,-50.0,False,dense_cartesian
155,mirror,motoring,405.1749,85.9144,-85.9144,700.0,50.0,False,dense_cartesian
155,mirror,regen,405.1749,94.0856,265.9144,700.0,-50.0,False,dense_cartesian
156,mirror,motoring,419.5732,86.0548,-86.0548,725.0,50.0,False,dense_cartesian
156,mirror,regen,419.5732,93.9452,266.0548,725.0,-50.0,False,dense_cartesian
157,mirror,motoring,433.9739,86.1859,-86.1859,750.0,50.0,False,dense_cartesian
157,mirror,regen,433.9739,93.8141,266.1859,750.0,-50.0,False,dense_cartesian
158,mirror,motoring,448.3767,86.3086,-86.3086,775.0,50.0,False,dense_cartesian
158,mirror,regen,448.3767,93.6914,266.3086,775.0,-50.0,False,dense_cartesian
159,mirror,motoring,462.7814,86.4237,-86.4237,800.0,50.0,False,dense_cartesian
159,mirror,regen,462.7814,93.5763,266.4237,800.0,-50.0,False,dense_cartesian
160,mirror,motoring,477.1879,86.5318,-86.5318,825.0,50.0,False,dense_cartesian
160,mirror,regen,477.1879,93.4682,266.5318,825.0,-50.0,False,dense_cartesian
161,mirror,motoring,491.596,86.6335,-86.6335,850.0,50.0,False,dense_cartesian
161,mirror,regen,491.596,93.3665,266.6335,850.0,-50.0,False,dense_cartesian
162,mirror,motoring,506.0056,86.7295,-86.7295,875.0,50.0,False,dense_cartesian
162,mirror,regen,506.0056,93.2705,266.7295,875.0,-50.0,False,dense_cartesian
163,mirror,motoring,520.4165,86.8202,-86.8202,900.0,50.0,False,dense_cartesian
163,mirror,regen,520.4165,93.1798,266.8202,900.0,-50.0,False,dense_cartesian
164,mirror,motoring,534.8286,86.9059,-86.9059,925.0,50.0,False,dense_cartesian
164,mirror,regen,534.8286,93.0941,266.9059,925.0,-50.0,False,dense_cartesian
165,mirror,motoring,549.2419,86.9872,-86.9872,950.0,50.0,False,dense_cartesian
165,mirror,regen,549.2419,93.0128,266.9872,950.0,-50.0,False,dense_cartesian
166,mirror,motoring,563.6562,87.0643,-87.0643,975.0,50.0,False,dense_cartesian
166,mirror,regen,563.6562,92.9357,267.0643,975.0,-50.0,False,dense_cartesian
167,mirror,motoring,578.0715,87.1376,-87.1376,1000.0,50.0,False,dense_cartesian
167,mirror,regen,578.0715,92.8624,267.1376,1000.0,-50.0,False,dense_cartesian
168,mirror,motoring,592.4877,87.2073,-87.2073,1025.0,50.0,False,dense_cartesian
168,mirror,regen,592.4877,92.7927,267.2073,1025.0,-50.0,False,dense_cartesian
169,mirror,motoring,606.9047,87.2737,-87.2737,1050.0,50.0,False,dense_cartesian
169,mirror,regen,606.9047,92.7263,267.2737,1050.0,-50.0,False,dense_cartesian
170,mirror,motoring,607.7623,-85.9144,85.9144,-1050.0,75.0,False,dense_cartesian
170,mirror,regen,607.7623,265.9144,94.0856,-1050.0,-75.0,False,dense_cartesian
171,mirror,motoring,593.3661,-85.8151,85.8151,-1025.0,75.0,False,dense_cartesian
171,mirror,regen,593.3661,265.8151,94.1849,-1025.0,-75.0,False,dense_cartesian
172,mirror,motoring,578.9718,-85.7108,85.7108,-1000.0,75.0,False,dense_cartesian
172,mirror,regen,578.9718,265.7108,94.2892,-1000.0,-75.0,False,dense_cartesian
173,mirror,motoring,564.5795,-85.6013,85.6013,-975.0,75.0,False,dense_cartesian
173,mirror,regen,564.5795,265.6013,94.3987,-975.0,-75.0,False,dense_cartesian
174,mirror,motoring,550.1894,-85.486,85.486,-950.0,75.0,False,dense_cartesian
174,mirror,regen,550.1894,265.486,94.514,-950.0,-75.0,False,dense_cartesian
175,mirror,motoring,535.8016,-85.3645,85.3645,-925.0,75.0,False,dense_cartesian
175,mirror,regen,535.8016,265.3645,94.6355,-925.0,-75.0,False,dense_cartesian
176,mirror,motoring,521.4163,-85.2364,85.2364,-900.0,75.0,False,dense_cartesian
176,mirror,regen,521.4163,265.2364,94.7636,-900.0,-75.0,False,dense_cartesian
177,mirror,motoring,507.0339,-85.1009,85.1009,-875.0,75.0,False,dense_cartesian
177,mirror,regen,507.0339,265.1009,94.8991,-875.0,-75.0,False,dense_cartesian
178,mirror,motoring,492.6544,-84.9575,84.9575,-850.0,75.0,False,dense_cartesian
178,mirror,regen,492.6544,264.9575,95.0425,-850.0,-75.0,False,dense_cartesian
179,mirror,motoring,478.2782,-84.8056,84.8056,-825.0,75.0,False,dense_cartesian
179,mirror,regen,478.2782,264.8056,95.1944,-825.0,-75.0,False,dense_cartesian
180,mirror,motoring,463.9055,-84.6442,84.6442,-800.0,75.0,False,dense_cartesian
180,mirror,regen,463.9055,264.6442,95.3558,-800.0,-75.0,False,dense_cartesian
181,mirror,motoring,449.5368,-84.4725,84.4725,-775.0,75.0,False,dense_cartesian
181,mirror,regen,449.5368,264.4725,95.5275,-775.0,-75.0,False,dense_cartesian
182,mirror,motoring,435.1724,-84.2894,84.2894,-750.0,75.0,False,dense_cartesian
182,mirror,regen,435.1724,264.2894,95.7106,-750.0,-75.0,False,dense_cartesian
183,mirror,motoring,420.8127,-84.0939,84.0939,-725.0,75.0,False,dense_cartesian
183,mirror,regen,420.8127,264.0939,95.9061,-725.0,-75.0,False,dense_cartesian
184,mirror,motoring,406.4583,-83.8845,83.8845,-700.0,75.0,False,dense_cartesian
184,mirror,regen,406.4583,263.8845,96.1155,-700.0,-75.0,False,dense_cartesian
185,mirror,motoring,392.1097,-83.6598,83.6598,-675.0,75.0,False,dense_cartesian
185,mirror,regen,392.1097,263.6598,96.3402,-675.0,-75.0,False,dense_cartesian
186,mirror,motoring,377.7676,-83.4181,83.4181,-650.0,75.0,False,dense_cartesian
186,mirror,regen,377.7676,263.4181,96.5819,-650.0,-75.0,False,dense_cartesian
187,mirror,motoring,363.4327,-83.1572,83.1572,-625.0,75.0,False,dense_cartesian
187,mirror,regen,363.4327,263.1572,96.8428,-625.0,-75.0,False,dense_cartesian
188,mirror,motoring,349.106,-82.875,82.875,-600.0,75.0,False,dense_cartesian
188,mirror,regen,349.106,262.875,97.125,-600.0,-75.0,False,dense_cartesian
189,mirror,motoring,334.7885,-82.5686,82.5686,-575.0,75.0,False,dense_cartesian
189,mirror,regen,334.7885,262.5686,97.4314,-575.0,-75.0,False,dense_cartesian
190,mirror,motoring,320.4814,-82.2348,82.2348,-550.0,75.0,False,dense_cartesian
190,mirror,regen,320.4814,262.2348,97.7652,-550.0,-75.0,False,dense_cartesian
191,mirror,motoring,306.1862,-81.8699,81.8699,-525.0,75.0,False,dense_cartesian
191,mirror,regen,306.1862,261.8699,98.1301,-525.0,-75.0,False,dense_cartesian
192,mirror,motoring,291.9047,-81.4692,81.4692,-500.0,75.0,False,dense_cartesian
192,mirror,regen,291.9047,261.4692,98.5308,-500.0,-75.0,False,dense_cartesian
193,mirror,motoring,277.6389,-81.0274,81.0274,-475.0,75.0,False,dense_cartesian
193,mirror,regen,277.6389,261.0274,98.9726,-475.0,-75.0,False,dense_cartesian
194,mirror,motoring,263.3913,-80.5377,80.5377,-450.0,75.0,False,dense_cartesian
194,mirror,regen,263.3913,260.5377,99.4623,-450.0,-75.0,False,dense_cartesian
195,mirror,motoring,249.1653,-79.992,79.992,-425.0,75.0,False,dense_cartesian
195,mirror,regen,249.1653,259.992,100.008,-425.0,-75.0,False,dense_cartesian
196,mirror,motoring,234.9645,-79.3803,79.3803,-400.0,75.0,False,dense_cartesian
196,mirror,regen,234.9645,259.3803,100.6197,-400.0,-75.0,False,dense_cartesian
197,mirror,motoring,220.794,-78.6901,78.6901,-375.0,75.0,False,dense_cartesian
197,mirror,regen,220.794,258.6901,101.3099,-375.0,-75.0,False,dense_cartesian
198,mirror,motoring,206.6599,-77.9052,77.9052,-350.0,75.0,False,dense_cartesian
198,mirror,regen,206.6599,257.9052,102.0948,-350.0,-75.0,False,dense_cartesian
199,mirror,motoring,192.5703,-77.0054,77.0054,-325.0,75.0,False,dense_cartesian
199,mirror,regen,192.5703,257.0054,102.9946,-325.0,-75.0,False,dense_cartesian
200,mirror,motoring,178.5357,-75.9638,75.9638,-300.0,75.0,False,dense_cartesian
200,mirror,regen,178.5357,255.9638,104.0362,-300.0,-75.0,False,dense_cartesian
201,mirror,motoring,164.5701,-74.7449,74.7449,-275.0,75.0,False,dense_cartesian
201,mirror,regen,164.5701,254.7449,105.2551,-275.0,-75.0,False,dense_cartesian
202,mirror,motoring,150.6928,-73.3008,73.3008,-250.0,75.0,False,dense_cartesian
202,mirror,regen,150.6928,253.3008,106.6992,-250.0,-75.0,False,dense_cartesian
203,mirror,motoring,136.9306,-71.5651,71.5651,-225.0,75.0,False,dense_cartesian
203,mirror,regen,136.9306,251.5651,108.4349,-225.0,-75.0,False,dense_cartesian
204,mirror,motoring,123.3221,-69.444,69.444,-200.0,75.0,False,dense_cartesian
204,mirror,regen,123.3221,249.444,110.556,-200.0,-75.0,False,dense_cartesian
205,mirror,motoring,109.9242,-66.8014,66.8014,-175.0,75.0,False,dense_cartesian
205,mirror,regen,109.9242,246.8014,113.1986,-175.0,-75.0,False,dense_cartesian
206,mirror,motoring,96.8246,-63.4349,63.4349,-150.0,75.0,False,dense_cartesian
206,mirror,regen,96.8246,243.4349,116.5651,-150.0,-75.0,False,dense_cartesian
207,mirror,motoring,84.1625,-59.0362,59.0362,-125.0,75.0,False,dense_cartesian
207,mirror,regen,84.1625,239.0362,120.9638,-125.0,-75.0,False,dense_cartesian
208,mirror,motoring,72.1688,-53.1301,53.1301,-100.0,75.0,False,dense_cartesian
208,mirror,regen,72.1688,233.1301,126.8699,-100.0,-75.0,False,dense_cartesian
209,mirror,motoring,61.2372,-45.0,45.0,-75.0,75.0,False,dense_cartesian
209,mirror,regen,61.2372,225.0,135.0,-75.0,-75.0,False,dense_cartesian
210,mirror,motoring,52.0416,-33.6901,33.6901,-50.0,75.0,False,dense_cartesian
210,mirror,regen,52.0416,213.6901,146.3099,-50.0,-75.0,False,dense_cartesian
211,mirror,motoring,45.6435,-18.4349,18.4349,-25.0,75.0,False,dense_cartesian
211,mirror,regen,45.6435,198.4349,161.5651,-25.0,-75.0,False,dense_cartesian
212,mirror,motoring,43.3013,0.0,0.0,0.0,75.0,False,dense_cartesian
212,mirror,regen,43.3013,180.0,180.0,0.0,-75.0,False,dense_cartesian
213,mirror,motoring,45.6435,18.4349,-18.4349,25.0,75.0,False,dense_cartesian
213,mirror,regen,45.6435,161.5651,198.4349,25.0,-75.0,False,dense_cartesian
214,mirror,motoring,52.0416,33.6901,-33.6901,50.0,75.0,False,dense_cartesian
214,mirror,regen,52.0416,146.3099,213.6901,50.0,-75.0,False,dense_cartesian
215,mirror,motoring,61.2372,45.0,-45.0,75.0,75.0,False,dense_cartesian
215,mirror,regen,61.2372,135.0,225.0,75.0,-75.0,False,dense_cartesian
216,mirror,motoring,72.1688,53.1301,-53.1301,100.0,75.0,False,dense_cartesian
216,mirror,regen,72.1688,126.8699,233.1301,100.0,-75.0,False,dense_cartesian
217,mirror,motoring,84.1625,59.0362,-59.0362,125.0,75.0,False,dense_cartesian
217,mirror,regen,84.1625,120.9638,239.0362,125.0,-75.0,False,dense_cartesian
218,mirror,motoring,96.8246,63.4349,-63.4349,150.0,75.0,False,dense_cartesian
218,mirror,regen,96.8246,116.5651,243.4349,150.0,-75.0,False,dense_cartesian
219,mirror,motoring,109.9242,66.8014,-66.8014,175.0,75.0,False,dense_cartesian
219,mirror,regen,109.9242,113.1986,246.8014,175.0,-75.0,False,dense_cartesian
220,mirror,motoring,123.3221,69.444,-69.444,200.0,75.0,False,dense_cartesian
220,mirror,regen,123.3221,110.556,249.444,200.0,-75.0,False,dense_cartesian
221,mirror,motoring,136.9306,71.5651,-71.5651,225.0,75.0,False,dense_cartesian
221,mirror,regen,136.9306,108.4349,251.5651,225.0,-75.0,False,dense_cartesian
222,mirror,motoring,150.6928,73.3008,-73.3008,250.0,75.0,False,dense_cartesian
222,mirror,regen,150.6928,106.6992,253.3008,250.0,-75.0,False,dense_cartesian
223,mirror,motoring,164.5701,74.7449,-74.7449,275.0,75.0,False,dense_cartesian
223,mirror,regen,164.5701,105.2551,254.7449,275.0,-75.0,False,dense_cartesian
224,mirror,motoring,178.5357,75.9638,-75.9638,300.0,75.0,False,dense_cartesian
224,mirror,regen,178.5357,104.0362,255.9638,300.0,-75.0,False,dense_cartesian
225,mirror,motoring,192.5703,77.0054,-77.0054,325.0,75.0,False,dense_cartesian
225,mirror,regen,192.5703,102.9946,257.0054,325.0,-75.0,False,dense_cartesian
226,mirror,motoring,206.6599,77.9052,-77.9052,350.0,75.0,False,dense_cartesian
226,mirror,regen,206.6599,102.0948,257.9052,350.0,-75.0,False,dense_cartesian
227,mirror,motoring,220.794,78.6901,-78.6901,375.0,75.0,False,dense_cartesian
227,mirror,regen,220.794,101.3099,258.6901,375.0,-75.0,False,dense_cartesian
228,mirror,motoring,234.9645,79.3803,-79.3803,400.0,75.0,False,dense_cartesian
228,mirror,regen,234.9645,100.6197,259.3803,400.0,-75.0,False,dense_cartesian
229,mirror,motoring,249.1653,79.992,-79.992,425.0,75.0,False,dense_cartesian
229,mirror,regen,249.1653,100.008,259.992,425.0,-75.0,False,dense_cartesian
230,mirror,motoring,263.3913,80.5377,-80.5377,450.0,75.0,False,dense_cartesian
230,mirror,regen,263.3913,99.4623,260.5377,450.0,-75.0,False,dense_cartesian
231,mirror,motoring,277.6389,81.0274,-81.0274,475.0,75.0,False,dense_cartesian
231,mirror,regen,277.6389,98.9726,261.0274,475.0,-75.0,False,dense_cartesian
232,mirror,motoring,291.9047,81.4692,-81.4692,500.0,75.0,False,dense_cartesian
232,mirror,regen,291.9047,98.5308,261.4692,500.0,-75.0,False,dense_cartesian
233,mirror,motoring,306.1862,81.8699,-81.8699,525.0,75.0,False,dense_cartesian
233,mirror,regen,306.1862,98.1301,261.8699,525.0,-75.0,False,dense_cartesian
234,mirror,motoring,320.4814,82.2348,-82.2348,550.0,75.0,False,dense_cartesian
234,mirror,regen,320.4814,97.7652,262.2348,550.0,-75.0,False,dense_cartesian
235,mirror,motoring,334.7885,82.5686,-82.5686,575.0,75.0,False,dense_cartesian
235,mirror,regen,334.7885,97.4314,262.5686,575.0,-75.0,False,dense_cartesian
236,mirror,motoring,349.106,82.875,-82.875,600.0,75.0,False,dense_cartesian
236,mirror,regen,349.106,97.125,262.875,600.0,-75.0,False,dense_cartesian
237,mirror,motoring,363.4327,83.1572,-83.1572,625.0,75.0,False,dense_cartesian
237,mirror,regen,363.4327,96.8428,263.1572,625.0,-75.0,False,dense_cartesian
238,mirror,motoring,377.7676,83.4181,-83.4181,650.0,75.0,False,dense_cartesian
238,mirror,regen,377.7676,96.5819,263.4181,650.0,-75.0,False,dense_cartesian
239,mirror,motoring,392.1097,83.6598,-83.6598,675.0,75.0,False,dense_cartesian
239,mirror,regen,392.1097,96.3402,263.6598,675.0,-75.0,False,dense_cartesian
240,mirror,motoring,406.4583,83.8845,-83.8845,700.0,75.0,False,dense_cartesian
240,mirror,regen,406.4583,96.1155,263.8845,700.0,-75.0,False,dense_cartesian
241,mirror,motoring,420.8127,84.0939,-84.0939,725.0,75.0,False,dense_cartesian
241,mirror,regen,420.8127,95.9061,264.0939,725.0,-75.0,False,dense_cartesian
242,mirror,motoring,435.1724,84.2894,-84.2894,750.0,75.0,False,dense_cartesian
242,mirror,regen,435.1724,95.7106,264.2894,750.0,-75.0,False,dense_cartesian
243,mirror,motoring,449.5368,84.4725,-84.4725,775.0,75.0,False,dense_cartesian
243,mirror,regen,449.5368,95.5275,264.4725,775.0,-75.0,False,dense_cartesian
244,mirror,motoring,463.9055,84.6442,-84.6442,800.0,75.0,False,dense_cartesian
244,mirror,regen,463.9055,95.3558,264.6442,800.0,-75.0,False,dense_cartesian
245,mirror,motoring,478.2782,84.8056,-84.8056,825.0,75.0,False,dense_cartesian
245,mirror,regen,478.2782,95.1944,264.8056,825.0,-75.0,False,dense_cartesian
246,mirror,motoring,492.6544,84.9575,-84.9575,850.0,75.0,False,dense_cartesian
246,mirror,regen,492.6544,95.0425,264.9575,850.0,-75.0,False,dense_cartesian
247,mirror,motoring,507.0339,85.1009,-85.1009,875.0,75.0,False,dense_cartesian
247,mirror,regen,507.0339,94.8991,265.1009,875.0,-75.0,False,dense_cartesian
248,mirror,motoring,521.4163,85.2364,-85.2364,900.0,75.0,False,dense_cartesian
248,mirror,regen,521.4163,94.7636,265.2364,900.0,-75.0,False,dense_cartesian
249,mirror,motoring,535.8016,85.3645,-85.3645,925.0,75.0,False,dense_cartesian
249,mirror,regen,535.8016,94.6355,265.3645,925.0,-75.0,False,dense_cartesian
250,mirror,motoring,550.1894,85.486,-85.486,950.0,75.0,False,dense_cartesian
250,mirror,regen,550.1894,94.514,265.486,950.0,-75.0,False,dense_cartesian
251,mirror,motoring,564.5795,85.6013,-85.6013,975.0,75.0,False,dense_cartesian
251,mirror,regen,564.5795,94.3987,265.6013,975.0,-75.0,False,dense_cartesian
252,mirror,motoring,578.9718,85.7108,-85.7108,1000.0,75.0,False,dense_cartesian
252,mirror,regen,578.9718,94.2892,265.7108,1000.0,-75.0,False,dense_cartesian
253,mirror,motoring,593.3661,85.8151,-85.8151,1025.0,75.0,False,dense_cartesian
253,mirror,regen,593.3661,94.1849,265.8151,1025.0,-75.0,False,dense_cartesian
254,mirror,motoring,607.7623,85.9144,-85.9144,1050.0,75.0,False,dense_cartesian
254,mirror,regen,607.7623,94.0856,265.9144,1050.0,-75.0,False,dense_cartesian
255,mirror,motoring,608.9609,-84.5597,84.5597,-1050.0,100.0,False,dense_cartesian
255,mirror,regen,608.9609,264.5597,95.4403,-1050.0,-100.0,False,dense_cartesian
256,mirror,motoring,594.5937,-84.4278,84.4278,-1025.0,100.0,False,dense_cartesian
256,mirror,regen,594.5937,264.4278,95.5722,-1025.0,-100.0,False,dense_cartesian
257,mirror,motoring,580.2298,-84.2894,84.2894,-1000.0,100.0,False,dense_cartesian
257,mirror,regen,580.2298,264.2894,95.7106,-1000.0,-100.0,False,dense_cartesian
258,mirror,motoring,565.8695,-84.144,84.144,-975.0,100.0,False,dense_cartesian
258,mirror,regen,565.8695,264.144,95.856,-975.0,-100.0,False,dense_cartesian
259,mirror,motoring,551.5131,-83.991,83.991,-950.0,100.0,False,dense_cartesian
259,mirror,regen,551.5131,263.991,96.009,-950.0,-100.0,False,dense_cartesian
260,mirror,motoring,537.1607,-83.8298,83.8298,-925.0,100.0,False,dense_cartesian
260,mirror,regen,537.1607,263.8298,96.1702,-925.0,-100.0,False,dense_cartesian
261,mirror,motoring,522.8129,-83.6598,83.6598,-900.0,100.0,False,dense_cartesian
261,mirror,regen,522.8129,263.6598,96.3402,-900.0,-100.0,False,dense_cartesian
262,mirror,motoring,508.4699,-83.4802,83.4802,-875.0,100.0,False,dense_cartesian
262,mirror,regen,508.4699,263.4802,96.5198,-875.0,-100.0,False,dense_cartesian
263,mirror,motoring,494.1322,-83.2902,83.2902,-850.0,100.0,False,dense_cartesian
263,mirror,regen,494.1322,263.2902,96.7098,-850.0,-100.0,False,dense_cartesian
264,mirror,motoring,479.8003,-83.0888,83.0888,-825.0,100.0,False,dense_cartesian
264,mirror,regen,479.8003,263.0888,96.9112,-825.0,-100.0,False,dense_cartesian
265,mirror,motoring,465.4747,-82.875,82.875,-800.0,100.0,False,dense_cartesian
265,mirror,regen,465.4747,262.875,97.125,-800.0,-100.0,False,dense_cartesian
266,mirror,motoring,451.1559,-82.6476,82.6476,-775.0,100.0,False,dense_cartesian
266,mirror,regen,451.1559,262.6476,97.3524,-775.0,-100.0,False,dense_cartesian
267,mirror,motoring,436.8447,-82.4054,82.4054,-750.0,100.0,False,dense_cartesian
267,mirror,regen,436.8447,262.4054,97.5946,-750.0,-100.0,False,dense_cartesian
268,mirror,motoring,422.5419,-82.1467,82.1467,-725.0,100.0,False,dense_cartesian
268,mirror,regen,422.5419,262.1467,97.8533,-725.0,-100.0,False,dense_cartesian
269,mirror,motoring,408.2483,-81.8699,81.8699,-700.0,100.0,False,dense_cartesian
269,mirror,regen,408.2483,261.8699,98.1301,-700.0,-100.0,False,dense_cartesian
270,mirror,motoring,393.9649,-81.573,81.573,-675.0,100.0,False,dense_cartesian
270,mirror,regen,393.9649,261.573,98.427,-675.0,-100.0,False,dense_cartesian
271,mirror,motoring,379.6929,-81.2538,81.2538,-650.0,100.0,False,dense_cartesian
271,mirror,regen,379.6929,261.2538,98.7462,-650.0,-100.0,False,dense_cartesian
272,mirror,motoring,365.4335,-80.9097,80.9097,-625.0,100.0,False,dense_cartesian
272,mirror,regen,365.4335,260.9097,99.0903,-625.0,-100.0,False,dense_cartesian
273,mirror,motoring,351.1885,-80.5377,80.5377,-600.0,100.0,False,dense_cartesian
273,mirror,regen,351.1885,260.5377,99.4623,-600.0,-100.0,False,dense_cartesian
274,mirror,motoring,336.9594,-80.1342,80.1342,-575.0,100.0,False,dense_cartesian
274,mirror,regen,336.9594,260.1342,99.8658,-575.0,-100.0,False,dense_cartesian
275,mirror,motoring,322.7486,-79.6952,79.6952,-550.0,100.0,False,dense_cartesian
275,mirror,regen,322.7486,259.6952,100.3048,-550.0,-100.0,False,dense_cartesian
276,mirror,motoring,308.5585,-79.2157,79.2157,-525.0,100.0,False,dense_cartesian
276,mirror,regen,308.5585,259.2157,100.7843,-525.0,-100.0,False,dense_cartesian
277,mirror,motoring,294.392,-78.6901,78.6901,-500.0,100.0,False,dense_cartesian
277,mirror,regen,294.392,258.6901,101.3099,-500.0,-100.0,False,dense_cartesian
278,mirror,motoring,280.2529,-78.1113,78.1113,-475.0,100.0,False,dense_cartesian
278,mirror,regen,280.2529,258.1113,101.8887,-475.0,-100.0,False,dense_cartesian
279,mirror,motoring,266.1453,-77.4712,77.4712,-450.0,100.0,False,dense_cartesian
279,mirror,regen,266.1453,257.4712,102.5288,-450.0,-100.0,False,dense_cartesian
280,mirror,motoring,252.0747,-76.7595,76.7595,-425.0,100.0,False,dense_cartesian
280,mirror,regen,252.0747,256.7595,103.2405,-425.0,-100.0,False,dense_cartesian
281,mirror,motoring,238.0476,-75.9638,75.9638,-400.0,100.0,False,dense_cartesian
281,mirror,regen,238.0476,255.9638,104.0362,-400.0,-100.0,False,dense_cartesian
282,mirror,motoring,224.0722,-75.0686,75.0686,-375.0,100.0,False,dense_cartesian
282,mirror,regen,224.0722,255.0686,104.9314,-375.0,-100.0,False,dense_cartesian
283,mirror,motoring,210.1587,-74.0546,74.0546,-350.0,100.0,False,dense_cartesian
283,mirror,regen,210.1587,254.0546,105.9454,-350.0,-100.0,False,dense_cartesian
284,mirror,motoring,196.3203,-72.8973,72.8973,-325.0,100.0,False,dense_cartesian
284,mirror,regen,196.3203,252.8973,107.1027,-325.0,-100.0,False,dense_cartesian
285,mirror,motoring,182.5742,-71.5651,71.5651,-300.0,100.0,False,dense_cartesian
285,mirror,regen,182.5742,251.5651,108.4349,-300.0,-100.0,False,dense_cartesian
286,mirror,motoring,168.9428,-70.0169,70.0169,-275.0,100.0,False,dense_cartesian
286,mirror,regen,168.9428,250.0169,109.9831,-275.0,-100.0,False,dense_cartesian
287,mirror,motoring,155.4563,-68.1986,68.1986,-250.0,100.0,False,dense_cartesian
287,mirror,regen,155.4563,248.1986,111.8014,-250.0,-100.0,False,dense_cartesian
288,mirror,motoring,142.156,-66.0375,66.0375,-225.0,100.0,False,dense_cartesian
288,mirror,regen,142.156,246.0375,113.9625,-225.0,-100.0,False,dense_cartesian
289,mirror,motoring,129.0994,-63.4349,63.4349,-200.0,100.0,False,dense_cartesian
289,mirror,regen,129.0994,243.4349,116.5651,-200.0,-100.0,False,dense_cartesian
290,mirror,motoring,116.3687,-60.2551,60.2551,-175.0,100.0,False,dense_cartesian
290,mirror,regen,116.3687,240.2551,119.7449,-175.0,-100.0,False,dense_cartesian
291,mirror,motoring,104.0833,-56.3099,56.3099,-150.0,100.0,False,dense_cartesian
291,mirror,regen,104.0833,236.3099,123.6901,-150.0,-100.0,False,dense_cartesian
292,mirror,motoring,92.4211,-51.3402,51.3402,-125.0,100.0,False,dense_cartesian
292,mirror,regen,92.4211,231.3402,128.6598,-125.0,-100.0,False,dense_cartesian
293,mirror,motoring,81.6497,-45.0,45.0,-100.0,100.0,False,dense_cartesian
293,mirror,regen,81.6497,225.0,135.0,-100.0,-100.0,False,dense_cartesian
294,mirror,motoring,72.1688,-36.8699,36.8699,-75.0,100.0,False,dense_cartesian
294,mirror,regen,72.1688,216.8699,143.1301,-75.0,-100.0,False,dense_cartesian
295,mirror,motoring,64.5497,-26.5651,26.5651,-50.0,100.0,False,dense_cartesian
295,mirror,regen,64.5497,206.5651,153.4349,-50.0,-100.0,False,dense_cartesian
296,mirror,motoring,59.5119,-14.0362,14.0362,-25.0,100.0,False,dense_cartesian
296,mirror,regen,59.5119,194.0362,165.9638,-25.0,-100.0,False,dense_cartesian
297,mirror,motoring,57.735,0.0,0.0,0.0,100.0,False,dense_cartesian
297,mirror,regen,57.735,180.0,180.0,0.0,-100.0,False,dense_cartesian
298,mirror,motoring,59.5119,14.0362,-14.0362,25.0,100.0,False,dense_cartesian
298,mirror,regen,59.5119,165.9638,194.0362,25.0,-100.0,False,dense_cartesian
299,mirror,motoring,64.5497,26.5651,-26.5651,50.0,100.0,False,dense_cartesian
299,mirror,regen,64.5497,153.4349,206.5651,50.0,-100.0,False,dense_cartesian
300,mirror,motoring,72.1688,36.8699,-36.8699,75.0,100.0,False,dense_cartesian
300,mirror,regen,72.1688,143.1301,216.8699,75.0,-100.0,False,dense_cartesian
301,mirror,motoring,81.6497,45.0,-45.0,100.0,100.0,False,dense_cartesian
301,mirror,regen,81.6497,135.0,225.0,100.0,-100.0,False,dense_cartesian
302,mirror,motoring,92.4211,51.3402,-51.3402,125.0,100.0,False,dense_cartesian
302,mirror,regen,92.4211,128.6598,231.3402,125.0,-100.0,False,dense_cartesian
303,mirror,motoring,104.0833,56.3099,-56.3099,150.0,100.0,False,dense_cartesian
303,mirror,regen,104.0833,123.6901,236.3099,150.0,-100.0,False,dense_cartesian
304,mirror,motoring,116.3687,60.2551,-60.2551,175.0,100.0,False,dense_cartesian
304,mirror,regen,116.3687,119.7449,240.2551,175.0,-100.0,False,dense_cartesian
305,mirror,motoring,129.0994,63.4349,-63.4349,200.0,100.0,False,dense_cartesian
305,mirror,regen,129.0994,116.5651,243.4349,200.0,-100.0,False,dense_cartesian
306,mirror,motoring,142.156,66.0375,-66.0375,225.0,100.0,False,dense_cartesian
306,mirror,regen,142.156,113.9625,246.0375,225.0,-100.0,False,dense_cartesian
307,mirror,motoring,155.4563,68.1986,-68.1986,250.0,100.0,False,dense_cartesian
307,mirror,regen,155.4563,111.8014,248.1986,250.0,-100.0,False,dense_cartesian
308,mirror,motoring,168.9428,70.0169,-70.0169,275.0,100.0,False,dense_cartesian
308,mirror,regen,168.9428,109.9831,250.0169,275.0,-100.0,False,dense_cartesian
309,mirror,motoring,182.5742,71.5651,-71.5651,300.0,100.0,False,dense_cartesian
309,mirror,regen,182.5742,108.4349,251.5651,300.0,-100.0,False,dense_cartesian
310,mirror,motoring,196.3203,72.8973,-72.8973,325.0,100.0,False,dense_cartesian
310,mirror,regen,196.3203,107.1027,252.8973,325.0,-100.0,False,dense_cartesian
311,mirror,motoring,210.1587,74.0546,-74.0546,350.0,100.0,False,dense_cartesian
311,mirror,regen,210.1587,105.9454,254.0546,350.0,-100.0,False,dense_cartesian
312,mirror,motoring,224.0722,75.0686,-75.0686,375.0,100.0,False,dense_cartesian
312,mirror,regen,224.0722,104.9314,255.0686,375.0,-100.0,False,dense_cartesian
313,mirror,motoring,238.0476,75.9638,-75.9638,400.0,100.0,False,dense_cartesian
313,mirror,regen,238.0476,104.0362,255.9638,400.0,-100.0,False,dense_cartesian
314,mirror,motoring,252.0747,76.7595,-76.7595,425.0,100.0,False,dense_cartesian
314,mirror,regen,252.0747,103.2405,256.7595,425.0,-100.0,False,dense_cartesian
315,mirror,motoring,266.1453,77.4712,-77.4712,450.0,100.0,False,dense_cartesian
315,mirror,regen,266.1453,102.5288,257.4712,450.0,-100.0,False,dense_cartesian
316,mirror,motoring,280.2529,78.1113,-78.1113,475.0,100.0,False,dense_cartesian
316,mirror,regen,280.2529,101.8887,258.1113,475.0,-100.0,False,dense_cartesian
317,mirror,motoring,294.392,78.6901,-78.6901,500.0,100.0,False,dense_cartesian
317,mirror,regen,294.392,101.3099,258.6901,500.0,-100.0,False,dense_cartesian
318,mirror,motoring,308.5585,79.2157,-79.2157,525.0,100.0,False,dense_cartesian
318,mirror,regen,308.5585,100.7843,259.2157,525.0,-100.0,False,dense_cartesian
319,mirror,motoring,322.7486,79.6952,-79.6952,550.0,100.0,False,dense_cartesian
319,mirror,regen,322.7486,100.3048,259.6952,550.0,-100.0,False,dense_cartesian
320,mirror,motoring,336.9594,80.1342,-80.1342,575.0,100.0,False,dense_cartesian
320,mirror,regen,336.9594,99.8658,260.1342,575.0,-100.0,False,dense_cartesian
321,mirror,motoring,351.1885,80.5377,-80.5377,600.0,100.0,False,dense_cartesian
321,mirror,regen,351.1885,99.4623,260.5377,600.0,-100.0,False,dense_cartesian
322,mirror,motoring,365.4335,80.9097,-80.9097,625.0,100.0,False,dense_cartesian
322,mirror,regen,365.4335,99.0903,260.9097,625.0,-100.0,False,dense_cartesian
323,mirror,motoring,379.6929,81.2538,-81.2538,650.0,100.0,False,dense_cartesian
323,mirror,regen,379.6929,98.7462,261.2538,650.0,-100.0,False,dense_cartesian
324,mirror,motoring,393.9649,81.573,-81.573,675.0,100.0,False,dense_cartesian
324,mirror,regen,393.9649,98.427,261.573,675.0,-100.0,False,dense_cartesian
325,mirror,motoring,408.2483,81.8699,-81.8699,700.0,100.0,False,dense_cartesian
325,mirror,regen,408.2483,98.1301,261.8699,700.0,-100.0,False,dense_cartesian
326,mirror,motoring,422.5419,82.1467,-82.1467,725.0,100.0,False,dense_cartesian
326,mirror,regen,422.5419,97.8533,262.1467,725.0,-100.0,False,dense_cartesian
327,mirror,motoring,436.8447,82.4054,-82.4054,750.0,100.0,False,dense_cartesian
327,mirror,regen,436.8447,97.5946,262.4054,750.0,-100.0,False,dense_cartesian
328,mirror,motoring,451.1559,82.6476,-82.6476,775.0,100.0,False,dense_cartesian
328,mirror,regen,451.1559,97.3524,262.6476,775.0,-100.0,False,dense_cartesian
329,mirror,motoring,465.4747,82.875,-82.875,800.0,100.0,False,dense_cartesian
329,mirror,regen,465.4747,97.125,262.875,800.0,-100.0,False,dense_cartesian
330,mirror,motoring,479.8003,83.0888,-83.0888,825.0,100.0,False,dense_cartesian
330,mirror,regen,479.8003,96.9112,263.0888,825.0,-100.0,False,dense_cartesian
331,mirror,motoring,494.1322,83.2902,-83.2902,850.0,100.0,False,dense_cartesian
331,mirror,regen,494.1322,96.7098,263.2902,850.0,-100.0,False,dense_cartesian
332,mirror,motoring,508.4699,83.4802,-83.4802,875.0,100.0,False,dense_cartesian
332,mirror,regen,508.4699,96.5198,263.4802,875.0,-100.0,False,dense_cartesian
333,mirror,motoring,522.8129,83.6598,-83.6598,900.0,100.0,False,dense_cartesian
333,mirror,regen,522.8129,96.3402,263.6598,900.0,-100.0,False,dense_cartesian
334,mirror,motoring,537.1607,83.8298,-83.8298,925.0,100.0,False,dense_cartesian
334,mirror,regen,537.1607,96.1702,263.8298,925.0,-100.0,False,dense_cartesian
335,mirror,motoring,551.5131,83.991,-83.991,950.0,100.0,False,dense_cartesian
335,mirror,regen,551.5131,96.009,263.991,950.0,-100.0,False,dense_cartesian
336,mirror,motoring,565.8695,84.144,-84.144,975.0,100.0,False,dense_cartesian
336,mirror,regen,565.8695,95.856,264.144,975.0,-100.0,False,dense_cartesian
337,mirror,motoring,580.2298,84.2894,-84.2894,1000.0,100.0,False,dense_cartesian
337,mirror,regen,580.2298,95.7106,264.2894,1000.0,-100.0,False,dense_cartesian
338,mirror,motoring,594.5937,84.4278,-84.4278,1025.0,100.0,False,dense_cartesian
338,mirror,regen,594.5937,95.5722,264.4278,1025.0,-100.0,False,dense_cartesian
339,mirror,motoring,608.9609,84.5597,-84.5597,1050.0,100.0,False,dense_cartesian
339,mirror,regen,608.9609,95.4403,264.5597,1050.0,-100.0,False,dense_cartesian
340,mirror,motoring,610.4984,-83.211,83.211,-1050.0,125.0,False,dense_cartesian
340,mirror,regen,610.4984,263.211,96.789,-1050.0,-125.0,False,dense_cartesian
341,mirror,motoring,596.1683,-83.047,83.047,-1025.0,125.0,False,dense_cartesian
341,mirror,regen,596.1683,263.047,96.953,-1025.0,-125.0,False,dense_cartesian
342,mirror,motoring,581.8433,-82.875,82.875,-1000.0,125.0,False,dense_cartesian
342,mirror,regen,581.8433,262.875,97.125,-1000.0,-125.0,False,dense_cartesian
343,mirror,motoring,567.5239,-82.6942,82.6942,-975.0,125.0,False,dense_cartesian
343,mirror,regen,567.5239,262.6942,97.3058,-975.0,-125.0,False,dense_cartesian
344,mirror,motoring,553.2103,-82.5041,82.5041,-950.0,125.0,False,dense_cartesian
344,mirror,regen,553.2103,262.5041,97.4959,-950.0,-125.0,False,dense_cartesian
345,mirror,motoring,538.9032,-82.3039,82.3039,-925.0,125.0,False,dense_cartesian
345,mirror,regen,538.9032,262.3039,97.6961,-925.0,-125.0,False,dense_cartesian
346,mirror,motoring,524.603,-82.0928,82.0928,-900.0,125.0,False,dense_cartesian
346,mirror,regen,524.603,262.0928,97.9072,-900.0,-125.0,False,dense_cartesian
347,mirror,motoring,510.3104,-81.8699,81.8699,-875.0,125.0,False,dense_cartesian
347,mirror,regen,510.3104,261.8699,98.1301,-875.0,-125.0,False,dense_cartesian
348,mirror,motoring,496.0259,-81.6341,81.6341,-850.0,125.0,False,dense_cartesian
348,mirror,regen,496.0259,261.6341,98.3659,-850.0,-125.0,False,dense_cartesian
349,mirror,motoring,481.7503,-81.3844,81.3844,-825.0,125.0,False,dense_cartesian
349,mirror,regen,481.7503,261.3844,98.6156,-825.0,-125.0,False,dense_cartesian
350,mirror,motoring,467.4844,-81.1193,81.1193,-800.0,125.0,False,dense_cartesian
350,mirror,regen,467.4844,261.1193,98.8807,-800.0,-125.0,False,dense_cartesian
351,mirror,motoring,453.2292,-80.8377,80.8377,-775.0,125.0,False,dense_cartesian
351,mirror,regen,453.2292,260.8377,99.1623,-775.0,-125.0,False,dense_cartesian
352,mirror,motoring,438.9856,-80.5377,80.5377,-750.0,125.0,False,dense_cartesian
352,mirror,regen,438.9856,260.5377,99.4623,-750.0,-125.0,False,dense_cartesian
353,mirror,motoring,424.7548,-80.2176,80.2176,-725.0,125.0,False,dense_cartesian
353,mirror,regen,424.7548,260.2176,99.7824,-725.0,-125.0,False,dense_cartesian
354,mirror,motoring,410.5383,-79.8753,79.8753,-700.0,125.0,False,dense_cartesian
354,mirror,regen,410.5383,259.8753,100.1247,-700.0,-125.0,False,dense_cartesian
355,mirror,motoring,396.3374,-79.5085,79.5085,-675.0,125.0,False,dense_cartesian
355,mirror,regen,396.3374,259.5085,100.4915,-675.0,-125.0,False,dense_cartesian
356,mirror,motoring,382.154,-79.1145,79.1145,-650.0,125.0,False,dense_cartesian
356,mirror,regen,382.154,259.1145,100.8855,-650.0,-125.0,False,dense_cartesian
357,mirror,motoring,367.99,-78.6901,78.6901,-625.0,125.0,False,dense_cartesian
357,mirror,regen,367.99,258.6901,101.3099,-625.0,-125.0,False,dense_cartesian
358,mirror,motoring,353.8479,-78.2317,78.2317,-600.0,125.0,False,dense_cartesian
358,mirror,regen,353.8479,258.2317,101.7683,-600.0,-125.0,False,dense_cartesian
359,mirror,motoring,339.7303,-77.7352,77.7352,-575.0,125.0,False,dense_cartesian
359,mirror,regen,339.7303,257.7352,102.2648,-575.0,-125.0,False,dense_cartesian
360,mirror,motoring,325.6404,-77.1957,77.1957,-550.0,125.0,False,dense_cartesian
360,mirror,regen,325.6404,257.1957,102.8043,-550.0,-125.0,False,dense_cartesian
361,mirror,motoring,311.582,-76.6075,76.6075,-525.0,125.0,False,dense_cartesian
361,mirror,regen,311.582,256.6075,103.3925,-525.0,-125.0,False,dense_cartesian
362,mirror,motoring,297.5595,-75.9638,75.9638,-500.0,125.0,False,dense_cartesian
362,mirror,regen,297.5595,255.9638,104.0362,-500.0,-125.0,False,dense_cartesian
363,mirror,motoring,283.5783,-75.2564,75.2564,-475.0,125.0,False,dense_cartesian
363,mirror,regen,283.5783,255.2564,104.7436,-475.0,-125.0,False,dense_cartesian
364,mirror,motoring,269.6448,-74.4759,74.4759,-450.0,125.0,False,dense_cartesian
364,mirror,regen,269.6448,254.4759,105.5241,-450.0,-125.0,False,dense_cartesian
365,mirror,motoring,255.7668,-73.6105,73.6105,-425.0,125.0,False,dense_cartesian
365,mirror,regen,255.7668,253.6105,106.3895,-425.0,-125.0,False,dense_cartesian
366,mirror,motoring,241.9539,-72.646,72.646,-400.0,125.0,False,dense_cartesian
366,mirror,regen,241.9539,252.646,107.354,-400.0,-125.0,False,dense_cartesian
367,mirror,motoring,228.2177,-71.5651,71.5651,-375.0,125.0,False,dense_cartesian
367,mirror,regen,228.2177,251.5651,108.4349,-375.0,-125.0,False,dense_cartesian
368,mirror,motoring,214.5732,-70.3462,70.3462,-350.0,125.0,False,dense_cartesian
368,mirror,regen,214.5732,250.3462,109.6538,-350.0,-125.0,False,dense_cartesian
369,mirror,motoring,201.039,-68.9625,68.9625,-325.0,125.0,False,dense_cartesian
369,mirror,regen,201.039,248.9625,111.0375,-325.0,-125.0,False,dense_cartesian
370,mirror,motoring,187.6388,-67.3801,67.3801,-300.0,125.0,False,dense_cartesian
370,mirror,regen,187.6388,247.3801,112.6199,-300.0,-125.0,False,dense_cartesian
371,mirror,motoring,174.4037,-65.556,65.556,-275.0,125.0,False,dense_cartesian
371,mirror,regen,174.4037,245.556,114.444,-275.0,-125.0,False,dense_cartesian
372,mirror,motoring,161.3743,-63.4349,63.4349,-250.0,125.0,False,dense_cartesian
372,mirror,regen,161.3743,243.4349,116.5651,-250.0,-125.0,False,dense_cartesian
373,mirror,motoring,148.6046,-60.9454,60.9454,-225.0,125.0,False,dense_cartesian
373,mirror,regen,148.6046,240.9454,119.0546,-225.0,-125.0,False,dense_cartesian
374,mirror,motoring,136.1678,-57.9946,57.9946,-200.0,125.0,False,dense_cartesian
374,mirror,regen,136.1678,237.9946,122.0054,-200.0,-125.0,False,dense_cartesian
375,mirror,motoring,124.1639,-54.4623,54.4623,-175.0,125.0,False,dense_cartesian
375,mirror,regen,124.1639,234.4623,125.5377,-175.0,-125.0,False,dense_cartesian
376,mirror,motoring,112.7312,-50.1944,50.1944,-150.0,125.0,False,dense_cartesian
376,mirror,regen,112.7312,230.1944,129.8056,-150.0,-125.0,False,dense_cartesian
377,mirror,motoring,102.0621,-45.0,45.0,-125.0,125.0,False,dense_cartesian
377,mirror,regen,102.0621,225.0,135.0,-125.0,-125.0,False,dense_cartesian
378,mirror,motoring,92.4211,-38.6598,38.6598,-100.0,125.0,False,dense_cartesian
378,mirror,regen,92.4211,218.6598,141.3402,-100.0,-125.0,False,dense_cartesian
379,mirror,motoring,84.1625,-30.9638,30.9638,-75.0,125.0,False,dense_cartesian
379,mirror,regen,84.1625,210.9638,149.0362,-75.0,-125.0,False,dense_cartesian
380,mirror,motoring,77.7282,-21.8014,21.8014,-50.0,125.0,False,dense_cartesian
380,mirror,regen,77.7282,201.8014,158.1986,-50.0,-125.0,False,dense_cartesian
381,mirror,motoring,73.598,-11.3099,11.3099,-25.0,125.0,False,dense_cartesian
381,mirror,regen,73.598,191.3099,168.6901,-25.0,-125.0,False,dense_cartesian
382,mirror,motoring,72.1688,0.0,0.0,0.0,125.0,False,dense_cartesian
382,mirror,regen,72.1688,180.0,180.0,0.0,-125.0,False,dense_cartesian
383,mirror,motoring,73.598,11.3099,-11.3099,25.0,125.0,False,dense_cartesian
383,mirror,regen,73.598,168.6901,191.3099,25.0,-125.0,False,dense_cartesian
384,mirror,motoring,77.7282,21.8014,-21.8014,50.0,125.0,False,dense_cartesian
384,mirror,regen,77.7282,158.1986,201.8014,50.0,-125.0,False,dense_cartesian
385,mirror,motoring,84.1625,30.9638,-30.9638,75.0,125.0,False,dense_cartesian
385,mirror,regen,84.1625,149.0362,210.9638,75.0,-125.0,False,dense_cartesian
386,mirror,motoring,92.4211,38.6598,-38.6598,100.0,125.0,False,dense_cartesian
386,mirror,regen,92.4211,141.3402,218.6598,100.0,-125.0,False,dense_cartesian
387,mirror,motoring,102.0621,45.0,-45.0,125.0,125.0,False,dense_cartesian
387,mirror,regen,102.0621,135.0,225.0,125.0,-125.0,False,dense_cartesian
388,mirror,motoring,112.7312,50.1944,-50.1944,150.0,125.0,False,dense_cartesian
388,mirror,regen,112.7312,129.8056,230.1944,150.0,-125.0,False,dense_cartesian
389,mirror,motoring,124.1639,54.4623,-54.4623,175.0,125.0,False,dense_cartesian
389,mirror,regen,124.1639,125.5377,234.4623,175.0,-125.0,False,dense_cartesian
390,mirror,motoring,136.1678,57.9946,-57.9946,200.0,125.0,False,dense_cartesian
390,mirror,regen,136.1678,122.0054,237.9946,200.0,-125.0,False,dense_cartesian
391,mirror,motoring,148.6046,60.9454,-60.9454,225.0,125.0,False,dense_cartesian
391,mirror,regen,148.6046,119.0546,240.9454,225.0,-125.0,False,dense_cartesian
392,mirror,motoring,161.3743,63.4349,-63.4349,250.0,125.0,False,dense_cartesian
392,mirror,regen,161.3743,116.5651,243.4349,250.0,-125.0,False,dense_cartesian
393,mirror,motoring,174.4037,65.556,-65.556,275.0,125.0,False,dense_cartesian
393,mirror,regen,174.4037,114.444,245.556,275.0,-125.0,False,dense_cartesian
394,mirror,motoring,187.6388,67.3801,-67.3801,300.0,125.0,False,dense_cartesian
394,mirror,regen,187.6388,112.6199,247.3801,300.0,-125.0,False,dense_cartesian
395,mirror,motoring,201.039,68.9625,-68.9625,325.0,125.0,False,dense_cartesian
395,mirror,regen,201.039,111.0375,248.9625,325.0,-125.0,False,dense_cartesian
396,mirror,motoring,214.5732,70.3462,-70.3462,350.0,125.0,False,dense_cartesian
396,mirror,regen,214.5732,109.6538,250.3462,350.0,-125.0,False,dense_cartesian
397,mirror,motoring,228.2177,71.5651,-71.5651,375.0,125.0,False,dense_cartesian
397,mirror,regen,228.2177,108.4349,251.5651,375.0,-125.0,False,dense_cartesian
398,mirror,motoring,241.9539,72.646,-72.646,400.0,125.0,False,dense_cartesian
398,mirror,regen,241.9539,107.354,252.646,400.0,-125.0,False,dense_cartesian
399,mirror,motoring,255.7668,73.6105,-73.6105,425.0,125.0,False,dense_cartesian
399,mirror,regen,255.7668,106.3895,253.6105,425.0,-125.0,False,dense_cartesian
400,mirror,motoring,269.6448,74.4759,-74.4759,450.0,125.0,False,dense_cartesian
400,mirror,regen,269.6448,105.5241,254.4759,450.0,-125.0,False,dense_cartesian
401,mirror,motoring,283.5783,75.2564,-75.2564,475.0,125.0,False,dense_cartesian
401,mirror,regen,283.5783,104.7436,255.2564,475.0,-125.0,False,dense_cartesian
402,mirror,motoring,297.5595,75.9638,-75.9638,500.0,125.0,False,dense_cartesian
402,mirror,regen,297.5595,104.0362,255.9638,500.0,-125.0,False,dense_cartesian
403,mirror,motoring,311.582,76.6075,-76.6075,525.0,125.0,False,dense_cartesian
403,mirror,regen,311.582,103.3925,256.6075,525.0,-125.0,False,dense_cartesian
404,mirror,motoring,325.6404,77.1957,-77.1957,550.0,125.0,False,dense_cartesian
404,mirror,regen,325.6404,102.8043,257.1957,550.0,-125.0,False,dense_cartesian
405,mirror,motoring,339.7303,77.7352,-77.7352,575.0,125.0,False,dense_cartesian
405,mirror,regen,339.7303,102.2648,257.7352,575.0,-125.0,False,dense_cartesian
406,mirror,motoring,353.8479,78.2317,-78.2317,600.0,125.0,False,dense_cartesian
406,mirror,regen,353.8479,101.7683,258.2317,600.0,-125.0,False,dense_cartesian
407,mirror,motoring,367.99,78.6901,-78.6901,625.0,125.0,False,dense_cartesian
407,mirror,regen,367.99,101.3099,258.6901,625.0,-125.0,False,dense_cartesian
408,mirror,motoring,382.154,79.1145,-79.1145,650.0,125.0,False,dense_cartesian
408,mirror,regen,382.154,100.8855,259.1145,650.0,-125.0,False,dense_cartesian
409,mirror,motoring,396.3374,79.5085,-79.5085,675.0,125.0,False,dense_cartesian
409,mirror,regen,396.3374,100.4915,259.5085,675.0,-125.0,False,dense_cartesian
410,mirror,motoring,410.5383,79.8753,-79.8753,700.0,125.0,False,dense_cartesian
410,mirror,regen,410.5383,100.1247,259.8753,700.0,-125.0,False,dense_cartesian
411,mirror,motoring,424.7548,80.2176,-80.2176,725.0,125.0,False,dense_cartesian
411,mirror,regen,424.7548,99.7824,260.2176,725.0,-125.0,False,dense_cartesian
412,mirror,motoring,438.9856,80.5377,-80.5377,750.0,125.0,False,dense_cartesian
412,mirror,regen,438.9856,99.4623,260.5377,750.0,-125.0,False,dense_cartesian
413,mirror,motoring,453.2292,80.8377,-80.8377,775.0,125.0,False,dense_cartesian
413,mirror,regen,453.2292,99.1623,260.8377,775.0,-125.0,False,dense_cartesian
414,mirror,motoring,467.4844,81.1193,-81.1193,800.0,125.0,False,dense_cartesian
414,mirror,regen,467.4844,98.8807,261.1193,800.0,-125.0,False,dense_cartesian
415,mirror,motoring,481.7503,81.3844,-81.3844,825.0,125.0,False,dense_cartesian
415,mirror,regen,481.7503,98.6156,261.3844,825.0,-125.0,False,dense_cartesian
416,mirror,motoring,496.0259,81.6341,-81.6341,850.0,125.0,False,dense_cartesian
416,mirror,regen,496.0259,98.3659,261.6341,850.0,-125.0,False,dense_cartesian
417,mirror,motoring,510.3104,81.8699,-81.8699,875.0,125.0,False,dense_cartesian
417,mirror,regen,510.3104,98.1301,261.8699,875.0,-125.0,False,dense_cartesian
418,mirror,motoring,524.603,82.0928,-82.0928,900.0,125.0,False,dense_cartesian
418,mirror,regen,524.603,97.9072,262.0928,900.0,-125.0,False,dense_cartesian
419,mirror,motoring,538.9032,82.3039,-82.3039,925.0,125.0,False,dense_cartesian
419,mirror,regen,538.9032,97.6961,262.3039,925.0,-125.0,False,dense_cartesian
420,mirror,motoring,553.2103,82.5041,-82.5041,950.0,125.0,False,dense_cartesian
420,mirror,regen,553.2103,97.4959,262.5041,950.0,-125.0,False,dense_cartesian
421,mirror,motoring,567.5239,82.6942,-82.6942,975.0,125.0,False,dense_cartesian
421,mirror,regen,567.5239,97.3058,262.6942,975.0,-125.0,False,dense_cartesian
422,mirror,motoring,581.8433,82.875,-82.875,1000.0,125.0,False,dense_cartesian
422,mirror,regen,581.8433,97.125,262.875,1000.0,-125.0,False,dense_cartesian
423,mirror,motoring,596.1683,83.047,-83.047,1025.0,125.0,False,dense_cartesian
423,mirror,regen,596.1683,96.953,263.047,1025.0,-125.0,False,dense_cartesian
424,mirror,motoring,610.4984,83.211,-83.211,1050.0,125.0,False,dense_cartesian
424,mirror,regen,610.4984,96.789,263.211,1050.0,-125.0,False,dense_cartesian
425,mirror,motoring,612.3724,-81.8699,81.8699,-1050.0,150.0,False,dense_cartesian
425,mirror,regen,612.3724,261.8699,98.1301,-1050.0,-150.0,False,dense_cartesian
426,mirror,motoring,598.0872,-81.6743,81.6743,-1025.0,150.0,False,dense_cartesian
426,mirror,regen,598.0872,261.6743,98.3257,-1025.0,-150.0,False,dense_cartesian
427,mirror,motoring,583.8093,-81.4692,81.4692,-1000.0,150.0,False,dense_cartesian
427,mirror,regen,583.8093,261.4692,98.5308,-1000.0,-150.0,False,dense_cartesian
428,mirror,motoring,569.5393,-81.2538,81.2538,-975.0,150.0,False,dense_cartesian
428,mirror,regen,569.5393,261.2538,98.7462,-975.0,-150.0,False,dense_cartesian
429,mirror,motoring,555.2777,-81.0274,81.0274,-950.0,150.0,False,dense_cartesian
429,mirror,regen,555.2777,261.0274,98.9726,-950.0,-150.0,False,dense_cartesian
430,mirror,motoring,541.0253,-80.789,80.789,-925.0,150.0,False,dense_cartesian
430,mirror,regen,541.0253,260.789,99.211,-925.0,-150.0,False,dense_cartesian
431,mirror,motoring,526.7827,-80.5377,80.5377,-900.0,150.0,False,dense_cartesian
431,mirror,regen,526.7827,260.5377,99.4623,-900.0,-150.0,False,dense_cartesian
432,mirror,motoring,512.5508,-80.2724,80.2724,-875.0,150.0,False,dense_cartesian
432,mirror,regen,512.5508,260.2724,99.7276,-875.0,-150.0,False,dense_cartesian
433,mirror,motoring,498.3305,-79.992,79.992,-850.0,150.0,False,dense_cartesian
433,mirror,regen,498.3305,259.992,100.008,-850.0,-150.0,False,dense_cartesian
434,mirror,motoring,484.1229,-79.6952,79.6952,-825.0,150.0,False,dense_cartesian
434,mirror,regen,484.1229,259.6952,100.3048,-825.0,-150.0,False,dense_cartesian
435,mirror,motoring,469.9291,-79.3803,79.3803,-800.0,150.0,False,dense_cartesian
435,mirror,regen,469.9291,259.3803,100.6197,-800.0,-150.0,False,dense_cartesian
436,mirror,motoring,455.7503,-79.0459,79.0459,-775.0,150.0,False,dense_cartesian
436,mirror,regen,455.7503,259.0459,100.9541,-775.0,-150.0,False,dense_cartesian
437,mirror,motoring,441.588,-78.6901,78.6901,-750.0,150.0,False,dense_cartesian
437,mirror,regen,441.588,258.6901,101.3099,-750.0,-150.0,False,dense_cartesian
438,mirror,motoring,427.444,-78.3106,78.3106,-725.0,150.0,False,dense_cartesian
438,mirror,regen,427.444,258.3106,101.6894,-725.0,-150.0,False,dense_cartesian
439,mirror,motoring,413.3199,-77.9052,77.9052,-700.0,150.0,False,dense_cartesian
439,mirror,regen,413.3199,257.9052,102.0948,-700.0,-150.0,False,dense_cartesian
440,mirror,motoring,399.218,-77.4712,77.4712,-675.0,150.0,False,dense_cartesian
440,mirror,regen,399.218,257.4712,102.5288,-675.0,-150.0,False,dense_cartesian
441,mirror,motoring,385.1407,-77.0054,77.0054,-650.0,150.0,False,dense_cartesian
441,mirror,regen,385.1407,257.0054,102.9946,-650.0,-150.0,False,dense_cartesian
442,mirror,motoring,371.0907,-76.5043,76.5043,-625.0,150.0,False,dense_cartesian
442,mirror,regen,371.0907,256.5043,103.4957,-625.0,-150.0,False,dense_cartesian
443,mirror,motoring,357.0714,-75.9638,75.9638,-600.0,150.0,False,dense_cartesian
443,mirror,regen,357.0714,255.9638,104.0362,-600.0,-150.0,False,dense_cartesian
444,mirror,motoring,343.0865,-75.3791,75.3791,-575.0,150.0,False,dense_cartesian
444,mirror,regen,343.0865,255.3791,104.6209,-575.0,-150.0,False,dense_cartesian
445,mirror,motoring,329.1403,-74.7449,74.7449,-550.0,150.0,False,dense_cartesian
445,mirror,regen,329.1403,254.7449,105.2551,-550.0,-150.0,False,dense_cartesian
446,mirror,motoring,315.238,-74.0546,74.0546,-525.0,150.0,False,dense_cartesian
446,mirror,regen,315.238,254.0546,105.9454,-525.0,-150.0,False,dense_cartesian
447,mirror,motoring,301.3857,-73.3008,73.3008,-500.0,150.0,False,dense_cartesian
447,mirror,regen,301.3857,253.3008,106.6992,-500.0,-150.0,False,dense_cartesian
448,mirror,motoring,287.5906,-72.4744,72.4744,-475.0,150.0,False,dense_cartesian
448,mirror,regen,287.5906,252.4744,107.5256,-475.0,-150.0,False,dense_cartesian
449,mirror,motoring,273.8613,-71.5651,71.5651,-450.0,150.0,False,dense_cartesian
449,mirror,regen,273.8613,251.5651,108.4349,-450.0,-150.0,False,dense_cartesian
450,mirror,motoring,260.2082,-70.56,70.56,-425.0,150.0,False,dense_cartesian
450,mirror,regen,260.2082,250.56,109.44,-425.0,-150.0,False,dense_cartesian
451,mirror,motoring,246.6441,-69.444,69.444,-400.0,150.0,False,dense_cartesian
451,mirror,regen,246.6441,249.444,110.556,-400.0,-150.0,False,dense_cartesian
452,mirror,motoring,233.1845,-68.1986,68.1986,-375.0,150.0,False,dense_cartesian
452,mirror,regen,233.1845,248.1986,111.8014,-375.0,-150.0,False,dense_cartesian
453,mirror,motoring,219.8484,-66.8014,66.8014,-350.0,150.0,False,dense_cartesian
453,mirror,regen,219.8484,246.8014,113.1986,-350.0,-150.0,False,dense_cartesian
454,mirror,motoring,206.6599,-65.2249,65.2249,-325.0,150.0,False,dense_cartesian
454,mirror,regen,206.6599,245.2249,114.7751,-325.0,-150.0,False,dense_cartesian
455,mirror,motoring,193.6492,-63.4349,63.4349,-300.0,150.0,False,dense_cartesian
455,mirror,regen,193.6492,243.4349,116.5651,-300.0,-150.0,False,dense_cartesian
456,mirror,motoring,180.8545,-61.3895,61.3895,-275.0,150.0,False,dense_cartesian
456,mirror,regen,180.8545,241.3895,118.6105,-275.0,-150.0,False,dense_cartesian
457,mirror,motoring,168.3251,-59.0362,59.0362,-250.0,150.0,False,dense_cartesian
457,mirror,regen,168.3251,239.0362,120.9638,-250.0,-150.0,False,dense_cartesian
458,mirror,motoring,156.1249,-56.3099,56.3099,-225.0,150.0,False,dense_cartesian
458,mirror,regen,156.1249,236.3099,123.6901,-225.0,-150.0,False,dense_cartesian
459,mirror,motoring,144.3376,-53.1301,53.1301,-200.0,150.0,False,dense_cartesian
459,mirror,regen,144.3376,233.1301,126.8699,-200.0,-150.0,False,dense_cartesian
460,mirror,motoring,133.0727,-49.3987,49.3987,-175.0,150.0,False,dense_cartesian
460,mirror,regen,133.0727,229.3987,130.6013,-175.0,-150.0,False,dense_cartesian
461,mirror,motoring,122.4745,-45.0,45.0,-150.0,150.0,False,dense_cartesian
461,mirror,regen,122.4745,225.0,135.0,-150.0,-150.0,False,dense_cartesian
462,mirror,motoring,112.7312,-39.8056,39.8056,-125.0,150.0,False,dense_cartesian
462,mirror,regen,112.7312,219.8056,140.1944,-125.0,-150.0,False,dense_cartesian
463,mirror,motoring,104.0833,-33.6901,33.6901,-100.0,150.0,False,dense_cartesian
463,mirror,regen,104.0833,213.6901,146.3099,-100.0,-150.0,False,dense_cartesian
464,mirror,motoring,96.8246,-26.5651,26.5651,-75.0,150.0,False,dense_cartesian
464,mirror,regen,96.8246,206.5651,153.4349,-75.0,-150.0,False,dense_cartesian
465,mirror,motoring,91.2871,-18.4349,18.4349,-50.0,150.0,False,dense_cartesian
465,mirror,regen,91.2871,198.4349,161.5651,-50.0,-150.0,False,dense_cartesian
466,mirror,motoring,87.7971,-9.4623,9.4623,-25.0,150.0,False,dense_cartesian
466,mirror,regen,87.7971,189.4623,170.5377,-25.0,-150.0,False,dense_cartesian
467,mirror,motoring,86.6025,0.0,0.0,0.0,150.0,False,dense_cartesian
467,mirror,regen,86.6025,180.0,180.0,0.0,-150.0,False,dense_cartesian
468,mirror,motoring,87.7971,9.4623,-9.4623,25.0,150.0,False,dense_cartesian
468,mirror,regen,87.7971,170.5377,189.4623,25.0,-150.0,False,dense_cartesian
469,mirror,motoring,91.2871,18.4349,-18.4349,50.0,150.0,False,dense_cartesian
469,mirror,regen,91.2871,161.5651,198.4349,50.0,-150.0,False,dense_cartesian
470,mirror,motoring,96.8246,26.5651,-26.5651,75.0,150.0,False,dense_cartesian
470,mirror,regen,96.8246,153.4349,206.5651,75.0,-150.0,False,dense_cartesian
471,mirror,motoring,104.0833,33.6901,-33.6901,100.0,150.0,False,dense_cartesian
471,mirror,regen,104.0833,146.3099,213.6901,100.0,-150.0,False,dense_cartesian
472,mirror,motoring,112.7312,39.8056,-39.8056,125.0,150.0,False,dense_cartesian
472,mirror,regen,112.7312,140.1944,219.8056,125.0,-150.0,False,dense_cartesian
473,mirror,motoring,122.4745,45.0,-45.0,150.0,150.0,False,dense_cartesian
473,mirror,regen,122.4745,135.0,225.0,150.0,-150.0,False,dense_cartesian
474,mirror,motoring,133.0727,49.3987,-49.3987,175.0,150.0,False,dense_cartesian
474,mirror,regen,133.0727,130.6013,229.3987,175.0,-150.0,False,dense_cartesian
475,mirror,motoring,144.3376,53.1301,-53.1301,200.0,150.0,False,dense_cartesian
475,mirror,regen,144.3376,126.8699,233.1301,200.0,-150.0,False,dense_cartesian
476,mirror,motoring,156.1249,56.3099,-56.3099,225.0,150.0,False,dense_cartesian
476,mirror,regen,156.1249,123.6901,236.3099,225.0,-150.0,False,dense_cartesian
477,mirror,motoring,168.3251,59.0362,-59.0362,250.0,150.0,False,dense_cartesian
477,mirror,regen,168.3251,120.9638,239.0362,250.0,-150.0,False,dense_cartesian
478,mirror,motoring,180.8545,61.3895,-61.3895,275.0,150.0,False,dense_cartesian
478,mirror,regen,180.8545,118.6105,241.3895,275.0,-150.0,False,dense_cartesian
479,mirror,motoring,193.6492,63.4349,-63.4349,300.0,150.0,False,dense_cartesian
479,mirror,regen,193.6492,116.5651,243.4349,300.0,-150.0,False,dense_cartesian
480,mirror,motoring,206.6599,65.2249,-65.2249,325.0,150.0,False,dense_cartesian
480,mirror,regen,206.6599,114.7751,245.2249,325.0,-150.0,False,dense_cartesian
481,mirror,motoring,219.8484,66.8014,-66.8014,350.0,150.0,False,dense_cartesian
481,mirror,regen,219.8484,113.1986,246.8014,350.0,-150.0,False,dense_cartesian
482,mirror,motoring,233.1845,68.1986,-68.1986,375.0,150.0,False,dense_cartesian
482,mirror,regen,233.1845,111.8014,248.1986,375.0,-150.0,False,dense_cartesian
483,mirror,motoring,246.6441,69.444,-69.444,400.0,150.0,False,dense_cartesian
483,mirror,regen,246.6441,110.556,249.444,400.0,-150.0,False,dense_cartesian
484,mirror,motoring,260.2082,70.56,-70.56,425.0,150.0,False,dense_cartesian
484,mirror,regen,260.2082,109.44,250.56,425.0,-150.0,False,dense_cartesian
485,mirror,motoring,273.8613,71.5651,-71.5651,450.0,150.0,False,dense_cartesian
485,mirror,regen,273.8613,108.4349,251.5651,450.0,-150.0,False,dense_cartesian
486,mirror,motoring,287.5906,72.4744,-72.4744,475.0,150.0,False,dense_cartesian
486,mirror,regen,287.5906,107.5256,252.4744,475.0,-150.0,False,dense_cartesian
487,mirror,motoring,301.3857,73.3008,-73.3008,500.0,150.0,False,dense_cartesian
487,mirror,regen,301.3857,106.6992,253.3008,500.0,-150.0,False,dense_cartesian
488,mirror,motoring,315.238,74.0546,-74.0546,525.0,150.0,False,dense_cartesian
488,mirror,regen,315.238,105.9454,254.0546,525.0,-150.0,False,dense_cartesian
489,mirror,motoring,329.1403,74.7449,-74.7449,550.0,150.0,False,dense_cartesian
489,mirror,regen,329.1403,105.2551,254.7449,550.0,-150.0,False,dense_cartesian
490,mirror,motoring,343.0865,75.3791,-75.3791,575.0,150.0,False,dense_cartesian
490,mirror,regen,343.0865,104.6209,255.3791,575.0,-150.0,False,dense_cartesian
491,mirror,motoring,357.0714,75.9638,-75.9638,600.0,150.0,False,dense_cartesian
491,mirror,regen,357.0714,104.0362,255.9638,600.0,-150.0,False,dense_cartesian
492,mirror,motoring,371.0907,76.5043,-76.5043,625.0,150.0,False,dense_cartesian
492,mirror,regen,371.0907,103.4957,256.5043,625.0,-150.0,False,dense_cartesian
493,mirror,motoring,385.1407,77.0054,-77.0054,650.0,150.0,False,dense_cartesian
493,mirror,regen,385.1407,102.9946,257.0054,650.0,-150.0,False,dense_cartesian
494,mirror,motoring,399.218,77.4712,-77.4712,675.0,150.0,False,dense_cartesian
494,mirror,regen,399.218,102.5288,257.4712,675.0,-150.0,False,dense_cartesian
495,mirror,motoring,413.3199,77.9052,-77.9052,700.0,150.0,False,dense_cartesian
495,mirror,regen,413.3199,102.0948,257.9052,700.0,-150.0,False,dense_cartesian
496,mirror,motoring,427.444,78.3106,-78.3106,725.0,150.0,False,dense_cartesian
496,mirror,regen,427.444,101.6894,258.3106,725.0,-150.0,False,dense_cartesian
497,mirror,motoring,441.588,78.6901,-78.6901,750.0,150.0,False,dense_cartesian
497,mirror,regen,441.588,101.3099,258.6901,750.0,-150.0,False,dense_cartesian
498,mirror,motoring,455.7503,79.0459,-79.0459,775.0,150.0,False,dense_cartesian
498,mirror,regen,455.7503,100.9541,259.0459,775.0,-150.0,False,dense_cartesian
499,mirror,motoring,469.9291,79.3803,-79.3803,800.0,150.0,False,dense_cartesian
499,mirror,regen,469.9291,100.6197,259.3803,800.0,-150.0,False,dense_cartesian
500,mirror,motoring,484.1229,79.6952,-79.6952,825.0,150.0,False,dense_cartesian
500,mirror,regen,484.1229,100.3048,259.6952,825.0,-150.0,False,dense_cartesian
501,mirror,motoring,498.3305,79.992,-79.992,850.0,150.0,False,dense_cartesian
501,mirror,regen,498.3305,100.008,259.992,850.0,-150.0,False,dense_cartesian
502,mirror,motoring,512.5508,80.2724,-80.2724,875.0,150.0,False,dense_cartesian
502,mirror,regen,512.5508,99.7276,260.2724,875.0,-150.0,False,dense_cartesian
503,mirror,motoring,526.7827,80.5377,-80.5377,900.0,150.0,False,dense_cartesian
503,mirror,regen,526.7827,99.4623,260.5377,900.0,-150.0,False,dense_cartesian
504,mirror,motoring,541.0253,80.789,-80.789,925.0,150.0,False,dense_cartesian
504,mirror,regen,541.0253,99.211,260.789,925.0,-150.0,False,dense_cartesian
505,mirror,motoring,555.2777,81.0274,-81.0274,950.0,150.0,False,dense_cartesian
505,mirror,regen,555.2777,98.9726,261.0274,950.0,-150.0,False,dense_cartesian
506,mirror,motoring,569.5393,81.2538,-81.2538,975.0,150.0,False,dense_cartesian
506,mirror,regen,569.5393,98.7462,261.2538,975.0,-150.0,False,dense_cartesian
507,mirror,motoring,583.8093,81.4692,-81.4692,1000.0,150.0,False,dense_cartesian
507,mirror,regen,583.8093,98.5308,261.4692,1000.0,-150.0,False,dense_cartesian
508,mirror,motoring,598.0872,81.6743,-81.6743,1025.0,150.0,False,dense_cartesian
508,mirror,regen,598.0872,98.3257,261.6743,1025.0,-150.0,False,dense_cartesian
509,mirror,motoring,612.3724,81.8699,-81.8699,1050.0,150.0,False,dense_cartesian
509,mirror,regen,612.3724,98.1301,261.8699,1050.0,-150.0,False,dense_cartesian
510,mirror,motoring,614.5798,-80.5377,80.5377,-1050.0,175.0,False,dense_cartesian
510,mirror,regen,614.5798,260.5377,99.4623,-1050.0,-175.0,False,dense_cartesian
511,mirror,motoring,600.3471,-80.3112,80.3112,-1025.0,175.0,False,dense_cartesian
511,mirror,regen,600.3471,260.3112,99.6888,-1025.0,-175.0,False,dense_cartesian
512,mirror,motoring,586.1243,-80.0738,80.0738,-1000.0,175.0,False,dense_cartesian
512,mirror,regen,586.1243,260.0738,99.9262,-1000.0,-175.0,False,dense_cartesian
513,mirror,motoring,571.912,-79.8245,79.8245,-975.0,175.0,False,dense_cartesian
513,mirror,regen,571.912,259.8245,100.1755,-975.0,-175.0,False,dense_cartesian
514,mirror,motoring,557.7111,-79.5625,79.5625,-950.0,175.0,False,dense_cartesian
514,mirror,regen,557.7111,259.5625,100.4375,-950.0,-175.0,False,dense_cartesian
515,mirror,motoring,543.5225,-79.2869,79.2869,-925.0,175.0,False,dense_cartesian
515,mirror,regen,543.5225,259.2869,100.7131,-925.0,-175.0,False,dense_cartesian
516,mirror,motoring,529.3471,-78.9965,78.9965,-900.0,175.0,False,dense_cartesian
516,mirror,regen,529.3471,258.9965,101.0035,-900.0,-175.0,False,dense_cartesian
517,mirror,motoring,515.1861,-78.6901,78.6901,-875.0,175.0,False,dense_cartesian
517,mirror,regen,515.1861,258.6901,101.3099,-875.0,-175.0,False,dense_cartesian
518,mirror,motoring,501.0406,-78.3664,78.3664,-850.0,175.0,False,dense_cartesian
518,mirror,regen,501.0406,258.3664,101.6336,-850.0,-175.0,False,dense_cartesian
519,mirror,motoring,486.912,-78.0239,78.0239,-825.0,175.0,False,dense_cartesian
519,mirror,regen,486.912,258.0239,101.9761,-825.0,-175.0,False,dense_cartesian
520,mirror,motoring,472.8019,-77.6609,77.6609,-800.0,175.0,False,dense_cartesian
520,mirror,regen,472.8019,257.6609,102.3391,-800.0,-175.0,False,dense_cartesian
521,mirror,motoring,458.712,-77.2756,77.2756,-775.0,175.0,False,dense_cartesian
521,mirror,regen,458.712,257.2756,102.7244,-775.0,-175.0,False,dense_cartesian
522,mirror,motoring,444.6441,-76.866,76.866,-750.0,175.0,False,dense_cartesian
522,mirror,regen,444.6441,256.866,103.134,-750.0,-175.0,False,dense_cartesian
523,mirror,motoring,430.6004,-76.4296,76.4296,-725.0,175.0,False,dense_cartesian
523,mirror,regen,430.6004,256.4296,103.5704,-725.0,-175.0,False,dense_cartesian
524,mirror,motoring,416.5833,-75.9638,75.9638,-700.0,175.0,False,dense_cartesian
524,mirror,regen,416.5833,255.9638,104.0362,-700.0,-175.0,False,dense_cartesian
525,mirror,motoring,402.5957,-75.4655,75.4655,-675.0,175.0,False,dense_cartesian
525,mirror,regen,402.5957,255.4655,104.5345,-675.0,-175.0,False,dense_cartesian
526,mirror,motoring,388.6408,-74.9315,74.9315,-650.0,175.0,False,dense_cartesian
526,mirror,regen,388.6408,254.9315,105.0685,-650.0,-175.0,False,dense_cartesian
527,mirror,motoring,374.7221,-74.3578,74.3578,-625.0,175.0,False,dense_cartesian
527,mirror,regen,374.7221,254.3578,105.6422,-625.0,-175.0,False,dense_cartesian
528,mirror,motoring,360.8439,-73.7398,73.7398,-600.0,175.0,False,dense_cartesian
528,mirror,regen,360.8439,253.7398,106.2602,-600.0,-175.0,False,dense_cartesian
529,mirror,motoring,347.011,-73.0725,73.0725,-575.0,175.0,False,dense_cartesian
529,mirror,regen,347.011,253.0725,106.9275,-575.0,-175.0,False,dense_cartesian
530,mirror,motoring,333.2292,-72.3499,72.3499,-550.0,175.0,False,dense_cartesian
530,mirror,regen,333.2292,252.3499,107.6501,-550.0,-175.0,False,dense_cartesian
531,mirror,motoring,319.5048,-71.5651,71.5651,-525.0,175.0,False,dense_cartesian
531,mirror,regen,319.5048,251.5651,108.4349,-525.0,-175.0,False,dense_cartesian
532,mirror,motoring,305.8458,-70.71,70.71,-500.0,175.0,False,dense_cartesian
532,mirror,regen,305.8458,250.71,109.29,-500.0,-175.0,False,dense_cartesian
533,mirror,motoring,292.2613,-69.7751,69.7751,-475.0,175.0,False,dense_cartesian
533,mirror,regen,292.2613,249.7751,110.2249,-475.0,-175.0,False,dense_cartesian
534,mirror,motoring,278.7621,-68.7495,68.7495,-450.0,175.0,False,dense_cartesian
534,mirror,regen,278.7621,248.7495,111.2505,-450.0,-175.0,False,dense_cartesian
535,mirror,motoring,265.3614,-67.6199,67.6199,-425.0,175.0,False,dense_cartesian
535,mirror,regen,265.3614,247.6199,112.3801,-425.0,-175.0,False,dense_cartesian
536,mirror,motoring,252.0747,-66.3706,66.3706,-400.0,175.0,False,dense_cartesian
536,mirror,regen,252.0747,246.3706,113.6294,-400.0,-175.0,False,dense_cartesian
537,mirror,motoring,238.9212,-64.9831,64.9831,-375.0,175.0,False,dense_cartesian
537,mirror,regen,238.9212,244.9831,115.0169,-375.0,-175.0,False,dense_cartesian
538,mirror,motoring,225.924,-63.4349,63.4349,-350.0,175.0,False,dense_cartesian
538,mirror,regen,225.924,243.4349,116.5651,-350.0,-175.0,False,dense_cartesian
539,mirror,motoring,213.1119,-61.6992,61.6992,-325.0,175.0,False,dense_cartesian
539,mirror,regen,213.1119,241.6992,118.3008,-325.0,-175.0,False,dense_cartesian
540,mirror,motoring,200.5202,-59.7436,59.7436,-300.0,175.0,False,dense_cartesian
540,mirror,regen,200.5202,239.7436,120.2564,-300.0,-175.0,False,dense_cartesian
541,mirror,motoring,188.1932,-57.5288,57.5288,-275.0,175.0,False,dense_cartesian
541,mirror,regen,188.1932,237.5288,122.4712,-275.0,-175.0,False,dense_cartesian
542,mirror,motoring,176.1865,-55.008,55.008,-250.0,175.0,False,dense_cartesian
542,mirror,regen,176.1865,235.008,124.992,-250.0,-175.0,False,dense_cartesian
543,mirror,motoring,164.5701,-52.125,52.125,-225.0,175.0,False,dense_cartesian
543,mirror,regen,164.5701,232.125,127.875,-225.0,-175.0,False,dense_cartesian
544,mirror,motoring,153.4329,-48.8141,48.8141,-200.0,175.0,False,dense_cartesian
544,mirror,regen,153.4329,228.8141,131.1859,-200.0,-175.0,False,dense_cartesian
545,mirror,motoring,142.8869,-45.0,45.0,-175.0,175.0,False,dense_cartesian
545,mirror,regen,142.8869,225.0,135.0,-175.0,-175.0,False,dense_cartesian
546,mirror,motoring,133.0727,-40.6013,40.6013,-150.0,175.0,False,dense_cartesian
546,mirror,regen,133.0727,220.6013,139.3987,-150.0,-175.0,False,dense_cartesian
547,mirror,motoring,124.1639,-35.5377,35.5377,-125.0,175.0,False,dense_cartesian
547,mirror,regen,124.1639,215.5377,144.4623,-125.0,-175.0,False,dense_cartesian
548,mirror,motoring,116.3687,-29.7449,29.7449,-100.0,175.0,False,dense_cartesian
548,mirror,regen,116.3687,209.7449,150.2551,-100.0,-175.0,False,dense_cartesian
549,mirror,motoring,109.9242,-23.1986,23.1986,-75.0,175.0,False,dense_cartesian
549,mirror,regen,109.9242,203.1986,156.8014,-75.0,-175.0,False,dense_cartesian
550,mirror,motoring,105.0793,-15.9454,15.9454,-50.0,175.0,False,dense_cartesian
550,mirror,regen,105.0793,195.9454,164.0546,-50.0,-175.0,False,dense_cartesian
551,mirror,motoring,102.0621,-8.1301,8.1301,-25.0,175.0,False,dense_cartesian
551,mirror,regen,102.0621,188.1301,171.8699,-25.0,-175.0,False,dense_cartesian
552,mirror,motoring,101.0363,0.0,0.0,0.0,175.0,False,dense_cartesian
552,mirror,regen,101.0363,180.0,180.0,0.0,-175.0,False,dense_cartesian
553,mirror,motoring,102.0621,8.1301,-8.1301,25.0,175.0,False,dense_cartesian
553,mirror,regen,102.0621,171.8699,188.1301,25.0,-175.0,False,dense_cartesian
554,mirror,motoring,105.0793,15.9454,-15.9454,50.0,175.0,False,dense_cartesian
554,mirror,regen,105.0793,164.0546,195.9454,50.0,-175.0,False,dense_cartesian
555,mirror,motoring,109.9242,23.1986,-23.1986,75.0,175.0,False,dense_cartesian
555,mirror,regen,109.9242,156.8014,203.1986,75.0,-175.0,False,dense_cartesian
556,mirror,motoring,116.3687,29.7449,-29.7449,100.0,175.0,False,dense_cartesian
556,mirror,regen,116.3687,150.2551,209.7449,100.0,-175.0,False,dense_cartesian
557,mirror,motoring,124.1639,35.5377,-35.5377,125.0,175.0,False,dense_cartesian
557,mirror,regen,124.1639,144.4623,215.5377,125.0,-175.0,False,dense_cartesian
558,mirror,motoring,133.0727,40.6013,-40.6013,150.0,175.0,False,dense_cartesian
558,mirror,regen,133.0727,139.3987,220.6013,150.0,-175.0,False,dense_cartesian
559,mirror,motoring,142.8869,45.0,-45.0,175.0,175.0,False,dense_cartesian
559,mirror,regen,142.8869,135.0,225.0,175.0,-175.0,False,dense_cartesian
560,mirror,motoring,153.4329,48.8141,-48.8141,200.0,175.0,False,dense_cartesian
560,mirror,regen,153.4329,131.1859,228.8141,200.0,-175.0,False,dense_cartesian
561,mirror,motoring,164.5701,52.125,-52.125,225.0,175.0,False,dense_cartesian
561,mirror,regen,164.5701,127.875,232.125,225.0,-175.0,False,dense_cartesian
562,mirror,motoring,176.1865,55.008,-55.008,250.0,175.0,False,dense_cartesian
562,mirror,regen,176.1865,124.992,235.008,250.0,-175.0,False,dense_cartesian
563,mirror,motoring,188.1932,57.5288,-57.5288,275.0,175.0,False,dense_cartesian
563,mirror,regen,188.1932,122.4712,237.5288,275.0,-175.0,False,dense_cartesian
564,mirror,motoring,200.5202,59.7436,-59.7436,300.0,175.0,False,dense_cartesian
564,mirror,regen,200.5202,120.2564,239.7436,300.0,-175.0,False,dense_cartesian
565,mirror,motoring,213.1119,61.6992,-61.6992,325.0,175.0,False,dense_cartesian
565,mirror,regen,213.1119,118.3008,241.6992,325.0,-175.0,False,dense_cartesian
566,mirror,motoring,225.924,63.4349,-63.4349,350.0,175.0,False,dense_cartesian
566,mirror,regen,225.924,116.5651,243.4349,350.0,-175.0,False,dense_cartesian
567,mirror,motoring,238.9212,64.9831,-64.9831,375.0,175.0,False,dense_cartesian
567,mirror,regen,238.9212,115.0169,244.9831,375.0,-175.0,False,dense_cartesian
568,mirror,motoring,252.0747,66.3706,-66.3706,400.0,175.0,False,dense_cartesian
568,mirror,regen,252.0747,113.6294,246.3706,400.0,-175.0,False,dense_cartesian
569,mirror,motoring,265.3614,67.6199,-67.6199,425.0,175.0,False,dense_cartesian
569,mirror,regen,265.3614,112.3801,247.6199,425.0,-175.0,False,dense_cartesian
570,mirror,motoring,278.7621,68.7495,-68.7495,450.0,175.0,False,dense_cartesian
570,mirror,regen,278.7621,111.2505,248.7495,450.0,-175.0,False,dense_cartesian
571,mirror,motoring,292.2613,69.7751,-69.7751,475.0,175.0,False,dense_cartesian
571,mirror,regen,292.2613,110.2249,249.7751,475.0,-175.0,False,dense_cartesian
572,mirror,motoring,305.8458,70.71,-70.71,500.0,175.0,False,dense_cartesian
572,mirror,regen,305.8458,109.29,250.71,500.0,-175.0,False,dense_cartesian
573,mirror,motoring,319.5048,71.5651,-71.5651,525.0,175.0,False,dense_cartesian
573,mirror,regen,319.5048,108.4349,251.5651,525.0,-175.0,False,dense_cartesian
574,mirror,motoring,333.2292,72.3499,-72.3499,550.0,175.0,False,dense_cartesian
574,mirror,regen,333.2292,107.6501,252.3499,550.0,-175.0,False,dense_cartesian
575,mirror,motoring,347.011,73.0725,-73.0725,575.0,175.0,False,dense_cartesian
575,mirror,regen,347.011,106.9275,253.0725,575.0,-175.0,False,dense_cartesian
576,mirror,motoring,360.8439,73.7398,-73.7398,600.0,175.0,False,dense_cartesian
576,mirror,regen,360.8439,106.2602,253.7398,600.0,-175.0,False,dense_cartesian
577,mirror,motoring,374.7221,74.3578,-74.3578,625.0,175.0,False,dense_cartesian
577,mirror,regen,374.7221,105.6422,254.3578,625.0,-175.0,False,dense_cartesian
578,mirror,motoring,388.6408,74.9315,-74.9315,650.0,175.0,False,dense_cartesian
578,mirror,regen,388.6408,105.0685,254.9315,650.0,-175.0,False,dense_cartesian
579,mirror,motoring,402.5957,75.4655,-75.4655,675.0,175.0,False,dense_cartesian
579,mirror,regen,402.5957,104.5345,255.4655,675.0,-175.0,False,dense_cartesian
580,mirror,motoring,416.5833,75.9638,-75.9638,700.0,175.0,False,dense_cartesian
580,mirror,regen,416.5833,104.0362,255.9638,700.0,-175.0,False,dense_cartesian
581,mirror,motoring,430.6004,76.4296,-76.4296,725.0,175.0,False,dense_cartesian
581,mirror,regen,430.6004,103.5704,256.4296,725.0,-175.0,False,dense_cartesian
582,mirror,motoring,444.6441,76.866,-76.866,750.0,175.0,False,dense_cartesian
582,mirror,regen,444.6441,103.134,256.866,750.0,-175.0,False,dense_cartesian
583,mirror,motoring,458.712,77.2756,-77.2756,775.0,175.0,False,dense_cartesian
583,mirror,regen,458.712,102.7244,257.2756,775.0,-175.0,False,dense_cartesian
584,mirror,motoring,472.8019,77.6609,-77.6609,800.0,175.0,False,dense_cartesian
584,mirror,regen,472.8019,102.3391,257.6609,800.0,-175.0,False,dense_cartesian
585,mirror,motoring,486.912,78.0239,-78.0239,825.0,175.0,False,dense_cartesian
585,mirror,regen,486.912,101.9761,258.0239,825.0,-175.0,False,dense_cartesian
586,mirror,motoring,501.0406,78.3664,-78.3664,850.0,175.0,False,dense_cartesian
586,mirror,regen,501.0406,101.6336,258.3664,850.0,-175.0,False,dense_cartesian
587,mirror,motoring,515.1861,78.6901,-78.6901,875.0,175.0,False,dense_cartesian
587,mirror,regen,515.1861,101.3099,258.6901,875.0,-175.0,False,dense_cartesian
588,mirror,motoring,529.3471,78.9965,-78.9965,900.0,175.0,False,dense_cartesian
588,mirror,regen,529.3471,101.0035,258.9965,900.0,-175.0,False,dense_cartesian
589,mirror,motoring,543.5225,79.2869,-79.2869,925.0,175.0,False,dense_cartesian
589,mirror,regen,543.5225,100.7131,259.2869,925.0,-175.0,False,dense_cartesian
590,mirror,motoring,557.7111,79.5625,-79.5625,950.0,175.0,False,dense_cartesian
590,mirror,regen,557.7111,100.4375,259.5625,950.0,-175.0,False,dense_cartesian
591,mirror,motoring,571.912,79.8245,-79.8245,975.0,175.0,False,dense_cartesian
591,mirror,regen,571.912,100.1755,259.8245,975.0,-175.0,False,dense_cartesian
592,mirror,motoring,586.1243,80.0738,-80.0738,1000.0,175.0,False,dense_cartesian
592,mirror,regen,586.1243,99.9262,260.0738,1000.0,-175.0,False,dense_cartesian
593,mirror,motoring,600.3471,80.3112,-80.3112,1025.0,175.0,False,dense_cartesian
593,mirror,regen,600.3471,99.6888,260.3112,1025.0,-175.0,False,dense_cartesian
594,mirror,motoring,614.5798,80.5377,-80.5377,1050.0,175.0,False,dense_cartesian
594,mirror,regen,614.5798,99.4623,260.5377,1050.0,-175.0,False,dense_cartesian
595,mirror,motoring,617.117,-79.2157,79.2157,-1050.0,200.0,False,dense_cartesian
595,mirror,regen,617.117,259.2157,100.7843,-1050.0,-200.0,False,dense_cartesian
596,mirror,motoring,602.9442,-78.9591,78.9591,-1025.0,200.0,False,dense_cartesian
596,mirror,regen,602.9442,258.9591,101.0409,-1025.0,-200.0,False,dense_cartesian
597,mirror,motoring,588.7841,-78.6901,78.6901,-1000.0,200.0,False,dense_cartesian
597,mirror,regen,588.7841,258.6901,101.3099,-1000.0,-200.0,False,dense_cartesian
598,mirror,motoring,574.6376,-78.4078,78.4078,-975.0,200.0,False,dense_cartesian
598,mirror,regen,574.6376,258.4078,101.5922,-975.0,-200.0,False,dense_cartesian
599,mirror,motoring,560.5057,-78.1113,78.1113,-950.0,200.0,False,dense_cartesian
599,mirror,regen,560.5057,258.1113,101.8887,-950.0,-200.0,False,dense_cartesian
600,mirror,motoring,546.3897,-77.7995,77.7995,-925.0,200.0,False,dense_cartesian
600,mirror,regen,546.3897,257.7995,102.2005,-925.0,-200.0,False,dense_cartesian
601,mirror,motoring,532.2906,-77.4712,77.4712,-900.0,200.0,False,dense_cartesian
601,mirror,regen,532.2906,257.4712,102.5288,-900.0,-200.0,False,dense_cartesian
602,mirror,motoring,518.2101,-77.125,77.125,-875.0,200.0,False,dense_cartesian
602,mirror,regen,518.2101,257.125,102.875,-875.0,-200.0,False,dense_cartesian
603,mirror,motoring,504.1494,-76.7595,76.7595,-850.0,200.0,False,dense_cartesian
603,mirror,regen,504.1494,256.7595,103.2405,-850.0,-200.0,False,dense_cartesian
604,mirror,motoring,490.1105,-76.373,76.373,-825.0,200.0,False,dense_cartesian
604,mirror,regen,490.1105,256.373,103.627,-825.0,-200.0,False,dense_cartesian
605,mirror,motoring,476.0952,-75.9638,75.9638,-800.0,200.0,False,dense_cartesian
605,mirror,regen,476.0952,255.9638,104.0362,-800.0,-200.0,False,dense_cartesian
606,mirror,motoring,462.1057,-75.5297,75.5297,-775.0,200.0,False,dense_cartesian
606,mirror,regen,462.1057,255.5297,104.4703,-775.0,-200.0,False,dense_cartesian
607,mirror,motoring,448.1443,-75.0686,75.0686,-750.0,200.0,False,dense_cartesian
607,mirror,regen,448.1443,255.0686,104.9314,-750.0,-200.0,False,dense_cartesian
608,mirror,motoring,434.2138,-74.5778,74.5778,-725.0,200.0,False,dense_cartesian
608,mirror,regen,434.2138,254.5778,105.4222,-725.0,-200.0,False,dense_cartesian
609,mirror,motoring,420.3173,-74.0546,74.0546,-700.0,200.0,False,dense_cartesian
609,mirror,regen,420.3173,254.0546,105.9454,-700.0,-200.0,False,dense_cartesian
610,mirror,motoring,406.4583,-73.4956,73.4956,-675.0,200.0,False,dense_cartesian
610,mirror,regen,406.4583,253.4956,106.5044,-675.0,-200.0,False,dense_cartesian
611,mirror,motoring,392.6406,-72.8973,72.8973,-650.0,200.0,False,dense_cartesian
611,mirror,regen,392.6406,252.8973,107.1027,-650.0,-200.0,False,dense_cartesian
612,mirror,motoring,378.8689,-72.2553,72.2553,-625.0,200.0,False,dense_cartesian
612,mirror,regen,378.8689,252.2553,107.7447,-625.0,-200.0,False,dense_cartesian
613,mirror,motoring,365.1484,-71.5651,71.5651,-600.0,200.0,False,dense_cartesian
613,mirror,regen,365.1484,251.5651,108.4349,-600.0,-200.0,False,dense_cartesian
614,mirror,motoring,351.4849,-70.821,70.821,-575.0,200.0,False,dense_cartesian
614,mirror,regen,351.4849,250.821,109.179,-575.0,-200.0,False,dense_cartesian
615,mirror,motoring,337.8856,-70.0169,70.0169,-550.0,200.0,False,dense_cartesian
615,mirror,regen,337.8856,250.0169,109.9831,-550.0,-200.0,False,dense_cartesian
616,mirror,motoring,324.3583,-69.1455,69.1455,-525.0,200.0,False,dense_cartesian
616,mirror,regen,324.3583,249.1455,110.8545,-525.0,-200.0,False,dense_cartesian
617,mirror,motoring,310.9126,-68.1986,68.1986,-500.0,200.0,False,dense_cartesian
617,mirror,regen,310.9126,248.1986,111.8014,-500.0,-200.0,False,dense_cartesian
618,mirror,motoring,297.5595,-67.1663,67.1663,-475.0,200.0,False,dense_cartesian
618,mirror,regen,297.5595,247.1663,112.8337,-475.0,-200.0,False,dense_cartesian
619,mirror,motoring,284.312,-66.0375,66.0375,-450.0,200.0,False,dense_cartesian
619,mirror,regen,284.312,246.0375,113.9625,-450.0,-200.0,False,dense_cartesian
620,mirror,motoring,271.1857,-64.7989,64.7989,-425.0,200.0,False,dense_cartesian
620,mirror,regen,271.1857,244.7989,115.2011,-425.0,-200.0,False,dense_cartesian
621,mirror,motoring,258.1989,-63.4349,63.4349,-400.0,200.0,False,dense_cartesian
621,mirror,regen,258.1989,243.4349,116.5651,-400.0,-200.0,False,dense_cartesian
622,mirror,motoring,245.3739,-61.9275,61.9275,-375.0,200.0,False,dense_cartesian
622,mirror,regen,245.3739,241.9275,118.0725,-375.0,-200.0,False,dense_cartesian
623,mirror,motoring,232.7373,-60.2551,60.2551,-350.0,200.0,False,dense_cartesian
623,mirror,regen,232.7373,240.2551,119.7449,-350.0,-200.0,False,dense_cartesian
624,mirror,motoring,220.3217,-58.3925,58.3925,-325.0,200.0,False,dense_cartesian
624,mirror,regen,220.3217,238.3925,121.6075,-325.0,-200.0,False,dense_cartesian
625,mirror,motoring,208.1666,-56.3099,56.3099,-300.0,200.0,False,dense_cartesian
625,mirror,regen,208.1666,236.3099,123.6901,-300.0,-200.0,False,dense_cartesian
626,mirror,motoring,196.3203,-53.9726,53.9726,-275.0,200.0,False,dense_cartesian
626,mirror,regen,196.3203,233.9726,126.0274,-275.0,-200.0,False,dense_cartesian
627,mirror,motoring,184.8423,-51.3402,51.3402,-250.0,200.0,False,dense_cartesian
627,mirror,regen,184.8423,231.3402,128.6598,-250.0,-200.0,False,dense_cartesian
628,mirror,motoring,173.8054,-48.3665,48.3665,-225.0,200.0,False,dense_cartesian
628,mirror,regen,173.8054,228.3665,131.6335,-225.0,-200.0,False,dense_cartesian
629,mirror,motoring,163.2993,-45.0,45.0,-200.0,200.0,False,dense_cartesian
629,mirror,regen,163.2993,225.0,135.0,-200.0,-200.0,False,dense_cartesian
630,mirror,motoring,153.4329,-41.1859,41.1859,-175.0,200.0,False,dense_cartesian
630,mirror,regen,153.4329,221.1859,138.8141,-175.0,-200.0,False,dense_cartesian
631,mirror,motoring,144.3376,-36.8699,36.8699,-150.0,200.0,False,dense_cartesian
631,mirror,regen,144.3376,216.8699,143.1301,-150.0,-200.0,False,dense_cartesian
632,mirror,motoring,136.1678,-32.0054,32.0054,-125.0,200.0,False,dense_cartesian
632,mirror,regen,136.1678,212.0054,147.9946,-125.0,-200.0,False,dense_cartesian
633,mirror,motoring,129.0994,-26.5651,26.5651,-100.0,200.0,False,dense_cartesian
633,mirror,regen,129.0994,206.5651,153.4349,-100.0,-200.0,False,dense_cartesian
634,mirror,motoring,123.3221,-20.556,20.556,-75.0,200.0,False,dense_cartesian
634,mirror,regen,123.3221,200.556,159.444,-75.0,-200.0,False,dense_cartesian
635,mirror,motoring,119.0238,-14.0362,14.0362,-50.0,200.0,False,dense_cartesian
635,mirror,regen,119.0238,194.0362,165.9638,-50.0,-200.0,False,dense_cartesian
636,mirror,motoring,116.3687,-7.125,7.125,-25.0,200.0,False,dense_cartesian
636,mirror,regen,116.3687,187.125,172.875,-25.0,-200.0,False,dense_cartesian
637,mirror,motoring,115.4701,0.0,0.0,0.0,200.0,False,dense_cartesian
637,mirror,regen,115.4701,180.0,180.0,0.0,-200.0,False,dense_cartesian
638,mirror,motoring,116.3687,7.125,-7.125,25.0,200.0,False,dense_cartesian
638,mirror,regen,116.3687,172.875,187.125,25.0,-200.0,False,dense_cartesian
639,mirror,motoring,119.0238,14.0362,-14.0362,50.0,200.0,False,dense_cartesian
639,mirror,regen,119.0238,165.9638,194.0362,50.0,-200.0,False,dense_cartesian
640,mirror,motoring,123.3221,20.556,-20.556,75.0,200.0,False,dense_cartesian
640,mirror,regen,123.3221,159.444,200.556,75.0,-200.0,False,dense_cartesian
641,mirror,motoring,129.0994,26.5651,-26.5651,100.0,200.0,False,dense_cartesian
641,mirror,regen,129.0994,153.4349,206.5651,100.0,-200.0,False,dense_cartesian
642,mirror,motoring,136.1678,32.0054,-32.0054,125.0,200.0,False,dense_cartesian
642,mirror,regen,136.1678,147.9946,212.0054,125.0,-200.0,False,dense_cartesian
643,mirror,motoring,144.3376,36.8699,-36.8699,150.0,200.0,False,dense_cartesian
643,mirror,regen,144.3376,143.1301,216.8699,150.0,-200.0,False,dense_cartesian
644,mirror,motoring,153.4329,41.1859,-41.1859,175.0,200.0,False,dense_cartesian
644,mirror,regen,153.4329,138.8141,221.1859,175.0,-200.0,False,dense_cartesian
645,mirror,motoring,163.2993,45.0,-45.0,200.0,200.0,False,dense_cartesian
645,mirror,regen,163.2993,135.0,225.0,200.0,-200.0,False,dense_cartesian
646,mirror,motoring,173.8054,48.3665,-48.3665,225.0,200.0,False,dense_cartesian
646,mirror,regen,173.8054,131.6335,228.3665,225.0,-200.0,False,dense_cartesian
647,mirror,motoring,184.8423,51.3402,-51.3402,250.0,200.0,False,dense_cartesian
647,mirror,regen,184.8423,128.6598,231.3402,250.0,-200.0,False,dense_cartesian
648,mirror,motoring,196.3203,53.9726,-53.9726,275.0,200.0,False,dense_cartesian
648,mirror,regen,196.3203,126.0274,233.9726,275.0,-200.0,False,dense_cartesian
649,mirror,motoring,208.1666,56.3099,-56.3099,300.0,200.0,False,dense_cartesian
649,mirror,regen,208.1666,123.6901,236.3099,300.0,-200.0,False,dense_cartesian
650,mirror,motoring,220.3217,58.3925,-58.3925,325.0,200.0,False,dense_cartesian
650,mirror,regen,220.3217,121.6075,238.3925,325.0,-200.0,False,dense_cartesian
651,mirror,motoring,232.7373,60.2551,-60.2551,350.0,200.0,False,dense_cartesian
651,mirror,regen,232.7373,119.7449,240.2551,350.0,-200.0,False,dense_cartesian
652,mirror,motoring,245.3739,61.9275,-61.9275,375.0,200.0,False,dense_cartesian
652,mirror,regen,245.3739,118.0725,241.9275,375.0,-200.0,False,dense_cartesian
653,mirror,motoring,258.1989,63.4349,-63.4349,400.0,200.0,False,dense_cartesian
653,mirror,regen,258.1989,116.5651,243.4349,400.0,-200.0,False,dense_cartesian
654,mirror,motoring,271.1857,64.7989,-64.7989,425.0,200.0,False,dense_cartesian
654,mirror,regen,271.1857,115.2011,244.7989,425.0,-200.0,False,dense_cartesian
655,mirror,motoring,284.312,66.0375,-66.0375,450.0,200.0,False,dense_cartesian
655,mirror,regen,284.312,113.9625,246.0375,450.0,-200.0,False,dense_cartesian
656,mirror,motoring,297.5595,67.1663,-67.1663,475.0,200.0,False,dense_cartesian
656,mirror,regen,297.5595,112.8337,247.1663,475.0,-200.0,False,dense_cartesian
657,mirror,motoring,310.9126,68.1986,-68.1986,500.0,200.0,False,dense_cartesian
657,mirror,regen,310.9126,111.8014,248.1986,500.0,-200.0,False,dense_cartesian
658,mirror,motoring,324.3583,69.1455,-69.1455,525.0,200.0,False,dense_cartesian
658,mirror,regen,324.3583,110.8545,249.1455,525.0,-200.0,False,dense_cartesian
659,mirror,motoring,337.8856,70.0169,-70.0169,550.0,200.0,False,dense_cartesian
659,mirror,regen,337.8856,109.9831,250.0169,550.0,-200.0,False,dense_cartesian
660,mirror,motoring,351.4849,70.821,-70.821,575.0,200.0,False,dense_cartesian
660,mirror,regen,351.4849,109.179,250.821,575.0,-200.0,False,dense_cartesian
661,mirror,motoring,365.1484,71.5651,-71.5651,600.0,200.0,False,dense_cartesian
661,mirror,regen,365.1484,108.4349,251.5651,600.0,-200.0,False,dense_cartesian
662,mirror,motoring,378.8689,72.2553,-72.2553,625.0,200.0,False,dense_cartesian
662,mirror,regen,378.8689,107.7447,252.2553,625.0,-200.0,False,dense_cartesian
663,mirror,motoring,392.6406,72.8973,-72.8973,650.0,200.0,False,dense_cartesian
663,mirror,regen,392.6406,107.1027,252.8973,650.0,-200.0,False,dense_cartesian
664,mirror,motoring,406.4583,73.4956,-73.4956,675.0,200.0,False,dense_cartesian
664,mirror,regen,406.4583,106.5044,253.4956,675.0,-200.0,False,dense_cartesian
665,mirror,motoring,420.3173,74.0546,-74.0546,700.0,200.0,False,dense_cartesian
665,mirror,regen,420.3173,105.9454,254.0546,700.0,-200.0,False,dense_cartesian
666,mirror,motoring,434.2138,74.5778,-74.5778,725.0,200.0,False,dense_cartesian
666,mirror,regen,434.2138,105.4222,254.5778,725.0,-200.0,False,dense_cartesian
667,mirror,motoring,448.1443,75.0686,-75.0686,750.0,200.0,False,dense_cartesian
667,mirror,regen,448.1443,104.9314,255.0686,750.0,-200.0,False,dense_cartesian
668,mirror,motoring,462.1057,75.5297,-75.5297,775.0,200.0,False,dense_cartesian
668,mirror,regen,462.1057,104.4703,255.5297,775.0,-200.0,False,dense_cartesian
669,mirror,motoring,476.0952,75.9638,-75.9638,800.0,200.0,False,dense_cartesian
669,mirror,regen,476.0952,104.0362,255.9638,800.0,-200.0,False,dense_cartesian
670,mirror,motoring,490.1105,76.373,-76.373,825.0,200.0,False,dense_cartesian
670,mirror,regen,490.1105,103.627,256.373,825.0,-200.0,False,dense_cartesian
671,mirror,motoring,504.1494,76.7595,-76.7595,850.0,200.0,False,dense_cartesian
671,mirror,regen,504.1494,103.2405,256.7595,850.0,-200.0,False,dense_cartesian
672,mirror,motoring,518.2101,77.125,-77.125,875.0,200.0,False,dense_cartesian
672,mirror,regen,518.2101,102.875,257.125,875.0,-200.0,False,dense_cartesian
673,mirror,motoring,532.2906,77.4712,-77.4712,900.0,200.0,False,dense_cartesian
673,mirror,regen,532.2906,102.5288,257.4712,900.0,-200.0,False,dense_cartesian
674,mirror,motoring,546.3897,77.7995,-77.7995,925.0,200.0,False,dense_cartesian
674,mirror,regen,546.3897,102.2005,257.7995,925.0,-200.0,False,dense_cartesian
675,mirror,motoring,560.5057,78.1113,-78.1113,950.0,200.0,False,dense_cartesian
675,mirror,regen,560.5057,101.8887,258.1113,950.0,-200.0,False,dense_cartesian
676,mirror,motoring,574.6376,78.4078,-78.4078,975.0,200.0,False,dense_cartesian
676,mirror,regen,574.6376,101.5922,258.4078,975.0,-200.0,False,dense_cartesian
677,mirror,motoring,588.7841,78.6901,-78.6901,1000.0,200.0,False,dense_cartesian
677,mirror,regen,588.7841,101.3099,258.6901,1000.0,-200.0,False,dense_cartesian
678,mirror,motoring,602.9442,78.9591,-78.9591,1025.0,200.0,False,dense_cartesian
678,mirror,regen,602.9442,101.0409,258.9591,1025.0,-200.0,False,dense_cartesian
679,mirror,motoring,617.117,79.2157,-79.2157,1050.0,200.0,False,dense_cartesian
679,mirror,regen,617.117,100.7843,259.2157,1050.0,-200.0,False,dense_cartesian
680,mirror,motoring,619.9798,-77.9052,77.9052,-1050.0,225.0,False,dense_cartesian
680,mirror,regen,619.9798,257.9052,102.0948,-1050.0,-225.0,False,dense_cartesian
681,mirror,motoring,605.874,-77.6192,77.6192,-1025.0,225.0,False,dense_cartesian
681,mirror,regen,605.874,257.6192,102.3808,-1025.0,-225.0,False,dense_cartesian
682,mirror,motoring,591.784,-77.3196,77.3196,-1000.0,225.0,False,dense_cartesian
682,mirror,regen,591.784,257.3196,102.6804,-1000.0,-225.0,False,dense_cartesian
683,mirror,motoring,577.711,-77.0054,77.0054,-975.0,225.0,False,dense_cartesian
683,mirror,regen,577.711,257.0054,102.9946,-975.0,-225.0,False,dense_cartesian
684,mirror,motoring,563.6562,-76.6755,76.6755,-950.0,225.0,False,dense_cartesian
684,mirror,regen,563.6562,256.6755,103.3245,-950.0,-225.0,False,dense_cartesian
685,mirror,motoring,549.6211,-76.3287,76.3287,-925.0,225.0,False,dense_cartesian
685,mirror,regen,549.6211,256.3287,103.6713,-925.0,-225.0,False,dense_cartesian
686,mirror,motoring,535.6071,-75.9638,75.9638,-900.0,225.0,False,dense_cartesian
686,mirror,regen,535.6071,255.9638,104.0362,-900.0,-225.0,False,dense_cartesian
687,mirror,motoring,521.6161,-75.5792,75.5792,-875.0,225.0,False,dense_cartesian
687,mirror,regen,521.6161,255.5792,104.4208,-875.0,-225.0,False,dense_cartesian
688,mirror,motoring,507.6498,-75.1735,75.1735,-850.0,225.0,False,dense_cartesian
688,mirror,regen,507.6498,255.1735,104.8265,-850.0,-225.0,False,dense_cartesian
689,mirror,motoring,493.7104,-74.7449,74.7449,-825.0,225.0,False,dense_cartesian
689,mirror,regen,493.7104,254.7449,105.2551,-825.0,-225.0,False,dense_cartesian
690,mirror,motoring,479.8003,-74.2914,74.2914,-800.0,225.0,False,dense_cartesian
690,mirror,regen,479.8003,254.2914,105.7086,-800.0,-225.0,False,dense_cartesian
691,mirror,motoring,465.922,-73.8108,73.8108,-775.0,225.0,False,dense_cartesian
691,mirror,regen,465.922,253.8108,106.1892,-775.0,-225.0,False,dense_cartesian
692,mirror,motoring,452.0785,-73.3008,73.3008,-750.0,225.0,False,dense_cartesian
692,mirror,regen,452.0785,253.3008,106.6992,-750.0,-225.0,False,dense_cartesian
693,mirror,motoring,438.2731,-72.7585,72.7585,-725.0,225.0,False,dense_cartesian
693,mirror,regen,438.2731,252.7585,107.2415,-725.0,-225.0,False,dense_cartesian
694,mirror,motoring,424.5095,-72.1811,72.1811,-700.0,225.0,False,dense_cartesian
694,mirror,regen,424.5095,252.1811,107.8189,-700.0,-225.0,False,dense_cartesian
695,mirror,motoring,410.7919,-71.5651,71.5651,-675.0,225.0,False,dense_cartesian
695,mirror,regen,410.7919,251.5651,108.4349,-675.0,-225.0,False,dense_cartesian
696,mirror,motoring,397.1251,-70.9065,70.9065,-650.0,225.0,False,dense_cartesian
696,mirror,regen,397.1251,250.9065,109.0935,-650.0,-225.0,False,dense_cartesian
697,mirror,motoring,383.5144,-70.2011,70.2011,-625.0,225.0,False,dense_cartesian
697,mirror,regen,383.5144,250.2011,109.7989,-625.0,-225.0,False,dense_cartesian
698,mirror,motoring,369.9662,-69.444,69.444,-600.0,225.0,False,dense_cartesian
698,mirror,regen,369.9662,249.444,110.556,-600.0,-225.0,False,dense_cartesian
699,mirror,motoring,356.4875,-68.6294,68.6294,-575.0,225.0,False,dense_cartesian
699,mirror,regen,356.4875,248.6294,111.3706,-575.0,-225.0,False,dense_cartesian
700,mirror,motoring,343.0865,-67.751,67.751,-550.0,225.0,False,dense_cartesian
700,mirror,regen,343.0865,247.751,112.249,-550.0,-225.0,False,dense_cartesian
701,mirror,motoring,329.7726,-66.8014,66.8014,-525.0,225.0,False,dense_cartesian
701,mirror,regen,329.7726,246.8014,113.1986,-525.0,-225.0,False,dense_cartesian
702,mirror,motoring,316.557,-65.7723,65.7723,-500.0,225.0,False,dense_cartesian
702,mirror,regen,316.557,245.7723,114.2277,-500.0,-225.0,False,dense_cartesian
703,mirror,motoring,303.4524,-64.6538,64.6538,-475.0,225.0,False,dense_cartesian
703,mirror,regen,303.4524,244.6538,115.3462,-475.0,-225.0,False,dense_cartesian
704,mirror,motoring,290.4738,-63.4349,63.4349,-450.0,225.0,False,dense_cartesian
704,mirror,regen,290.4738,243.4349,116.5651,-450.0,-225.0,False,dense_cartesian
705,mirror,motoring,277.6389,-62.1027,62.1027,-425.0,225.0,False,dense_cartesian
705,mirror,regen,277.6389,242.1027,117.8973,-425.0,-225.0,False,dense_cartesian
706,mirror,motoring,264.9686,-60.6422,60.6422,-400.0,225.0,False,dense_cartesian
706,mirror,regen,264.9686,240.6422,119.3578,-400.0,-225.0,False,dense_cartesian
707,mirror,motoring,252.4876,-59.0362,59.0362,-375.0,225.0,False,dense_cartesian
707,mirror,regen,252.4876,239.0362,120.9638,-375.0,-225.0,False,dense_cartesian
708,mirror,motoring,240.2256,-57.2648,57.2648,-350.0,225.0,False,dense_cartesian
708,mirror,regen,240.2256,237.2648,122.7352,-350.0,-225.0,False,dense_cartesian
709,mirror,motoring,228.2177,-55.3048,55.3048,-325.0,225.0,False,dense_cartesian
709,mirror,regen,228.2177,235.3048,124.6952,-325.0,-225.0,False,dense_cartesian
710,mirror,motoring,216.5064,-53.1301,53.1301,-300.0,225.0,False,dense_cartesian
710,mirror,regen,216.5064,233.1301,126.8699,-300.0,-225.0,False,dense_cartesian
711,mirror,motoring,205.1422,-50.7106,50.7106,-275.0,225.0,False,dense_cartesian
711,mirror,regen,205.1422,230.7106,129.2894,-275.0,-225.0,False,dense_cartesian
712,mirror,motoring,194.1863,-48.0128,48.0128,-250.0,225.0,False,dense_cartesian
712,mirror,regen,194.1863,228.0128,131.9872,-250.0,-225.0,False,dense_cartesian
713,mirror,motoring,183.7117,-45.0,45.0,-225.0,225.0,False,dense_cartesian
713,mirror,regen,183.7117,225.0,135.0,-225.0,-225.0,False,dense_cartesian
714,mirror,motoring,173.8054,-41.6335,41.6335,-200.0,225.0,False,dense_cartesian
714,mirror,regen,173.8054,221.6335,138.3665,-200.0,-225.0,False,dense_cartesian
715,mirror,motoring,164.5701,-37.875,37.875,-175.0,225.0,False,dense_cartesian
715,mirror,regen,164.5701,217.875,142.125,-175.0,-225.0,False,dense_cartesian
716,mirror,motoring,156.1249,-33.6901,33.6901,-150.0,225.0,False,dense_cartesian
716,mirror,regen,156.1249,213.6901,146.3099,-150.0,-225.0,False,dense_cartesian
717,mirror,motoring,148.6046,-29.0546,29.0546,-125.0,225.0,False,dense_cartesian
717,mirror,regen,148.6046,209.0546,150.9454,-125.0,-225.0,False,dense_cartesian
718,mirror,motoring,142.156,-23.9625,23.9625,-100.0,225.0,False,dense_cartesian
718,mirror,regen,142.156,203.9625,156.0375,-100.0,-225.0,False,dense_cartesian
719,mirror,motoring,136.9306,-18.4349,18.4349,-75.0,225.0,False,dense_cartesian
719,mirror,regen,136.9306,198.4349,161.5651,-75.0,-225.0,False,dense_cartesian
720,mirror,motoring,133.0727,-12.5288,12.5288,-50.0,225.0,False,dense_cartesian
720,mirror,regen,133.0727,192.5288,167.4712,-50.0,-225.0,False,dense_cartesian
721,mirror,motoring,130.7032,-6.3402,6.3402,-25.0,225.0,False,dense_cartesian
721,mirror,regen,130.7032,186.3402,173.6598,-25.0,-225.0,False,dense_cartesian
722,mirror,motoring,129.9038,0.0,0.0,0.0,225.0,False,dense_cartesian
722,mirror,regen,129.9038,180.0,180.0,0.0,-225.0,False,dense_cartesian
723,mirror,motoring,130.7032,6.3402,-6.3402,25.0,225.0,False,dense_cartesian
723,mirror,regen,130.7032,173.6598,186.3402,25.0,-225.0,False,dense_cartesian
724,mirror,motoring,133.0727,12.5288,-12.5288,50.0,225.0,False,dense_cartesian
724,mirror,regen,133.0727,167.4712,192.5288,50.0,-225.0,False,dense_cartesian
725,mirror,motoring,136.9306,18.4349,-18.4349,75.0,225.0,False,dense_cartesian
725,mirror,regen,136.9306,161.5651,198.4349,75.0,-225.0,False,dense_cartesian
726,mirror,motoring,142.156,23.9625,-23.9625,100.0,225.0,False,dense_cartesian
726,mirror,regen,142.156,156.0375,203.9625,100.0,-225.0,False,dense_cartesian
727,mirror,motoring,148.6046,29.0546,-29.0546,125.0,225.0,False,dense_cartesian
727,mirror,regen,148.6046,150.9454,209.0546,125.0,-225.0,False,dense_cartesian
728,mirror,motoring,156.1249,33.6901,-33.6901,150.0,225.0,False,dense_cartesian
728,mirror,regen,156.1249,146.3099,213.6901,150.0,-225.0,False,dense_cartesian
729,mirror,motoring,164.5701,37.875,-37.875,175.0,225.0,False,dense_cartesian
729,mirror,regen,164.5701,142.125,217.875,175.0,-225.0,False,dense_cartesian
730,mirror,motoring,173.8054,41.6335,-41.6335,200.0,225.0,False,dense_cartesian
730,mirror,regen,173.8054,138.3665,221.6335,200.0,-225.0,False,dense_cartesian
731,mirror,motoring,183.7117,45.0,-45.0,225.0,225.0,False,dense_cartesian
731,mirror,regen,183.7117,135.0,225.0,225.0,-225.0,False,dense_cartesian
732,mirror,motoring,194.1863,48.0128,-48.0128,250.0,225.0,False,dense_cartesian
732,mirror,regen,194.1863,131.9872,228.0128,250.0,-225.0,False,dense_cartesian
733,mirror,motoring,205.1422,50.7106,-50.7106,275.0,225.0,False,dense_cartesian
733,mirror,regen,205.1422,129.2894,230.7106,275.0,-225.0,False,dense_cartesian
734,mirror,motoring,216.5064,53.1301,-53.1301,300.0,225.0,False,dense_cartesian
734,mirror,regen,216.5064,126.8699,233.1301,300.0,-225.0,False,dense_cartesian
735,mirror,motoring,228.2177,55.3048,-55.3048,325.0,225.0,False,dense_cartesian
735,mirror,regen,228.2177,124.6952,235.3048,325.0,-225.0,False,dense_cartesian
736,mirror,motoring,240.2256,57.2648,-57.2648,350.0,225.0,False,dense_cartesian
736,mirror,regen,240.2256,122.7352,237.2648,350.0,-225.0,False,dense_cartesian
737,mirror,motoring,252.4876,59.0362,-59.0362,375.0,225.0,False,dense_cartesian
737,mirror,regen,252.4876,120.9638,239.0362,375.0,-225.0,False,dense_cartesian
738,mirror,motoring,264.9686,60.6422,-60.6422,400.0,225.0,False,dense_cartesian
738,mirror,regen,264.9686,119.3578,240.6422,400.0,-225.0,False,dense_cartesian
739,mirror,motoring,277.6389,62.1027,-62.1027,425.0,225.0,False,dense_cartesian
739,mirror,regen,277.6389,117.8973,242.1027,425.0,-225.0,False,dense_cartesian
740,mirror,motoring,290.4738,63.4349,-63.4349,450.0,225.0,False,dense_cartesian
740,mirror,regen,290.4738,116.5651,243.4349,450.0,-225.0,False,dense_cartesian
741,mirror,motoring,303.4524,64.6538,-64.6538,475.0,225.0,False,dense_cartesian
741,mirror,regen,303.4524,115.3462,244.6538,475.0,-225.0,False,dense_cartesian
742,mirror,motoring,316.557,65.7723,-65.7723,500.0,225.0,False,dense_cartesian
742,mirror,regen,316.557,114.2277,245.7723,500.0,-225.0,False,dense_cartesian
743,mirror,motoring,329.7726,66.8014,-66.8014,525.0,225.0,False,dense_cartesian
743,mirror,regen,329.7726,113.1986,246.8014,525.0,-225.0,False,dense_cartesian
744,mirror,motoring,343.0865,67.751,-67.751,550.0,225.0,False,dense_cartesian
744,mirror,regen,343.0865,112.249,247.751,550.0,-225.0,False,dense_cartesian
745,mirror,motoring,356.4875,68.6294,-68.6294,575.0,225.0,False,dense_cartesian
745,mirror,regen,356.4875,111.3706,248.6294,575.0,-225.0,False,dense_cartesian
746,mirror,motoring,369.9662,69.444,-69.444,600.0,225.0,False,dense_cartesian
746,mirror,regen,369.9662,110.556,249.444,600.0,-225.0,False,dense_cartesian
747,mirror,motoring,383.5144,70.2011,-70.2011,625.0,225.0,False,dense_cartesian
747,mirror,regen,383.5144,109.7989,250.2011,625.0,-225.0,False,dense_cartesian
748,mirror,motoring,397.1251,70.9065,-70.9065,650.0,225.0,False,dense_cartesian
748,mirror,regen,397.1251,109.0935,250.9065,650.0,-225.0,False,dense_cartesian
749,mirror,motoring,410.7919,71.5651,-71.5651,675.0,225.0,False,dense_cartesian
749,mirror,regen,410.7919,108.4349,251.5651,675.0,-225.0,False,dense_cartesian
750,mirror,motoring,424.5095,72.1811,-72.1811,700.0,225.0,False,dense_cartesian
750,mirror,regen,424.5095,107.8189,252.1811,700.0,-225.0,False,dense_cartesian
751,mirror,motoring,438.2731,72.7585,-72.7585,725.0,225.0,False,dense_cartesian
751,mirror,regen,438.2731,107.2415,252.7585,725.0,-225.0,False,dense_cartesian
752,mirror,motoring,452.0785,73.3008,-73.3008,750.0,225.0,False,dense_cartesian
752,mirror,regen,452.0785,106.6992,253.3008,750.0,-225.0,False,dense_cartesian
753,mirror,motoring,465.922,73.8108,-73.8108,775.0,225.0,False,dense_cartesian
753,mirror,regen,465.922,106.1892,253.8108,775.0,-225.0,False,dense_cartesian
754,mirror,motoring,479.8003,74.2914,-74.2914,800.0,225.0,False,dense_cartesian
754,mirror,regen,479.8003,105.7086,254.2914,800.0,-225.0,False,dense_cartesian
755,mirror,motoring,493.7104,74.7449,-74.7449,825.0,225.0,False,dense_cartesian
755,mirror,regen,493.7104,105.2551,254.7449,825.0,-225.0,False,dense_cartesian
756,mirror,motoring,507.6498,75.1735,-75.1735,850.0,225.0,False,dense_cartesian
756,mirror,regen,507.6498,104.8265,255.1735,850.0,-225.0,False,dense_cartesian
757,mirror,motoring,521.6161,75.5792,-75.5792,875.0,225.0,False,dense_cartesian
757,mirror,regen,521.6161,104.4208,255.5792,875.0,-225.0,False,dense_cartesian
758,mirror,motoring,535.6071,75.9638,-75.9638,900.0,225.0,False,dense_cartesian
758,mirror,regen,535.6071,104.0362,255.9638,900.0,-225.0,False,dense_cartesian
759,mirror,motoring,549.6211,76.3287,-76.3287,925.0,225.0,False,dense_cartesian
759,mirror,regen,549.6211,103.6713,256.3287,925.0,-225.0,False,dense_cartesian
760,mirror,motoring,563.6562,76.6755,-76.6755,950.0,225.0,False,dense_cartesian
760,mirror,regen,563.6562,103.3245,256.6755,950.0,-225.0,False,dense_cartesian
761,mirror,motoring,577.711,77.0054,-77.0054,975.0,225.0,False,dense_cartesian
761,mirror,regen,577.711,102.9946,257.0054,975.0,-225.0,False,dense_cartesian
762,mirror,motoring,591.784,77.3196,-77.3196,1000.0,225.0,False,dense_cartesian
762,mirror,regen,591.784,102.6804,257.3196,1000.0,-225.0,False,dense_cartesian
763,mirror,motoring,605.874,77.6192,-77.6192,1025.0,225.0,False,dense_cartesian
763,mirror,regen,605.874,102.3808,257.6192,1025.0,-225.0,False,dense_cartesian
764,mirror,motoring,619.9798,77.9052,-77.9052,1050.0,225.0,False,dense_cartesian
764,mirror,regen,619.9798,102.0948,257.9052,1050.0,-225.0,False,dense_cartesian
765,mirror,motoring,609.1319,-76.293,76.293,-1025.0,250.0,False,dense_cartesian
765,mirror,regen,609.1319,256.293,103.707,-1025.0,-250.0,False,dense_cartesian
766,mirror,motoring,595.119,-75.9638,75.9638,-1000.0,250.0,False,dense_cartesian
766,mirror,regen,595.119,255.9638,104.0362,-1000.0,-250.0,False,dense_cartesian
767,mirror,motoring,581.1268,-75.6186,75.6186,-975.0,250.0,False,dense_cartesian
767,mirror,regen,581.1268,255.6186,104.3814,-975.0,-250.0,False,dense_cartesian
768,mirror,motoring,567.1567,-75.2564,75.2564,-950.0,250.0,False,dense_cartesian
768,mirror,regen,567.1567,255.2564,104.7436,-950.0,-250.0,False,dense_cartesian
769,mirror,motoring,553.2103,-74.876,74.876,-925.0,250.0,False,dense_cartesian
769,mirror,regen,553.2103,254.876,105.124,-925.0,-250.0,False,dense_cartesian
770,mirror,motoring,539.2897,-74.4759,74.4759,-900.0,250.0,False,dense_cartesian
770,mirror,regen,539.2897,254.4759,105.5241,-900.0,-250.0,False,dense_cartesian
771,mirror,motoring,525.3967,-74.0546,74.0546,-875.0,250.0,False,dense_cartesian
771,mirror,regen,525.3967,254.0546,105.9454,-875.0,-250.0,False,dense_cartesian
772,mirror,motoring,511.5336,-73.6105,73.6105,-850.0,250.0,False,dense_cartesian
772,mirror,regen,511.5336,253.6105,106.3895,-850.0,-250.0,False,dense_cartesian
773,mirror,motoring,497.7031,-73.1416,73.1416,-825.0,250.0,False,dense_cartesian
773,mirror,regen,497.7031,253.1416,106.8584,-825.0,-250.0,False,dense_cartesian
774,mirror,motoring,483.9077,-72.646,72.646,-800.0,250.0,False,dense_cartesian
774,mirror,regen,483.9077,252.646,107.354,-800.0,-250.0,False,dense_cartesian
775,mirror,motoring,470.1507,-72.1213,72.1213,-775.0,250.0,False,dense_cartesian
775,mirror,regen,470.1507,252.1213,107.8787,-775.0,-250.0,False,dense_cartesian
776,mirror,motoring,456.4355,-71.5651,71.5651,-750.0,250.0,False,dense_cartesian
776,mirror,regen,456.4355,251.5651,108.4349,-750.0,-250.0,False,dense_cartesian
777,mirror,motoring,442.7659,-70.9744,70.9744,-725.0,250.0,False,dense_cartesian
777,mirror,regen,442.7659,250.9744,109.0256,-725.0,-250.0,False,dense_cartesian
778,mirror,motoring,429.1464,-70.3462,70.3462,-700.0,250.0,False,dense_cartesian
778,mirror,regen,429.1464,250.3462,109.6538,-700.0,-250.0,False,dense_cartesian
779,mirror,motoring,415.5819,-69.6769,69.6769,-675.0,250.0,False,dense_cartesian
779,mirror,regen,415.5819,249.6769,110.3231,-675.0,-250.0,False,dense_cartesian
780,mirror,motoring,402.0779,-68.9625,68.9625,-650.0,250.0,False,dense_cartesian
780,mirror,regen,402.0779,248.9625,111.0375,-650.0,-250.0,False,dense_cartesian
781,mirror,motoring,388.6408,-68.1986,68.1986,-625.0,250.0,False,dense_cartesian
781,mirror,regen,388.6408,248.1986,111.8014,-625.0,-250.0,False,dense_cartesian
782,mirror,motoring,375.2777,-67.3801,67.3801,-600.0,250.0,False,dense_cartesian
782,mirror,regen,375.2777,247.3801,112.6199,-600.0,-250.0,False,dense_cartesian
783,mirror,motoring,361.9968,-66.5014,66.5014,-575.0,250.0,False,dense_cartesian
783,mirror,regen,361.9968,246.5014,113.4986,-575.0,-250.0,False,dense_cartesian
784,mirror,motoring,348.8075,-65.556,65.556,-550.0,250.0,False,dense_cartesian
784,mirror,regen,348.8075,245.556,114.444,-550.0,-250.0,False,dense_cartesian
785,mirror,motoring,335.7206,-64.5367,64.5367,-525.0,250.0,False,dense_cartesian
785,mirror,regen,335.7206,244.5367,115.4633,-525.0,-250.0,False,dense_cartesian
786,mirror,motoring,322.7486,-63.4349,63.4349,-500.0,250.0,False,dense_cartesian
786,mirror,regen,322.7486,243.4349,116.5651,-500.0,-250.0,False,dense_cartesian
787,mirror,motoring,309.9059,-62.2415,62.2415,-475.0,250.0,False,dense_cartesian
787,mirror,regen,309.9059,242.2415,117.7585,-475.0,-250.0,False,dense_cartesian
788,mirror,motoring,297.2092,-60.9454,60.9454,-450.0,250.0,False,dense_cartesian
788,mirror,regen,297.2092,240.9454,119.0546,-450.0,-250.0,False,dense_cartesian
789,mirror,motoring,284.6782,-59.5345,59.5345,-425.0,250.0,False,dense_cartesian
789,mirror,regen,284.6782,239.5345,120.4655,-425.0,-250.0,False,dense_cartesian
790,mirror,motoring,272.3356,-57.9946,57.9946,-400.0,250.0,False,dense_cartesian
790,mirror,regen,272.3356,237.9946,122.0054,-400.0,-250.0,False,dense_cartesian
791,mirror,motoring,260.2082,-56.3099,56.3099,-375.0,250.0,False,dense_cartesian
791,mirror,regen,260.2082,236.3099,123.6901,-375.0,-250.0,False,dense_cartesian
792,mirror,motoring,248.3277,-54.4623,54.4623,-350.0,250.0,False,dense_cartesian
792,mirror,regen,248.3277,234.4623,125.5377,-350.0,-250.0,False,dense_cartesian
793,mirror,motoring,236.7312,-52.4314,52.4314,-325.0,250.0,False,dense_cartesian
793,mirror,regen,236.7312,232.4314,127.5686,-325.0,-250.0,False,dense_cartesian
794,mirror,motoring,225.4625,-50.1944,50.1944,-300.0,250.0,False,dense_cartesian
794,mirror,regen,225.4625,230.1944,129.8056,-300.0,-250.0,False,dense_cartesian
795,mirror,motoring,214.5732,-47.7263,47.7263,-275.0,250.0,False,dense_cartesian
795,mirror,regen,214.5732,227.7263,132.2737,-275.0,-250.0,False,dense_cartesian
796,mirror,motoring,204.1241,-45.0,45.0,-250.0,250.0,False,dense_cartesian
796,mirror,regen,204.1241,225.0,135.0,-250.0,-250.0,False,dense_cartesian
797,mirror,motoring,194.1863,-41.9872,41.9872,-225.0,250.0,False,dense_cartesian
797,mirror,regen,194.1863,221.9872,138.0128,-225.0,-250.0,False,dense_cartesian
798,mirror,motoring,184.8423,-38.6598,38.6598,-200.0,250.0,False,dense_cartesian
798,mirror,regen,184.8423,218.6598,141.3402,-200.0,-250.0,False,dense_cartesian
799,mirror,motoring,176.1865,-34.992,34.992,-175.0,250.0,False,dense_cartesian
799,mirror,regen,176.1865,214.992,145.008,-175.0,-250.0,False,dense_cartesian
800,mirror,motoring,168.3251,-30.9638,30.9638,-150.0,250.0,False,dense_cartesian
800,mirror,regen,168.3251,210.9638,149.0362,-150.0,-250.0,False,dense_cartesian
801,mirror,motoring,161.3743,-26.5651,26.5651,-125.0,250.0,False,dense_cartesian
801,mirror,regen,161.3743,206.5651,153.4349,-125.0,-250.0,False,dense_cartesian
802,mirror,motoring,155.4563,-21.8014,21.8014,-100.0,250.0,False,dense_cartesian
802,mirror,regen,155.4563,201.8014,158.1986,-100.0,-250.0,False,dense_cartesian
803,mirror,motoring,150.6928,-16.6992,16.6992,-75.0,250.0,False,dense_cartesian
803,mirror,regen,150.6928,196.6992,163.3008,-75.0,-250.0,False,dense_cartesian
804,mirror,motoring,147.196,-11.3099,11.3099,-50.0,250.0,False,dense_cartesian
804,mirror,regen,147.196,191.3099,168.6901,-50.0,-250.0,False,dense_cartesian
805,mirror,motoring,145.0575,-5.7106,5.7106,-25.0,250.0,False,dense_cartesian
805,mirror,regen,145.0575,185.7106,174.2894,-25.0,-250.0,False,dense_cartesian
806,mirror,motoring,144.3376,0.0,0.0,0.0,250.0,False,dense_cartesian
806,mirror,regen,144.3376,180.0,180.0,0.0,-250.0,False,dense_cartesian
807,mirror,motoring,145.0575,5.7106,-5.7106,25.0,250.0,False,dense_cartesian
807,mirror,regen,145.0575,174.2894,185.7106,25.0,-250.0,False,dense_cartesian
808,mirror,motoring,147.196,11.3099,-11.3099,50.0,250.0,False,dense_cartesian
808,mirror,regen,147.196,168.6901,191.3099,50.0,-250.0,False,dense_cartesian
809,mirror,motoring,150.6928,16.6992,-16.6992,75.0,250.0,False,dense_cartesian
809,mirror,regen,150.6928,163.3008,196.6992,75.0,-250.0,False,dense_cartesian
810,mirror,motoring,155.4563,21.8014,-21.8014,100.0,250.0,False,dense_cartesian
810,mirror,regen,155.4563,158.1986,201.8014,100.0,-250.0,False,dense_cartesian
811,mirror,motoring,161.3743,26.5651,-26.5651,125.0,250.0,False,dense_cartesian
811,mirror,regen,161.3743,153.4349,206.5651,125.0,-250.0,False,dense_cartesian
812,mirror,motoring,168.3251,30.9638,-30.9638,150.0,250.0,False,dense_cartesian
812,mirror,regen,168.3251,149.0362,210.9638,150.0,-250.0,False,dense_cartesian
813,mirror,motoring,176.1865,34.992,-34.992,175.0,250.0,False,dense_cartesian
813,mirror,regen,176.1865,145.008,214.992,175.0,-250.0,False,dense_cartesian
814,mirror,motoring,184.8423,38.6598,-38.6598,200.0,250.0,False,dense_cartesian
814,mirror,regen,184.8423,141.3402,218.6598,200.0,-250.0,False,dense_cartesian
815,mirror,motoring,194.1863,41.9872,-41.9872,225.0,250.0,False,dense_cartesian
815,mirror,regen,194.1863,138.0128,221.9872,225.0,-250.0,False,dense_cartesian
816,mirror,motoring,204.1241,45.0,-45.0,250.0,250.0,False,dense_cartesian
816,mirror,regen,204.1241,135.0,225.0,250.0,-250.0,False,dense_cartesian
817,mirror,motoring,214.5732,47.7263,-47.7263,275.0,250.0,False,dense_cartesian
817,mirror,regen,214.5732,132.2737,227.7263,275.0,-250.0,False,dense_cartesian
818,mirror,motoring,225.4625,50.1944,-50.1944,300.0,250.0,False,dense_cartesian
818,mirror,regen,225.4625,129.8056,230.1944,300.0,-250.0,False,dense_cartesian
819,mirror,motoring,236.7312,52.4314,-52.4314,325.0,250.0,False,dense_cartesian
819,mirror,regen,236.7312,127.5686,232.4314,325.0,-250.0,False,dense_cartesian
820,mirror,motoring,248.3277,54.4623,-54.4623,350.0,250.0,False,dense_cartesian
820,mirror,regen,248.3277,125.5377,234.4623,350.0,-250.0,False,dense_cartesian
821,mirror,motoring,260.2082,56.3099,-56.3099,375.0,250.0,False,dense_cartesian
821,mirror,regen,260.2082,123.6901,236.3099,375.0,-250.0,False,dense_cartesian
822,mirror,motoring,272.3356,57.9946,-57.9946,400.0,250.0,False,dense_cartesian
822,mirror,regen,272.3356,122.0054,237.9946,400.0,-250.0,False,dense_cartesian
823,mirror,motoring,284.6782,59.5345,-59.5345,425.0,250.0,False,dense_cartesian
823,mirror,regen,284.6782,120.4655,239.5345,425.0,-250.0,False,dense_cartesian
824,mirror,motoring,297.2092,60.9454,-60.9454,450.0,250.0,False,dense_cartesian
824,mirror,regen,297.2092,119.0546,240.9454,450.0,-250.0,False,dense_cartesian
825,mirror,motoring,309.9059,62.2415,-62.2415,475.0,250.0,False,dense_cartesian
825,mirror,regen,309.9059,117.7585,242.2415,475.0,-250.0,False,dense_cartesian
826,mirror,motoring,322.7486,63.4349,-63.4349,500.0,250.0,False,dense_cartesian
826,mirror,regen,322.7486,116.5651,243.4349,500.0,-250.0,False,dense_cartesian
827,mirror,motoring,335.7206,64.5367,-64.5367,525.0,250.0,False,dense_cartesian
827,mirror,regen,335.7206,115.4633,244.5367,525.0,-250.0,False,dense_cartesian
828,mirror,motoring,348.8075,65.556,-65.556,550.0,250.0,False,dense_cartesian
828,mirror,regen,348.8075,114.444,245.556,550.0,-250.0,False,dense_cartesian
829,mirror,motoring,361.9968,66.5014,-66.5014,575.0,250.0,False,dense_cartesian
829,mirror,regen,361.9968,113.4986,246.5014,575.0,-250.0,False,dense_cartesian
830,mirror,motoring,375.2777,67.3801,-67.3801,600.0,250.0,False,dense_cartesian
830,mirror,regen,375.2777,112.6199,247.3801,600.0,-250.0,False,dense_cartesian
831,mirror,motoring,388.6408,68.1986,-68.1986,625.0,250.0,False,dense_cartesian
831,mirror,regen,388.6408,111.8014,248.1986,625.0,-250.0,False,dense_cartesian
832,mirror,motoring,402.0779,68.9625,-68.9625,650.0,250.0,False,dense_cartesian
832,mirror,regen,402.0779,111.0375,248.9625,650.0,-250.0,False,dense_cartesian
833,mirror,motoring,415.5819,69.6769,-69.6769,675.0,250.0,False,dense_cartesian
833,mirror,regen,415.5819,110.3231,249.6769,675.0,-250.0,False,dense_cartesian
834,mirror,motoring,429.1464,70.3462,-70.3462,700.0,250.0,False,dense_cartesian
834,mirror,regen,429.1464,109.6538,250.3462,700.0,-250.0,False,dense_cartesian
835,mirror,motoring,442.7659,70.9744,-70.9744,725.0,250.0,False,dense_cartesian
835,mirror,regen,442.7659,109.0256,250.9744,725.0,-250.0,False,dense_cartesian
836,mirror,motoring,456.4355,71.5651,-71.5651,750.0,250.0,False,dense_cartesian
836,mirror,regen,456.4355,108.4349,251.5651,750.0,-250.0,False,dense_cartesian
837,mirror,motoring,470.1507,72.1213,-72.1213,775.0,250.0,False,dense_cartesian
837,mirror,regen,470.1507,107.8787,252.1213,775.0,-250.0,False,dense_cartesian
838,mirror,motoring,483.9077,72.646,-72.646,800.0,250.0,False,dense_cartesian
838,mirror,regen,483.9077,107.354,252.646,800.0,-250.0,False,dense_cartesian
839,mirror,motoring,497.7031,73.1416,-73.1416,825.0,250.0,False,dense_cartesian
839,mirror,regen,497.7031,106.8584,253.1416,825.0,-250.0,False,dense_cartesian
840,mirror,motoring,511.5336,73.6105,-73.6105,850.0,250.0,False,dense_cartesian
840,mirror,regen,511.5336,106.3895,253.6105,850.0,-250.0,False,dense_cartesian
841,mirror,motoring,525.3967,74.0546,-74.0546,875.0,250.0,False,dense_cartesian
841,mirror,regen,525.3967,105.9454,254.0546,875.0,-250.0,False,dense_cartesian
842,mirror,motoring,539.2897,74.4759,-74.4759,900.0,250.0,False,dense_cartesian
842,mirror,regen,539.2897,105.5241,254.4759,900.0,-250.0,False,dense_cartesian
843,mirror,motoring,553.2103,74.876,-74.876,925.0,250.0,False,dense_cartesian
843,mirror,regen,553.2103,105.124,254.876,925.0,-250.0,False,dense_cartesian
844,mirror,motoring,567.1567,75.2564,-75.2564,950.0,250.0,False,dense_cartesian
844,mirror,regen,567.1567,104.7436,255.2564,950.0,-250.0,False,dense_cartesian
845,mirror,motoring,581.1268,75.6186,-75.6186,975.0,250.0,False,dense_cartesian
845,mirror,regen,581.1268,104.3814,255.6186,975.0,-250.0,False,dense_cartesian
846,mirror,motoring,595.119,75.9638,-75.9638,1000.0,250.0,False,dense_cartesian
846,mirror,regen,595.119,104.0362,255.9638,1000.0,-250.0,False,dense_cartesian
847,mirror,motoring,609.1319,76.293,-76.293,1025.0,250.0,False,dense_cartesian
847,mirror,regen,609.1319,103.707,256.293,1025.0,-250.0,False,dense_cartesian
848,mirror,motoring,612.7125,-74.9816,74.9816,-1025.0,275.0,False,dense_cartesian
848,mirror,regen,612.7125,254.9816,105.0184,-1025.0,-275.0,False,dense_cartesian
849,mirror,motoring,598.7835,-74.6237,74.6237,-1000.0,275.0,False,dense_cartesian
849,mirror,regen,598.7835,254.6237,105.3763,-1000.0,-275.0,False,dense_cartesian
850,mirror,motoring,584.8789,-74.2488,74.2488,-975.0,275.0,False,dense_cartesian
850,mirror,regen,584.8789,254.2488,105.7512,-975.0,-275.0,False,dense_cartesian
851,mirror,motoring,571.0006,-73.8557,73.8557,-950.0,275.0,False,dense_cartesian
851,mirror,regen,571.0006,253.8557,106.1443,-950.0,-275.0,False,dense_cartesian
852,mirror,motoring,557.1505,-73.4429,73.4429,-925.0,275.0,False,dense_cartesian
852,mirror,regen,557.1505,253.4429,106.5571,-925.0,-275.0,False,dense_cartesian
853,mirror,motoring,543.3308,-73.0092,73.0092,-900.0,275.0,False,dense_cartesian
853,mirror,regen,543.3308,253.0092,106.9908,-900.0,-275.0,False,dense_cartesian
854,mirror,motoring,529.5438,-72.5528,72.5528,-875.0,275.0,False,dense_cartesian
854,mirror,regen,529.5438,252.5528,107.4472,-875.0,-275.0,False,dense_cartesian
855,mirror,motoring,515.7923,-72.0721,72.0721,-850.0,275.0,False,dense_cartesian
855,mirror,regen,515.7923,252.0721,107.9279,-850.0,-275.0,False,dense_cartesian
856,mirror,motoring,502.079,-71.5651,71.5651,-825.0,275.0,False,dense_cartesian
856,mirror,regen,502.079,251.5651,108.4349,-825.0,-275.0,False,dense_cartesian
857,mirror,motoring,488.4073,-71.0296,71.0296,-800.0,275.0,False,dense_cartesian
857,mirror,regen,488.4073,251.0296,108.9704,-800.0,-275.0,False,dense_cartesian
858,mirror,motoring,474.7807,-70.4633,70.4633,-775.0,275.0,False,dense_cartesian
858,mirror,regen,474.7807,250.4633,109.5367,-775.0,-275.0,False,dense_cartesian
859,mirror,motoring,461.2031,-69.8637,69.8637,-750.0,275.0,False,dense_cartesian
859,mirror,regen,461.2031,249.8637,110.1363,-750.0,-275.0,False,dense_cartesian
860,mirror,motoring,447.6792,-69.2277,69.2277,-725.0,275.0,False,dense_cartesian
860,mirror,regen,447.6792,249.2277,110.7723,-725.0,-275.0,False,dense_cartesian
861,mirror,motoring,434.2138,-68.5523,68.5523,-700.0,275.0,False,dense_cartesian
861,mirror,regen,434.2138,248.5523,111.4477,-700.0,-275.0,False,dense_cartesian
862,mirror,motoring,420.8127,-67.8337,67.8337,-675.0,275.0,False,dense_cartesian
862,mirror,regen,420.8127,247.8337,112.1663,-675.0,-275.0,False,dense_cartesian
863,mirror,motoring,407.4821,-67.0679,67.0679,-650.0,275.0,False,dense_cartesian
863,mirror,regen,407.4821,247.0679,112.9321,-650.0,-275.0,False,dense_cartesian
864,mirror,motoring,394.2292,-66.2505,66.2505,-625.0,275.0,False,dense_cartesian
864,mirror,regen,394.2292,246.2505,113.7495,-625.0,-275.0,False,dense_cartesian
865,mirror,motoring,381.0621,-65.3764,65.3764,-600.0,275.0,False,dense_cartesian
865,mirror,regen,381.0621,245.3764,114.6236,-600.0,-275.0,False,dense_cartesian
866,mirror,motoring,367.99,-64.44,64.44,-575.0,275.0,False,dense_cartesian
866,mirror,regen,367.99,244.44,115.56,-575.0,-275.0,False,dense_cartesian
867,mirror,motoring,355.0235,-63.4349,63.4349,-550.0,275.0,False,dense_cartesian
867,mirror,regen,355.0235,243.4349,116.5651,-550.0,-275.0,False,dense_cartesian
868,mirror,motoring,342.1744,-62.354,62.354,-525.0,275.0,False,dense_cartesian
868,mirror,regen,342.1744,242.354,117.646,-525.0,-275.0,False,dense_cartesian
869,mirror,motoring,329.4566,-61.1892,61.1892,-500.0,275.0,False,dense_cartesian
869,mirror,regen,329.4566,241.1892,118.8108,-500.0,-275.0,False,dense_cartesian
870,mirror,motoring,316.8859,-59.9314,59.9314,-475.0,275.0,False,dense_cartesian
870,mirror,regen,316.8859,239.9314,120.0686,-475.0,-275.0,False,dense_cartesian
871,mirror,motoring,304.4804,-58.5704,58.5704,-450.0,275.0,False,dense_cartesian
871,mirror,regen,304.4804,238.5704,121.4296,-450.0,-275.0,False,dense_cartesian
872,mirror,motoring,292.2613,-57.0948,57.0948,-425.0,275.0,False,dense_cartesian
872,mirror,regen,292.2613,237.0948,122.9052,-425.0,-275.0,False,dense_cartesian
873,mirror,motoring,280.2529,-55.4915,55.4915,-400.0,275.0,False,dense_cartesian
873,mirror,regen,280.2529,235.4915,124.5085,-400.0,-275.0,False,dense_cartesian
874,mirror,motoring,268.4834,-53.7462,53.7462,-375.0,275.0,False,dense_cartesian
874,mirror,regen,268.4834,233.7462,126.2538,-375.0,-275.0,False,dense_cartesian
875,mirror,motoring,256.9857,-51.8428,51.8428,-350.0,275.0,False,dense_cartesian
875,mirror,regen,256.9857,231.8428,128.1572,-350.0,-275.0,False,dense_cartesian
876,mirror,motoring,245.798,-49.7636,49.7636,-325.0,275.0,False,dense_cartesian
876,mirror,regen,245.798,229.7636,130.2364,-325.0,-275.0,False,dense_cartesian
877,mirror,motoring,234.9645,-47.4896,47.4896,-300.0,275.0,False,dense_cartesian
877,mirror,regen,234.9645,227.4896,132.5104,-300.0,-275.0,False,dense_cartesian
878,mirror,motoring,224.5366,-45.0,45.0,-275.0,275.0,False,dense_cartesian
878,mirror,regen,224.5366,225.0,135.0,-275.0,-275.0,False,dense_cartesian
879,mirror,motoring,214.5732,-42.2737,42.2737,-250.0,275.0,False,dense_cartesian
879,mirror,regen,214.5732,222.2737,137.7263,-250.0,-275.0,False,dense_cartesian
880,mirror,motoring,205.1422,-39.2894,39.2894,-225.0,275.0,False,dense_cartesian
880,mirror,regen,205.1422,219.2894,140.7106,-225.0,-275.0,False,dense_cartesian
881,mirror,motoring,196.3203,-36.0274,36.0274,-200.0,275.0,False,dense_cartesian
881,mirror,regen,196.3203,216.0274,143.9726,-200.0,-275.0,False,dense_cartesian
882,mirror,motoring,188.1932,-32.4712,32.4712,-175.0,275.0,False,dense_cartesian
882,mirror,regen,188.1932,212.4712,147.5288,-175.0,-275.0,False,dense_cartesian
883,mirror,motoring,180.8545,-28.6105,28.6105,-150.0,275.0,False,dense_cartesian
883,mirror,regen,180.8545,208.6105,151.3895,-150.0,-275.0,False,dense_cartesian
884,mirror,motoring,174.4037,-24.444,24.444,-125.0,275.0,False,dense_cartesian
884,mirror,regen,174.4037,204.444,155.556,-125.0,-275.0,False,dense_cartesian
885,mirror,motoring,168.9428,-19.9831,19.9831,-100.0,275.0,False,dense_cartesian
885,mirror,regen,168.9428,199.9831,160.0169,-100.0,-275.0,False,dense_cartesian
886,mirror,motoring,164.5701,-15.2551,15.2551,-75.0,275.0,False,dense_cartesian
886,mirror,regen,164.5701,195.2551,164.7449,-75.0,-275.0,False,dense_cartesian
887,mirror,motoring,161.3743,-10.3048,10.3048,-50.0,275.0,False,dense_cartesian
887,mirror,regen,161.3743,190.3048,169.6952,-50.0,-275.0,False,dense_cartesian
888,mirror,motoring,159.4261,-5.1944,5.1944,-25.0,275.0,False,dense_cartesian
888,mirror,regen,159.4261,185.1944,174.8056,-25.0,-275.0,False,dense_cartesian
889,mirror,motoring,158.7713,0.0,0.0,0.0,275.0,False,dense_cartesian
889,mirror,regen,158.7713,180.0,180.0,0.0,-275.0,False,dense_cartesian
890,mirror,motoring,159.4261,5.1944,-5.1944,25.0,275.0,False,dense_cartesian
890,mirror,regen,159.4261,174.8056,185.1944,25.0,-275.0,False,dense_cartesian
891,mirror,motoring,161.3743,10.3048,-10.3048,50.0,275.0,False,dense_cartesian
891,mirror,regen,161.3743,169.6952,190.3048,50.0,-275.0,False,dense_cartesian
892,mirror,motoring,164.5701,15.2551,-15.2551,75.0,275.0,False,dense_cartesian
892,mirror,regen,164.5701,164.7449,195.2551,75.0,-275.0,False,dense_cartesian
893,mirror,motoring,168.9428,19.9831,-19.9831,100.0,275.0,False,dense_cartesian
893,mirror,regen,168.9428,160.0169,199.9831,100.0,-275.0,False,dense_cartesian
894,mirror,motoring,174.4037,24.444,-24.444,125.0,275.0,False,dense_cartesian
894,mirror,regen,174.4037,155.556,204.444,125.0,-275.0,False,dense_cartesian
895,mirror,motoring,180.8545,28.6105,-28.6105,150.0,275.0,False,dense_cartesian
895,mirror,regen,180.8545,151.3895,208.6105,150.0,-275.0,False,dense_cartesian
896,mirror,motoring,188.1932,32.4712,-32.4712,175.0,275.0,False,dense_cartesian
896,mirror,regen,188.1932,147.5288,212.4712,175.0,-275.0,False,dense_cartesian
897,mirror,motoring,196.3203,36.0274,-36.0274,200.0,275.0,False,dense_cartesian
897,mirror,regen,196.3203,143.9726,216.0274,200.0,-275.0,False,dense_cartesian
898,mirror,motoring,205.1422,39.2894,-39.2894,225.0,275.0,False,dense_cartesian
898,mirror,regen,205.1422,140.7106,219.2894,225.0,-275.0,False,dense_cartesian
899,mirror,motoring,214.5732,42.2737,-42.2737,250.0,275.0,False,dense_cartesian
899,mirror,regen,214.5732,137.7263,222.2737,250.0,-275.0,False,dense_cartesian
900,mirror,motoring,224.5366,45.0,-45.0,275.0,275.0,False,dense_cartesian
900,mirror,regen,224.5366,135.0,225.0,275.0,-275.0,False,dense_cartesian
901,mirror,motoring,234.9645,47.4896,-47.4896,300.0,275.0,False,dense_cartesian
901,mirror,regen,234.9645,132.5104,227.4896,300.0,-275.0,False,dense_cartesian
902,mirror,motoring,245.798,49.7636,-49.7636,325.0,275.0,False,dense_cartesian
902,mirror,regen,245.798,130.2364,229.7636,325.0,-275.0,False,dense_cartesian
903,mirror,motoring,256.9857,51.8428,-51.8428,350.0,275.0,False,dense_cartesian
903,mirror,regen,256.9857,128.1572,231.8428,350.0,-275.0,False,dense_cartesian
904,mirror,motoring,268.4834,53.7462,-53.7462,375.0,275.0,False,dense_cartesian
904,mirror,regen,268.4834,126.2538,233.7462,375.0,-275.0,False,dense_cartesian
905,mirror,motoring,280.2529,55.4915,-55.4915,400.0,275.0,False,dense_cartesian
905,mirror,regen,280.2529,124.5085,235.4915,400.0,-275.0,False,dense_cartesian
906,mirror,motoring,292.2613,57.0948,-57.0948,425.0,275.0,False,dense_cartesian
906,mirror,regen,292.2613,122.9052,237.0948,425.0,-275.0,False,dense_cartesian
907,mirror,motoring,304.4804,58.5704,-58.5704,450.0,275.0,False,dense_cartesian
907,mirror,regen,304.4804,121.4296,238.5704,450.0,-275.0,False,dense_cartesian
908,mirror,motoring,316.8859,59.9314,-59.9314,475.0,275.0,False,dense_cartesian
908,mirror,regen,316.8859,120.0686,239.9314,475.0,-275.0,False,dense_cartesian
909,mirror,motoring,329.4566,61.1892,-61.1892,500.0,275.0,False,dense_cartesian
909,mirror,regen,329.4566,118.8108,241.1892,500.0,-275.0,False,dense_cartesian
910,mirror,motoring,342.1744,62.354,-62.354,525.0,275.0,False,dense_cartesian
910,mirror,regen,342.1744,117.646,242.354,525.0,-275.0,False,dense_cartesian
911,mirror,motoring,355.0235,63.4349,-63.4349,550.0,275.0,False,dense_cartesian
911,mirror,regen,355.0235,116.5651,243.4349,550.0,-275.0,False,dense_cartesian
912,mirror,motoring,367.99,64.44,-64.44,575.0,275.0,False,dense_cartesian
912,mirror,regen,367.99,115.56,244.44,575.0,-275.0,False,dense_cartesian
913,mirror,motoring,381.0621,65.3764,-65.3764,600.0,275.0,False,dense_cartesian
913,mirror,regen,381.0621,114.6236,245.3764,600.0,-275.0,False,dense_cartesian
914,mirror,motoring,394.2292,66.2505,-66.2505,625.0,275.0,False,dense_cartesian
914,mirror,regen,394.2292,113.7495,246.2505,625.0,-275.0,False,dense_cartesian
915,mirror,motoring,407.4821,67.0679,-67.0679,650.0,275.0,False,dense_cartesian
915,mirror,regen,407.4821,112.9321,247.0679,650.0,-275.0,False,dense_cartesian
916,mirror,motoring,420.8127,67.8337,-67.8337,675.0,275.0,False,dense_cartesian
916,mirror,regen,420.8127,112.1663,247.8337,675.0,-275.0,False,dense_cartesian
917,mirror,motoring,434.2138,68.5523,-68.5523,700.0,275.0,False,dense_cartesian
917,mirror,regen,434.2138,111.4477,248.5523,700.0,-275.0,False,dense_cartesian
918,mirror,motoring,447.6792,69.2277,-69.2277,725.0,275.0,False,dense_cartesian
918,mirror,regen,447.6792,110.7723,249.2277,725.0,-275.0,False,dense_cartesian
919,mirror,motoring,461.2031,69.8637,-69.8637,750.0,275.0,False,dense_cartesian
919,mirror,regen,461.2031,110.1363,249.8637,750.0,-275.0,False,dense_cartesian
920,mirror,motoring,474.7807,70.4633,-70.4633,775.0,275.0,False,dense_cartesian
920,mirror,regen,474.7807,109.5367,250.4633,775.0,-275.0,False,dense_cartesian
921,mirror,motoring,488.4073,71.0296,-71.0296,800.0,275.0,False,dense_cartesian
921,mirror,regen,488.4073,108.9704,251.0296,800.0,-275.0,False,dense_cartesian
922,mirror,motoring,502.079,71.5651,-71.5651,825.0,275.0,False,dense_cartesian
922,mirror,regen,502.079,108.4349,251.5651,825.0,-275.0,False,dense_cartesian
923,mirror,motoring,515.7923,72.0721,-72.0721,850.0,275.0,False,dense_cartesian
923,mirror,regen,515.7923,107.9279,252.0721,850.0,-275.0,False,dense_cartesian
924,mirror,motoring,529.5438,72.5528,-72.5528,875.0,275.0,False,dense_cartesian
924,mirror,regen,529.5438,107.4472,252.5528,875.0,-275.0,False,dense_cartesian
925,mirror,motoring,543.3308,73.0092,-73.0092,900.0,275.0,False,dense_cartesian
925,mirror,regen,543.3308,106.9908,253.0092,900.0,-275.0,False,dense_cartesian
926,mirror,motoring,557.1505,73.4429,-73.4429,925.0,275.0,False,dense_cartesian
926,mirror,regen,557.1505,106.5571,253.4429,925.0,-275.0,False,dense_cartesian
927,mirror,motoring,571.0006,73.8557,-73.8557,950.0,275.0,False,dense_cartesian
927,mirror,regen,571.0006,106.1443,253.8557,950.0,-275.0,False,dense_cartesian
928,mirror,motoring,584.8789,74.2488,-74.2488,975.0,275.0,False,dense_cartesian
928,mirror,regen,584.8789,105.7512,254.2488,975.0,-275.0,False,dense_cartesian
929,mirror,motoring,598.7835,74.6237,-74.6237,1000.0,275.0,False,dense_cartesian
929,mirror,regen,598.7835,105.3763,254.6237,1000.0,-275.0,False,dense_cartesian
930,mirror,motoring,612.7125,74.9816,-74.9816,1025.0,275.0,False,dense_cartesian
930,mirror,regen,612.7125,105.0184,254.9816,1025.0,-275.0,False,dense_cartesian
931,mirror,motoring,616.6104,-73.6861,73.6861,-1025.0,300.0,False,dense_cartesian
931,mirror,regen,616.6104,253.6861,106.3139,-1025.0,-300.0,False,dense_cartesian
932,mirror,motoring,602.7714,-73.3008,73.3008,-1000.0,300.0,False,dense_cartesian
932,mirror,regen,602.7714,253.3008,106.6992,-1000.0,-300.0,False,dense_cartesian
933,mirror,motoring,588.9609,-72.8973,72.8973,-975.0,300.0,False,dense_cartesian
933,mirror,regen,588.9609,252.8973,107.1027,-975.0,-300.0,False,dense_cartesian
934,mirror,motoring,575.1811,-72.4744,72.4744,-950.0,300.0,False,dense_cartesian
934,mirror,regen,575.1811,252.4744,107.5256,-950.0,-300.0,False,dense_cartesian
935,mirror,motoring,561.4342,-72.0309,72.0309,-925.0,300.0,False,dense_cartesian
935,mirror,regen,561.4342,252.0309,107.9691,-925.0,-300.0,False,dense_cartesian
936,mirror,motoring,547.7226,-71.5651,71.5651,-900.0,300.0,False,dense_cartesian
936,mirror,regen,547.7226,251.5651,108.4349,-900.0,-300.0,False,dense_cartesian
937,mirror,motoring,534.049,-71.0754,71.0754,-875.0,300.0,False,dense_cartesian
937,mirror,regen,534.049,251.0754,108.9246,-875.0,-300.0,False,dense_cartesian
938,mirror,motoring,520.4165,-70.56,70.56,-850.0,300.0,False,dense_cartesian
938,mirror,regen,520.4165,250.56,109.44,-850.0,-300.0,False,dense_cartesian
939,mirror,motoring,506.8284,-70.0169,70.0169,-825.0,300.0,False,dense_cartesian
939,mirror,regen,506.8284,250.0169,109.9831,-825.0,-300.0,False,dense_cartesian
940,mirror,motoring,493.2883,-69.444,69.444,-800.0,300.0,False,dense_cartesian
940,mirror,regen,493.2883,249.444,110.556,-800.0,-300.0,False,dense_cartesian
941,mirror,motoring,479.8003,-68.8387,68.8387,-775.0,300.0,False,dense_cartesian
941,mirror,regen,479.8003,248.8387,111.1613,-775.0,-300.0,False,dense_cartesian
942,mirror,motoring,466.369,-68.1986,68.1986,-750.0,300.0,False,dense_cartesian
942,mirror,regen,466.369,248.1986,111.8014,-750.0,-300.0,False,dense_cartesian
943,mirror,motoring,452.9993,-67.5206,67.5206,-725.0,300.0,False,dense_cartesian
943,mirror,regen,452.9993,247.5206,112.4794,-725.0,-300.0,False,dense_cartesian
944,mirror,motoring,439.6969,-66.8014,66.8014,-700.0,300.0,False,dense_cartesian
944,mirror,regen,439.6969,246.8014,113.1986,-700.0,-300.0,False,dense_cartesian
945,mirror,motoring,426.4681,-66.0375,66.0375,-675.0,300.0,False,dense_cartesian
945,mirror,regen,426.4681,246.0375,113.9625,-675.0,-300.0,False,dense_cartesian
946,mirror,motoring,413.3199,-65.2249,65.2249,-650.0,300.0,False,dense_cartesian
946,mirror,regen,413.3199,245.2249,114.7751,-650.0,-300.0,False,dense_cartesian
947,mirror,motoring,400.2603,-64.359,64.359,-625.0,300.0,False,dense_cartesian
947,mirror,regen,400.2603,244.359,115.641,-625.0,-300.0,False,dense_cartesian
948,mirror,motoring,387.2983,-63.4349,63.4349,-600.0,300.0,False,dense_cartesian
948,mirror,regen,387.2983,243.4349,116.5651,-600.0,-300.0,False,dense_cartesian
949,mirror,motoring,374.444,-62.4472,62.4472,-575.0,300.0,False,dense_cartesian
949,mirror,regen,374.444,242.4472,117.5528,-575.0,-300.0,False,dense_cartesian
950,mirror,motoring,361.7089,-61.3895,61.3895,-550.0,300.0,False,dense_cartesian
950,mirror,regen,361.7089,241.3895,118.6105,-550.0,-300.0,False,dense_cartesian
951,mirror,motoring,349.106,-60.2551,60.2551,-525.0,300.0,False,dense_cartesian
951,mirror,regen,349.106,240.2551,119.7449,-525.0,-300.0,False,dense_cartesian
952,mirror,motoring,336.6502,-59.0362,59.0362,-500.0,300.0,False,dense_cartesian
952,mirror,regen,336.6502,239.0362,120.9638,-500.0,-300.0,False,dense_cartesian
953,mirror,motoring,324.3583,-57.7244,57.7244,-475.0,300.0,False,dense_cartesian
953,mirror,regen,324.3583,237.7244,122.2756,-475.0,-300.0,False,dense_cartesian
954,mirror,motoring,312.2499,-56.3099,56.3099,-450.0,300.0,False,dense_cartesian
954,mirror,regen,312.2499,236.3099,123.6901,-450.0,-300.0,False,dense_cartesian
955,mirror,motoring,300.347,-54.7824,54.7824,-425.0,300.0,False,dense_cartesian
955,mirror,regen,300.347,234.7824,125.2176,-425.0,-300.0,False,dense_cartesian
956,mirror,motoring,288.6751,-53.1301,53.1301,-400.0,300.0,False,dense_cartesian
956,mirror,regen,288.6751,233.1301,126.8699,-400.0,-300.0,False,dense_cartesian
957,mirror,motoring,277.2634,-51.3402,51.3402,-375.0,300.0,False,dense_cartesian
957,mirror,regen,277.2634,231.3402,128.6598,-375.0,-300.0,False,dense_cartesian
958,mirror,motoring,266.1453,-49.3987,49.3987,-350.0,300.0,False,dense_cartesian
958,mirror,regen,266.1453,229.3987,130.6013,-350.0,-300.0,False,dense_cartesian
959,mirror,motoring,255.3592,-47.2906,47.2906,-325.0,300.0,False,dense_cartesian
959,mirror,regen,255.3592,227.2906,132.7094,-325.0,-300.0,False,dense_cartesian
960,mirror,motoring,244.949,-45.0,45.0,-300.0,300.0,False,dense_cartesian
960,mirror,regen,244.949,225.0,135.0,-300.0,-300.0,False,dense_cartesian
961,mirror,motoring,234.9645,-42.5104,42.5104,-275.0,300.0,False,dense_cartesian
961,mirror,regen,234.9645,222.5104,137.4896,-275.0,-300.0,False,dense_cartesian
962,mirror,motoring,225.4625,-39.8056,39.8056,-250.0,300.0,False,dense_cartesian
962,mirror,regen,225.4625,219.8056,140.1944,-250.0,-300.0,False,dense_cartesian
963,mirror,motoring,216.5064,-36.8699,36.8699,-225.0,300.0,False,dense_cartesian
963,mirror,regen,216.5064,216.8699,143.1301,-225.0,-300.0,False,dense_cartesian
964,mirror,motoring,208.1666,-33.6901,33.6901,-200.0,300.0,False,dense_cartesian
964,mirror,regen,208.1666,213.6901,146.3099,-200.0,-300.0,False,dense_cartesian
965,mirror,motoring,200.5202,-30.2564,30.2564,-175.0,300.0,False,dense_cartesian
965,mirror,regen,200.5202,210.2564,149.7436,-175.0,-300.0,False,dense_cartesian
966,mirror,motoring,193.6492,-26.5651,26.5651,-150.0,300.0,False,dense_cartesian
966,mirror,regen,193.6492,206.5651,153.4349,-150.0,-300.0,False,dense_cartesian
967,mirror,motoring,187.6388,-22.6199,22.6199,-125.0,300.0,False,dense_cartesian
967,mirror,regen,187.6388,202.6199,157.3801,-125.0,-300.0,False,dense_cartesian
968,mirror,motoring,182.5742,-18.4349,18.4349,-100.0,300.0,False,dense_cartesian
968,mirror,regen,182.5742,198.4349,161.5651,-100.0,-300.0,False,dense_cartesian
969,mirror,motoring,178.5357,-14.0362,14.0362,-75.0,300.0,False,dense_cartesian
969,mirror,regen,178.5357,194.0362,165.9638,-75.0,-300.0,False,dense_cartesian
970,mirror,motoring,175.5942,-9.4623,9.4623,-50.0,300.0,False,dense_cartesian
970,mirror,regen,175.5942,189.4623,170.5377,-50.0,-300.0,False,dense_cartesian
971,mirror,motoring,173.8054,-4.7636,4.7636,-25.0,300.0,False,dense_cartesian
971,mirror,regen,173.8054,184.7636,175.2364,-25.0,-300.0,False,dense_cartesian
972,mirror,motoring,173.2051,0.0,0.0,0.0,300.0,False,dense_cartesian
972,mirror,regen,173.2051,180.0,180.0,0.0,-300.0,False,dense_cartesian
973,mirror,motoring,173.8054,4.7636,-4.7636,25.0,300.0,False,dense_cartesian
973,mirror,regen,173.8054,175.2364,184.7636,25.0,-300.0,False,dense_cartesian
974,mirror,motoring,175.5942,9.4623,-9.4623,50.0,300.0,False,dense_cartesian
974,mirror,regen,175.5942,170.5377,189.4623,50.0,-300.0,False,dense_cartesian
975,mirror,motoring,178.5357,14.0362,-14.0362,75.0,300.0,False,dense_cartesian
975,mirror,regen,178.5357,165.9638,194.0362,75.0,-300.0,False,dense_cartesian
976,mirror,motoring,182.5742,18.4349,-18.4349,100.0,300.0,False,dense_cartesian
976,mirror,regen,182.5742,161.5651,198.4349,100.0,-300.0,False,dense_cartesian
977,mirror,motoring,187.6388,22.6199,-22.6199,125.0,300.0,False,dense_cartesian
977,mirror,regen,187.6388,157.3801,202.6199,125.0,-300.0,False,dense_cartesian
978,mirror,motoring,193.6492,26.5651,-26.5651,150.0,300.0,False,dense_cartesian
978,mirror,regen,193.6492,153.4349,206.5651,150.0,-300.0,False,dense_cartesian
979,mirror,motoring,200.5202,30.2564,-30.2564,175.0,300.0,False,dense_cartesian
979,mirror,regen,200.5202,149.7436,210.2564,175.0,-300.0,False,dense_cartesian
980,mirror,motoring,208.1666,33.6901,-33.6901,200.0,300.0,False,dense_cartesian
980,mirror,regen,208.1666,146.3099,213.6901,200.0,-300.0,False,dense_cartesian
981,mirror,motoring,216.5064,36.8699,-36.8699,225.0,300.0,False,dense_cartesian
981,mirror,regen,216.5064,143.1301,216.8699,225.0,-300.0,False,dense_cartesian
982,mirror,motoring,225.4625,39.8056,-39.8056,250.0,300.0,False,dense_cartesian
982,mirror,regen,225.4625,140.1944,219.8056,250.0,-300.0,False,dense_cartesian
983,mirror,motoring,234.9645,42.5104,-42.5104,275.0,300.0,False,dense_cartesian
983,mirror,regen,234.9645,137.4896,222.5104,275.0,-300.0,False,dense_cartesian
984,mirror,motoring,244.949,45.0,-45.0,300.0,300.0,False,dense_cartesian
984,mirror,regen,244.949,135.0,225.0,300.0,-300.0,False,dense_cartesian
985,mirror,motoring,255.3592,47.2906,-47.2906,325.0,300.0,False,dense_cartesian
985,mirror,regen,255.3592,132.7094,227.2906,325.0,-300.0,False,dense_cartesian
986,mirror,motoring,266.1453,49.3987,-49.3987,350.0,300.0,False,dense_cartesian
986,mirror,regen,266.1453,130.6013,229.3987,350.0,-300.0,False,dense_cartesian
987,mirror,motoring,277.2634,51.3402,-51.3402,375.0,300.0,False,dense_cartesian
987,mirror,regen,277.2634,128.6598,231.3402,375.0,-300.0,False,dense_cartesian
988,mirror,motoring,288.6751,53.1301,-53.1301,400.0,300.0,False,dense_cartesian
988,mirror,regen,288.6751,126.8699,233.1301,400.0,-300.0,False,dense_cartesian
989,mirror,motoring,300.347,54.7824,-54.7824,425.0,300.0,False,dense_cartesian
989,mirror,regen,300.347,125.2176,234.7824,425.0,-300.0,False,dense_cartesian
990,mirror,motoring,312.2499,56.3099,-56.3099,450.0,300.0,False,dense_cartesian
990,mirror,regen,312.2499,123.6901,236.3099,450.0,-300.0,False,dense_cartesian
991,mirror,motoring,324.3583,57.7244,-57.7244,475.0,300.0,False,dense_cartesian
991,mirror,regen,324.3583,122.2756,237.7244,475.0,-300.0,False,dense_cartesian
992,mirror,motoring,336.6502,59.0362,-59.0362,500.0,300.0,False,dense_cartesian
992,mirror,regen,336.6502,120.9638,239.0362,500.0,-300.0,False,dense_cartesian
993,mirror,motoring,349.106,60.2551,-60.2551,525.0,300.0,False,dense_cartesian
993,mirror,regen,349.106,119.7449,240.2551,525.0,-300.0,False,dense_cartesian
994,mirror,motoring,361.7089,61.3895,-61.3895,550.0,300.0,False,dense_cartesian
994,mirror,regen,361.7089,118.6105,241.3895,550.0,-300.0,False,dense_cartesian
995,mirror,motoring,374.444,62.4472,-62.4472,575.0,300.0,False,dense_cartesian
995,mirror,regen,374.444,117.5528,242.4472,575.0,-300.0,False,dense_cartesian
996,mirror,motoring,387.2983,63.4349,-63.4349,600.0,300.0,False,dense_cartesian
996,mirror,regen,387.2983,116.5651,243.4349,600.0,-300.0,False,dense_cartesian
997,mirror,motoring,400.2603,64.359,-64.359,625.0,300.0,False,dense_cartesian
997,mirror,regen,400.2603,115.641,244.359,625.0,-300.0,False,dense_cartesian
998,mirror,motoring,413.3199,65.2249,-65.2249,650.0,300.0,False,dense_cartesian
998,mirror,regen,413.3199,114.7751,245.2249,650.0,-300.0,False,dense_cartesian
999,mirror,motoring,426.4681,66.0375,-66.0375,675.0,300.0,False,dense_cartesian
999,mirror,regen,426.4681,113.9625,246.0375,675.0,-300.0,False,dense_cartesian
1000,mirror,motoring,439.6969,66.8014,-66.8014,700.0,300.0,False,dense_cartesian
1000,mirror,regen,439.6969,113.1986,246.8014,700.0,-300.0,False,dense_cartesian
1001,mirror,motoring,452.9993,67.5206,-67.5206,725.0,300.0,False,dense_cartesian
1001,mirror,regen,452.9993,112.4794,247.5206,725.0,-300.0,False,dense_cartesian
1002,mirror,motoring,466.369,68.1986,-68.1986,750.0,300.0,False,dense_cartesian
1002,mirror,regen,466.369,111.8014,248.1986,750.0,-300.0,False,dense_cartesian
1003,mirror,motoring,479.8003,68.8387,-68.8387,775.0,300.0,False,dense_cartesian
1003,mirror,regen,479.8003,111.1613,248.8387,775.0,-300.0,False,dense_cartesian
1004,mirror,motoring,493.2883,69.444,-69.444,800.0,300.0,False,dense_cartesian
1004,mirror,regen,493.2883,110.556,249.444,800.0,-300.0,False,dense_cartesian
1005,mirror,motoring,506.8284,70.0169,-70.0169,825.0,300.0,False,dense_cartesian
1005,mirror,regen,506.8284,109.9831,250.0169,825.0,-300.0,False,dense_cartesian
1006,mirror,motoring,520.4165,70.56,-70.56,850.0,300.0,False,dense_cartesian
1006,mirror,regen,520.4165,109.44,250.56,850.0,-300.0,False,dense_cartesian
1007,mirror,motoring,534.049,71.0754,-71.0754,875.0,300.0,False,dense_cartesian
1007,mirror,regen,534.049,108.9246,251.0754,875.0,-300.0,False,dense_cartesian
1008,mirror,motoring,547.7226,71.5651,-71.5651,900.0,300.0,False,dense_cartesian
1008,mirror,regen,547.7226,108.4349,251.5651,900.0,-300.0,False,dense_cartesian
1009,mirror,motoring,561.4342,72.0309,-72.0309,925.0,300.0,False,dense_cartesian
1009,mirror,regen,561.4342,107.9691,252.0309,925.0,-300.0,False,dense_cartesian
1010,mirror,motoring,575.1811,72.4744,-72.4744,950.0,300.0,False,dense_cartesian
1010,mirror,regen,575.1811,107.5256,252.4744,950.0,-300.0,False,dense_cartesian
1011,mirror,motoring,588.9609,72.8973,-72.8973,975.0,300.0,False,dense_cartesian
1011,mirror,regen,588.9609,107.1027,252.8973,975.0,-300.0,False,dense_cartesian
1012,mirror,motoring,602.7714,73.3008,-73.3008,1000.0,300.0,False,dense_cartesian
1012,mirror,regen,602.7714,106.6992,253.3008,1000.0,-300.0,False,dense_cartesian
1013,mirror,motoring,616.6104,73.6861,-73.6861,1025.0,300.0,False,dense_cartesian
1013,mirror,regen,616.6104,106.3139,253.6861,1025.0,-300.0,False,dense_cartesian
1014,mirror,motoring,607.0763,-71.9958,71.9958,-1000.0,325.0,False,dense_cartesian
1014,mirror,regen,607.0763,251.9958,108.0042,-1000.0,-325.0,False,dense_cartesian
1015,mirror,motoring,593.3661,-71.5651,71.5651,-975.0,325.0,False,dense_cartesian
1015,mirror,regen,593.3661,251.5651,108.4349,-975.0,-325.0,False,dense_cartesian
1016,mirror,motoring,579.691,-71.1139,71.1139,-950.0,325.0,False,dense_cartesian
1016,mirror,regen,579.691,251.1139,108.8861,-950.0,-325.0,False,dense_cartesian
1017,mirror,motoring,566.0536,-70.641,70.641,-925.0,325.0,False,dense_cartesian
1017,mirror,regen,566.0536,250.641,109.359,-925.0,-325.0,False,dense_cartesian
1018,mirror,motoring,552.4566,-70.1448,70.1448,-900.0,325.0,False,dense_cartesian
1018,mirror,regen,552.4566,250.1448,109.8552,-900.0,-325.0,False,dense_cartesian
1019,mirror,motoring,538.9032,-69.6236,69.6236,-875.0,325.0,False,dense_cartesian
1019,mirror,regen,538.9032,249.6236,110.3764,-875.0,-325.0,False,dense_cartesian
1020,mirror,motoring,525.3967,-69.0755,69.0755,-850.0,325.0,False,dense_cartesian
1020,mirror,regen,525.3967,249.0755,110.9245,-850.0,-325.0,False,dense_cartesian
1021,mirror,motoring,511.9408,-68.4986,68.4986,-825.0,325.0,False,dense_cartesian
1021,mirror,regen,511.9408,248.4986,111.5014,-825.0,-325.0,False,dense_cartesian
1022,mirror,motoring,498.5395,-67.8906,67.8906,-800.0,325.0,False,dense_cartesian
1022,mirror,regen,498.5395,247.8906,112.1094,-800.0,-325.0,False,dense_cartesian
1023,mirror,motoring,485.1976,-67.249,67.249,-775.0,325.0,False,dense_cartesian
1023,mirror,regen,485.1976,247.249,112.751,-775.0,-325.0,False,dense_cartesian
1024,mirror,motoring,471.9198,-66.5713,66.5713,-750.0,325.0,False,dense_cartesian
1024,mirror,regen,471.9198,246.5713,113.4287,-750.0,-325.0,False,dense_cartesian
1025,mirror,motoring,458.712,-65.8545,65.8545,-725.0,325.0,False,dense_cartesian
1025,mirror,regen,458.712,245.8545,114.1455,-725.0,-325.0,False,dense_cartesian
1026,mirror,motoring,445.5801,-65.0952,65.0952,-700.0,325.0,False,dense_cartesian
1026,mirror,regen,445.5801,245.0952,114.9048,-700.0,-325.0,False,dense_cartesian
1027,mirror,motoring,432.5313,-64.29,64.29,-675.0,325.0,False,dense_cartesian
1027,mirror,regen,432.5313,244.29,115.71,-675.0,-325.0,False,dense_cartesian
1028,mirror,motoring,419.5732,-63.4349,63.4349,-650.0,325.0,False,dense_cartesian
1028,mirror,regen,419.5732,243.4349,116.5651,-650.0,-325.0,False,dense_cartesian
1029,mirror,motoring,406.7145,-62.5256,62.5256,-625.0,325.0,False,dense_cartesian
1029,mirror,regen,406.7145,242.5256,117.4744,-625.0,-325.0,False,dense_cartesian
1030,mirror,motoring,393.9649,-61.5571,61.5571,-600.0,325.0,False,dense_cartesian
1030,mirror,regen,393.9649,241.5571,118.4429,-600.0,-325.0,False,dense_cartesian
1031,mirror,motoring,381.3354,-60.5241,60.5241,-575.0,325.0,False,dense_cartesian
1031,mirror,regen,381.3354,240.5241,119.4759,-575.0,-325.0,False,dense_cartesian
1032,mirror,motoring,368.8383,-59.4208,59.4208,-550.0,325.0,False,dense_cartesian
1032,mirror,regen,368.8383,239.4208,120.5792,-550.0,-325.0,False,dense_cartesian
1033,mirror,motoring,356.4875,-58.2405,58.2405,-525.0,325.0,False,dense_cartesian
1033,mirror,regen,356.4875,238.2405,121.7595,-525.0,-325.0,False,dense_cartesian
1034,mirror,motoring,344.2988,-56.9761,56.9761,-500.0,325.0,False,dense_cartesian
1034,mirror,regen,344.2988,236.9761,123.0239,-500.0,-325.0,False,dense_cartesian
1035,mirror,motoring,332.29,-55.6197,55.6197,-475.0,325.0,False,dense_cartesian
1035,mirror,regen,332.29,235.6197,124.3803,-475.0,-325.0,False,dense_cartesian
1036,mirror,motoring,320.4814,-54.1623,54.1623,-450.0,325.0,False,dense_cartesian
1036,mirror,regen,320.4814,234.1623,125.8377,-450.0,-325.0,False,dense_cartesian
1037,mirror,motoring,308.8959,-52.5946,52.5946,-425.0,325.0,False,dense_cartesian
1037,mirror,regen,308.8959,232.5946,127.4054,-425.0,-325.0,False,dense_cartesian
1038,mirror,motoring,297.5595,-50.9061,50.9061,-400.0,325.0,False,dense_cartesian
1038,mirror,regen,297.5595,230.9061,129.0939,-400.0,-325.0,False,dense_cartesian
1039,mirror,motoring,286.5019,-49.0856,49.0856,-375.0,325.0,False,dense_cartesian
1039,mirror,regen,286.5019,229.0856,130.9144,-375.0,-325.0,False,dense_cartesian
1040,mirror,motoring,275.7565,-47.1211,47.1211,-350.0,325.0,False,dense_cartesian
1040,mirror,regen,275.7565,227.1211,132.8789,-350.0,-325.0,False,dense_cartesian
1041,mirror,motoring,265.3614,-45.0,45.0,-325.0,325.0,False,dense_cartesian
1041,mirror,regen,265.3614,225.0,135.0,-325.0,-325.0,False,dense_cartesian
1042,mirror,motoring,255.3592,-42.7094,42.7094,-300.0,325.0,False,dense_cartesian
1042,mirror,regen,255.3592,222.7094,137.2906,-300.0,-325.0,False,dense_cartesian
1043,mirror,motoring,245.798,-40.2364,40.2364,-275.0,325.0,False,dense_cartesian
1043,mirror,regen,245.798,220.2364,139.7636,-275.0,-325.0,False,dense_cartesian
1044,mirror,motoring,236.7312,-37.5686,37.5686,-250.0,325.0,False,dense_cartesian
1044,mirror,regen,236.7312,217.5686,142.4314,-250.0,-325.0,False,dense_cartesian
1045,mirror,motoring,228.2177,-34.6952,34.6952,-225.0,325.0,False,dense_cartesian
1045,mirror,regen,228.2177,214.6952,145.3048,-225.0,-325.0,False,dense_cartesian
1046,mirror,motoring,220.3217,-31.6075,31.6075,-200.0,325.0,False,dense_cartesian
1046,mirror,regen,220.3217,211.6075,148.3925,-200.0,-325.0,False,dense_cartesian
1047,mirror,motoring,213.1119,-28.3008,28.3008,-175.0,325.0,False,dense_cartesian
1047,mirror,regen,213.1119,208.3008,151.6992,-175.0,-325.0,False,dense_cartesian
1048,mirror,motoring,206.6599,-24.7751,24.7751,-150.0,325.0,False,dense_cartesian
1048,mirror,regen,206.6599,204.7751,155.2249,-150.0,-325.0,False,dense_cartesian
1049,mirror,motoring,201.039,-21.0375,21.0375,-125.0,325.0,False,dense_cartesian
1049,mirror,regen,201.039,201.0375,158.9625,-125.0,-325.0,False,dense_cartesian
1050,mirror,motoring,196.3203,-17.1027,17.1027,-100.0,325.0,False,dense_cartesian
1050,mirror,regen,196.3203,197.1027,162.8973,-100.0,-325.0,False,dense_cartesian
1051,mirror,motoring,192.5703,-12.9946,12.9946,-75.0,325.0,False,dense_cartesian
1051,mirror,regen,192.5703,192.9946,167.0054,-75.0,-325.0,False,dense_cartesian
1052,mirror,motoring,189.8464,-8.7462,8.7462,-50.0,325.0,False,dense_cartesian
1052,mirror,regen,189.8464,188.7462,171.2538,-50.0,-325.0,False,dense_cartesian
1053,mirror,motoring,188.1932,-4.3987,4.3987,-25.0,325.0,False,dense_cartesian
1053,mirror,regen,188.1932,184.3987,175.6013,-25.0,-325.0,False,dense_cartesian
1054,mirror,motoring,187.6388,0.0,0.0,0.0,325.0,False,dense_cartesian
1054,mirror,regen,187.6388,180.0,180.0,0.0,-325.0,False,dense_cartesian
1055,mirror,motoring,188.1932,4.3987,-4.3987,25.0,325.0,False,dense_cartesian
1055,mirror,regen,188.1932,175.6013,184.3987,25.0,-325.0,False,dense_cartesian
1056,mirror,motoring,189.8464,8.7462,-8.7462,50.0,325.0,False,dense_cartesian
1056,mirror,regen,189.8464,171.2538,188.7462,50.0,-325.0,False,dense_cartesian
1057,mirror,motoring,192.5703,12.9946,-12.9946,75.0,325.0,False,dense_cartesian
1057,mirror,regen,192.5703,167.0054,192.9946,75.0,-325.0,False,dense_cartesian
1058,mirror,motoring,196.3203,17.1027,-17.1027,100.0,325.0,False,dense_cartesian
1058,mirror,regen,196.3203,162.8973,197.1027,100.0,-325.0,False,dense_cartesian
1059,mirror,motoring,201.039,21.0375,-21.0375,125.0,325.0,False,dense_cartesian
1059,mirror,regen,201.039,158.9625,201.0375,125.0,-325.0,False,dense_cartesian
1060,mirror,motoring,206.6599,24.7751,-24.7751,150.0,325.0,False,dense_cartesian
1060,mirror,regen,206.6599,155.2249,204.7751,150.0,-325.0,False,dense_cartesian
1061,mirror,motoring,213.1119,28.3008,-28.3008,175.0,325.0,False,dense_cartesian
1061,mirror,regen,213.1119,151.6992,208.3008,175.0,-325.0,False,dense_cartesian
1062,mirror,motoring,220.3217,31.6075,-31.6075,200.0,325.0,False,dense_cartesian
1062,mirror,regen,220.3217,148.3925,211.6075,200.0,-325.0,False,dense_cartesian
1063,mirror,motoring,228.2177,34.6952,-34.6952,225.0,325.0,False,dense_cartesian
1063,mirror,regen,228.2177,145.3048,214.6952,225.0,-325.0,False,dense_cartesian
1064,mirror,motoring,236.7312,37.5686,-37.5686,250.0,325.0,False,dense_cartesian
1064,mirror,regen,236.7312,142.4314,217.5686,250.0,-325.0,False,dense_cartesian
1065,mirror,motoring,245.798,40.2364,-40.2364,275.0,325.0,False,dense_cartesian
1065,mirror,regen,245.798,139.7636,220.2364,275.0,-325.0,False,dense_cartesian
1066,mirror,motoring,255.3592,42.7094,-42.7094,300.0,325.0,False,dense_cartesian
1066,mirror,regen,255.3592,137.2906,222.7094,300.0,-325.0,False,dense_cartesian
1067,mirror,motoring,265.3614,45.0,-45.0,325.0,325.0,False,dense_cartesian
1067,mirror,regen,265.3614,135.0,225.0,325.0,-325.0,False,dense_cartesian
1068,mirror,motoring,275.7565,47.1211,-47.1211,350.0,325.0,False,dense_cartesian
1068,mirror,regen,275.7565,132.8789,227.1211,350.0,-325.0,False,dense_cartesian
1069,mirror,motoring,286.5019,49.0856,-49.0856,375.0,325.0,False,dense_cartesian
1069,mirror,regen,286.5019,130.9144,229.0856,375.0,-325.0,False,dense_cartesian
1070,mirror,motoring,297.5595,50.9061,-50.9061,400.0,325.0,False,dense_cartesian
1070,mirror,regen,297.5595,129.0939,230.9061,400.0,-325.0,False,dense_cartesian
1071,mirror,motoring,308.8959,52.5946,-52.5946,425.0,325.0,False,dense_cartesian
1071,mirror,regen,308.8959,127.4054,232.5946,425.0,-325.0,False,dense_cartesian
1072,mirror,motoring,320.4814,54.1623,-54.1623,450.0,325.0,False,dense_cartesian
1072,mirror,regen,320.4814,125.8377,234.1623,450.0,-325.0,False,dense_cartesian
1073,mirror,motoring,332.29,55.6197,-55.6197,475.0,325.0,False,dense_cartesian
1073,mirror,regen,332.29,124.3803,235.6197,475.0,-325.0,False,dense_cartesian
1074,mirror,motoring,344.2988,56.9761,-56.9761,500.0,325.0,False,dense_cartesian
1074,mirror,regen,344.2988,123.0239,236.9761,500.0,-325.0,False,dense_cartesian
1075,mirror,motoring,356.4875,58.2405,-58.2405,525.0,325.0,False,dense_cartesian
1075,mirror,regen,356.4875,121.7595,238.2405,525.0,-325.0,False,dense_cartesian
1076,mirror,motoring,368.8383,59.4208,-59.4208,550.0,325.0,False,dense_cartesian
1076,mirror,regen,368.8383,120.5792,239.4208,550.0,-325.0,False,dense_cartesian
1077,mirror,motoring,381.3354,60.5241,-60.5241,575.0,325.0,False,dense_cartesian
1077,mirror,regen,381.3354,119.4759,240.5241,575.0,-325.0,False,dense_cartesian
1078,mirror,motoring,393.9649,61.5571,-61.5571,600.0,325.0,False,dense_cartesian
1078,mirror,regen,393.9649,118.4429,241.5571,600.0,-325.0,False,dense_cartesian
1079,mirror,motoring,406.7145,62.5256,-62.5256,625.0,325.0,False,dense_cartesian
1079,mirror,regen,406.7145,117.4744,242.5256,625.0,-325.0,False,dense_cartesian
1080,mirror,motoring,419.5732,63.4349,-63.4349,650.0,325.0,False,dense_cartesian
1080,mirror,regen,419.5732,116.5651,243.4349,650.0,-325.0,False,dense_cartesian
1081,mirror,motoring,432.5313,64.29,-64.29,675.0,325.0,False,dense_cartesian
1081,mirror,regen,432.5313,115.71,244.29,675.0,-325.0,False,dense_cartesian
1082,mirror,motoring,445.5801,65.0952,-65.0952,700.0,325.0,False,dense_cartesian
1082,mirror,regen,445.5801,114.9048,245.0952,700.0,-325.0,False,dense_cartesian
1083,mirror,motoring,458.712,65.8545,-65.8545,725.0,325.0,False,dense_cartesian
1083,mirror,regen,458.712,114.1455,245.8545,725.0,-325.0,False,dense_cartesian
1084,mirror,motoring,471.9198,66.5713,-66.5713,750.0,325.0,False,dense_cartesian
1084,mirror,regen,471.9198,113.4287,246.5713,750.0,-325.0,False,dense_cartesian
1085,mirror,motoring,485.1976,67.249,-67.249,775.0,325.0,False,dense_cartesian
1085,mirror,regen,485.1976,112.751,247.249,775.0,-325.0,False,dense_cartesian
1086,mirror,motoring,498.5395,67.8906,-67.8906,800.0,325.0,False,dense_cartesian
1086,mirror,regen,498.5395,112.1094,247.8906,800.0,-325.0,False,dense_cartesian
1087,mirror,motoring,511.9408,68.4986,-68.4986,825.0,325.0,False,dense_cartesian
1087,mirror,regen,511.9408,111.5014,248.4986,825.0,-325.0,False,dense_cartesian
1088,mirror,motoring,525.3967,69.0755,-69.0755,850.0,325.0,False,dense_cartesian
1088,mirror,regen,525.3967,110.9245,249.0755,850.0,-325.0,False,dense_cartesian
1089,mirror,motoring,538.9032,69.6236,-69.6236,875.0,325.0,False,dense_cartesian
1089,mirror,regen,538.9032,110.3764,249.6236,875.0,-325.0,False,dense_cartesian
1090,mirror,motoring,552.4566,70.1448,-70.1448,900.0,325.0,False,dense_cartesian
1090,mirror,regen,552.4566,109.8552,250.1448,900.0,-325.0,False,dense_cartesian
1091,mirror,motoring,566.0536,70.641,-70.641,925.0,325.0,False,dense_cartesian
1091,mirror,regen,566.0536,109.359,250.641,925.0,-325.0,False,dense_cartesian
1092,mirror,motoring,579.691,71.1139,-71.1139,950.0,325.0,False,dense_cartesian
1092,mirror,regen,579.691,108.8861,251.1139,950.0,-325.0,False,dense_cartesian
1093,mirror,motoring,593.3661,71.5651,-71.5651,975.0,325.0,False,dense_cartesian
1093,mirror,regen,593.3661,108.4349,251.5651,975.0,-325.0,False,dense_cartesian
1094,mirror,motoring,607.0763,71.9958,-71.9958,1000.0,325.0,False,dense_cartesian
1094,mirror,regen,607.0763,108.0042,251.9958,1000.0,-325.0,False,dense_cartesian
1095,mirror,motoring,611.6916,-70.71,70.71,-1000.0,350.0,False,dense_cartesian
1095,mirror,regen,611.6916,250.71,109.29,-1000.0,-350.0,False,dense_cartesian
1096,mirror,motoring,598.0872,-70.2532,70.2532,-975.0,350.0,False,dense_cartesian
1096,mirror,regen,598.0872,250.2532,109.7468,-975.0,-350.0,False,dense_cartesian
1097,mirror,motoring,584.5226,-69.7751,69.7751,-950.0,350.0,False,dense_cartesian
1097,mirror,regen,584.5226,249.7751,110.2249,-950.0,-350.0,False,dense_cartesian
1098,mirror,motoring,571.0006,-69.2744,69.2744,-925.0,350.0,False,dense_cartesian
1098,mirror,regen,571.0006,249.2744,110.7256,-925.0,-350.0,False,dense_cartesian
1099,mirror,motoring,557.5243,-68.7495,68.7495,-900.0,350.0,False,dense_cartesian
1099,mirror,regen,557.5243,248.7495,111.2505,-900.0,-350.0,False,dense_cartesian
1100,mirror,motoring,544.0971,-68.1986,68.1986,-875.0,350.0,False,dense_cartesian
1100,mirror,regen,544.0971,248.1986,111.8014,-875.0,-350.0,False,dense_cartesian
1101,mirror,motoring,530.7228,-67.6199,67.6199,-850.0,350.0,False,dense_cartesian
1101,mirror,regen,530.7228,247.6199,112.3801,-850.0,-350.0,False,dense_cartesian
1102,mirror,motoring,517.4054,-67.0113,67.0113,-825.0,350.0,False,dense_cartesian
1102,mirror,regen,517.4054,247.0113,112.9887,-825.0,-350.0,False,dense_cartesian
1103,mirror,motoring,504.1494,-66.3706,66.3706,-800.0,350.0,False,dense_cartesian
1103,mirror,regen,504.1494,246.3706,113.6294,-800.0,-350.0,False,dense_cartesian
1104,mirror,motoring,490.9599,-65.6955,65.6955,-775.0,350.0,False,dense_cartesian
1104,mirror,regen,490.9599,245.6955,114.3045,-775.0,-350.0,False,dense_cartesian
1105,mirror,motoring,477.8424,-64.9831,64.9831,-750.0,350.0,False,dense_cartesian
1105,mirror,regen,477.8424,244.9831,115.0169,-750.0,-350.0,False,dense_cartesian
1106,mirror,motoring,464.8028,-64.2307,64.2307,-725.0,350.0,False,dense_cartesian
1106,mirror,regen,464.8028,244.2307,115.7693,-725.0,-350.0,False,dense_cartesian
1107,mirror,motoring,451.8481,-63.4349,63.4349,-700.0,350.0,False,dense_cartesian
1107,mirror,regen,451.8481,243.4349,116.5651,-700.0,-350.0,False,dense_cartesian
1108,mirror,motoring,438.9856,-62.5924,62.5924,-675.0,350.0,False,dense_cartesian
1108,mirror,regen,438.9856,242.5924,117.4076,-675.0,-350.0,False,dense_cartesian
1109,mirror,motoring,426.2237,-61.6992,61.6992,-650.0,350.0,False,dense_cartesian
1109,mirror,regen,426.2237,241.6992,118.3008,-650.0,-350.0,False,dense_cartesian
1110,mirror,motoring,413.5718,-60.7512,60.7512,-625.0,350.0,False,dense_cartesian
1110,mirror,regen,413.5718,240.7512,119.2488,-625.0,-350.0,False,dense_cartesian
1111,mirror,motoring,401.0403,-59.7436,59.7436,-600.0,350.0,False,dense_cartesian
1111,mirror,regen,401.0403,239.7436,120.2564,-600.0,-350.0,False,dense_cartesian
1112,mirror,motoring,388.6408,-58.6713,58.6713,-575.0,350.0,False,dense_cartesian
1112,mirror,regen,388.6408,238.6713,121.3287,-575.0,-350.0,False,dense_cartesian
1113,mirror,motoring,376.3863,-57.5288,57.5288,-550.0,350.0,False,dense_cartesian
1113,mirror,regen,376.3863,237.5288,122.4712,-550.0,-350.0,False,dense_cartesian
1114,mirror,motoring,364.2915,-56.3099,56.3099,-525.0,350.0,False,dense_cartesian
1114,mirror,regen,364.2915,236.3099,123.6901,-525.0,-350.0,False,dense_cartesian
1115,mirror,motoring,352.3729,-55.008,55.008,-500.0,350.0,False,dense_cartesian
1115,mirror,regen,352.3729,235.008,124.992,-500.0,-350.0,False,dense_cartesian
1116,mirror,motoring,340.6489,-53.6156,53.6156,-475.0,350.0,False,dense_cartesian
1116,mirror,regen,340.6489,233.6156,126.3844,-475.0,-350.0,False,dense_cartesian
1117,mirror,motoring,329.1403,-52.125,52.125,-450.0,350.0,False,dense_cartesian
1117,mirror,regen,329.1403,232.125,127.875,-450.0,-350.0,False,dense_cartesian
1118,mirror,motoring,317.8705,-50.5275,50.5275,-425.0,350.0,False,dense_cartesian
1118,mirror,regen,317.8705,230.5275,129.4725,-425.0,-350.0,False,dense_cartesian
1119,mirror,motoring,306.8659,-48.8141,48.8141,-400.0,350.0,False,dense_cartesian
1119,mirror,regen,306.8659,228.8141,131.1859,-400.0,-350.0,False,dense_cartesian
1120,mirror,motoring,296.1559,-46.9749,46.9749,-375.0,350.0,False,dense_cartesian
1120,mirror,regen,296.1559,226.9749,133.0251,-375.0,-350.0,False,dense_cartesian
1121,mirror,motoring,285.7738,-45.0,45.0,-350.0,350.0,False,dense_cartesian
1121,mirror,regen,285.7738,225.0,135.0,-350.0,-350.0,False,dense_cartesian
1122,mirror,motoring,275.7565,-42.8789,42.8789,-325.0,350.0,False,dense_cartesian
1122,mirror,regen,275.7565,222.8789,137.1211,-325.0,-350.0,False,dense_cartesian
1123,mirror,motoring,266.1453,-40.6013,40.6013,-300.0,350.0,False,dense_cartesian
1123,mirror,regen,266.1453,220.6013,139.3987,-300.0,-350.0,False,dense_cartesian
1124,mirror,motoring,256.9857,-38.1572,38.1572,-275.0,350.0,False,dense_cartesian
1124,mirror,regen,256.9857,218.1572,141.8428,-275.0,-350.0,False,dense_cartesian
1125,mirror,motoring,248.3277,-35.5377,35.5377,-250.0,350.0,False,dense_cartesian
1125,mirror,regen,248.3277,215.5377,144.4623,-250.0,-350.0,False,dense_cartesian
1126,mirror,motoring,240.2256,-32.7352,32.7352,-225.0,350.0,False,dense_cartesian
1126,mirror,regen,240.2256,212.7352,147.2648,-225.0,-350.0,False,dense_cartesian
1127,mirror,motoring,232.7373,-29.7449,29.7449,-200.0,350.0,False,dense_cartesian
1127,mirror,regen,232.7373,209.7449,150.2551,-200.0,-350.0,False,dense_cartesian
1128,mirror,motoring,225.924,-26.5651,26.5651,-175.0,350.0,False,dense_cartesian
1128,mirror,regen,225.924,206.5651,153.4349,-175.0,-350.0,False,dense_cartesian
1129,mirror,motoring,219.8484,-23.1986,23.1986,-150.0,350.0,False,dense_cartesian
1129,mirror,regen,219.8484,203.1986,156.8014,-150.0,-350.0,False,dense_cartesian
1130,mirror,motoring,214.5732,-19.6538,19.6538,-125.0,350.0,False,dense_cartesian
1130,mirror,regen,214.5732,199.6538,160.3462,-125.0,-350.0,False,dense_cartesian
1131,mirror,motoring,210.1587,-15.9454,15.9454,-100.0,350.0,False,dense_cartesian
1131,mirror,regen,210.1587,195.9454,164.0546,-100.0,-350.0,False,dense_cartesian
1132,mirror,motoring,206.6599,-12.0948,12.0948,-75.0,350.0,False,dense_cartesian
1132,mirror,regen,206.6599,192.0948,167.9052,-75.0,-350.0,False,dense_cartesian
1133,mirror,motoring,204.1241,-8.1301,8.1301,-50.0,350.0,False,dense_cartesian
1133,mirror,regen,204.1241,188.1301,171.8699,-50.0,-350.0,False,dense_cartesian
1134,mirror,motoring,202.5874,-4.0856,4.0856,-25.0,350.0,False,dense_cartesian
1134,mirror,regen,202.5874,184.0856,175.9144,-25.0,-350.0,False,dense_cartesian
1135,mirror,motoring,202.0726,0.0,0.0,0.0,350.0,False,dense_cartesian
1135,mirror,regen,202.0726,180.0,180.0,0.0,-350.0,False,dense_cartesian
1136,mirror,motoring,202.5874,4.0856,-4.0856,25.0,350.0,False,dense_cartesian
1136,mirror,regen,202.5874,175.9144,184.0856,25.0,-350.0,False,dense_cartesian
1137,mirror,motoring,204.1241,8.1301,-8.1301,50.0,350.0,False,dense_cartesian
1137,mirror,regen,204.1241,171.8699,188.1301,50.0,-350.0,False,dense_cartesian
1138,mirror,motoring,206.6599,12.0948,-12.0948,75.0,350.0,False,dense_cartesian
1138,mirror,regen,206.6599,167.9052,192.0948,75.0,-350.0,False,dense_cartesian
1139,mirror,motoring,210.1587,15.9454,-15.9454,100.0,350.0,False,dense_cartesian
1139,mirror,regen,210.1587,164.0546,195.9454,100.0,-350.0,False,dense_cartesian
1140,mirror,motoring,214.5732,19.6538,-19.6538,125.0,350.0,False,dense_cartesian
1140,mirror,regen,214.5732,160.3462,199.6538,125.0,-350.0,False,dense_cartesian
1141,mirror,motoring,219.8484,23.1986,-23.1986,150.0,350.0,False,dense_cartesian
1141,mirror,regen,219.8484,156.8014,203.1986,150.0,-350.0,False,dense_cartesian
1142,mirror,motoring,225.924,26.5651,-26.5651,175.0,350.0,False,dense_cartesian
1142,mirror,regen,225.924,153.4349,206.5651,175.0,-350.0,False,dense_cartesian
1143,mirror,motoring,232.7373,29.7449,-29.7449,200.0,350.0,False,dense_cartesian
1143,mirror,regen,232.7373,150.2551,209.7449,200.0,-350.0,False,dense_cartesian
1144,mirror,motoring,240.2256,32.7352,-32.7352,225.0,350.0,False,dense_cartesian
1144,mirror,regen,240.2256,147.2648,212.7352,225.0,-350.0,False,dense_cartesian
1145,mirror,motoring,248.3277,35.5377,-35.5377,250.0,350.0,False,dense_cartesian
1145,mirror,regen,248.3277,144.4623,215.5377,250.0,-350.0,False,dense_cartesian
1146,mirror,motoring,256.9857,38.1572,-38.1572,275.0,350.0,False,dense_cartesian
1146,mirror,regen,256.9857,141.8428,218.1572,275.0,-350.0,False,dense_cartesian
1147,mirror,motoring,266.1453,40.6013,-40.6013,300.0,350.0,False,dense_cartesian
1147,mirror,regen,266.1453,139.3987,220.6013,300.0,-350.0,False,dense_cartesian
1148,mirror,motoring,275.7565,42.8789,-42.8789,325.0,350.0,False,dense_cartesian
1148,mirror,regen,275.7565,137.1211,222.8789,325.0,-350.0,False,dense_cartesian
1149,mirror,motoring,285.7738,45.0,-45.0,350.0,350.0,False,dense_cartesian
1149,mirror,regen,285.7738,135.0,225.0,350.0,-350.0,False,dense_cartesian
1150,mirror,motoring,296.1559,46.9749,-46.9749,375.0,350.0,False,dense_cartesian
1150,mirror,regen,296.1559,133.0251,226.9749,375.0,-350.0,False,dense_cartesian
1151,mirror,motoring,306.8659,48.8141,-48.8141,400.0,350.0,False,dense_cartesian
1151,mirror,regen,306.8659,131.1859,228.8141,400.0,-350.0,False,dense_cartesian
1152,mirror,motoring,317.8705,50.5275,-50.5275,425.0,350.0,False,dense_cartesian
1152,mirror,regen,317.8705,129.4725,230.5275,425.0,-350.0,False,dense_cartesian
1153,mirror,motoring,329.1403,52.125,-52.125,450.0,350.0,False,dense_cartesian
1153,mirror,regen,329.1403,127.875,232.125,450.0,-350.0,False,dense_cartesian
1154,mirror,motoring,340.6489,53.6156,-53.6156,475.0,350.0,False,dense_cartesian
1154,mirror,regen,340.6489,126.3844,233.6156,475.0,-350.0,False,dense_cartesian
1155,mirror,motoring,352.3729,55.008,-55.008,500.0,350.0,False,dense_cartesian
1155,mirror,regen,352.3729,124.992,235.008,500.0,-350.0,False,dense_cartesian
1156,mirror,motoring,364.2915,56.3099,-56.3099,525.0,350.0,False,dense_cartesian
1156,mirror,regen,364.2915,123.6901,236.3099,525.0,-350.0,False,dense_cartesian
1157,mirror,motoring,376.3863,57.5288,-57.5288,550.0,350.0,False,dense_cartesian
1157,mirror,regen,376.3863,122.4712,237.5288,550.0,-350.0,False,dense_cartesian
1158,mirror,motoring,388.6408,58.6713,-58.6713,575.0,350.0,False,dense_cartesian
1158,mirror,regen,388.6408,121.3287,238.6713,575.0,-350.0,False,dense_cartesian
1159,mirror,motoring,401.0403,59.7436,-59.7436,600.0,350.0,False,dense_cartesian
1159,mirror,regen,401.0403,120.2564,239.7436,600.0,-350.0,False,dense_cartesian
1160,mirror,motoring,413.5718,60.7512,-60.7512,625.0,350.0,False,dense_cartesian
1160,mirror,regen,413.5718,119.2488,240.7512,625.0,-350.0,False,dense_cartesian
1161,mirror,motoring,426.2237,61.6992,-61.6992,650.0,350.0,False,dense_cartesian
1161,mirror,regen,426.2237,118.3008,241.6992,650.0,-350.0,False,dense_cartesian
1162,mirror,motoring,438.9856,62.5924,-62.5924,675.0,350.0,False,dense_cartesian
1162,mirror,regen,438.9856,117.4076,242.5924,675.0,-350.0,False,dense_cartesian
1163,mirror,motoring,451.8481,63.4349,-63.4349,700.0,350.0,False,dense_cartesian
1163,mirror,regen,451.8481,116.5651,243.4349,700.0,-350.0,False,dense_cartesian
1164,mirror,motoring,464.8028,64.2307,-64.2307,725.0,350.0,False,dense_cartesian
1164,mirror,regen,464.8028,115.7693,244.2307,725.0,-350.0,False,dense_cartesian
1165,mirror,motoring,477.8424,64.9831,-64.9831,750.0,350.0,False,dense_cartesian
1165,mirror,regen,477.8424,115.0169,244.9831,750.0,-350.0,False,dense_cartesian
1166,mirror,motoring,490.9599,65.6955,-65.6955,775.0,350.0,False,dense_cartesian
1166,mirror,regen,490.9599,114.3045,245.6955,775.0,-350.0,False,dense_cartesian
1167,mirror,motoring,504.1494,66.3706,-66.3706,800.0,350.0,False,dense_cartesian
1167,mirror,regen,504.1494,113.6294,246.3706,800.0,-350.0,False,dense_cartesian
1168,mirror,motoring,517.4054,67.0113,-67.0113,825.0,350.0,False,dense_cartesian
1168,mirror,regen,517.4054,112.9887,247.0113,825.0,-350.0,False,dense_cartesian
1169,mirror,motoring,530.7228,67.6199,-67.6199,850.0,350.0,False,dense_cartesian
1169,mirror,regen,530.7228,112.3801,247.6199,850.0,-350.0,False,dense_cartesian
1170,mirror,motoring,544.0971,68.1986,-68.1986,875.0,350.0,False,dense_cartesian
1170,mirror,regen,544.0971,111.8014,248.1986,875.0,-350.0,False,dense_cartesian
1171,mirror,motoring,557.5243,68.7495,-68.7495,900.0,350.0,False,dense_cartesian
1171,mirror,regen,557.5243,111.2505,248.7495,900.0,-350.0,False,dense_cartesian
1172,mirror,motoring,571.0006,69.2744,-69.2744,925.0,350.0,False,dense_cartesian
1172,mirror,regen,571.0006,110.7256,249.2744,925.0,-350.0,False,dense_cartesian
1173,mirror,motoring,584.5226,69.7751,-69.7751,950.0,350.0,False,dense_cartesian
1173,mirror,regen,584.5226,110.2249,249.7751,950.0,-350.0,False,dense_cartesian
1174,mirror,motoring,598.0872,70.2532,-70.2532,975.0,350.0,False,dense_cartesian
1174,mirror,regen,598.0872,109.7468,250.2532,975.0,-350.0,False,dense_cartesian
1175,mirror,motoring,611.6916,70.71,-70.71,1000.0,350.0,False,dense_cartesian
1175,mirror,regen,611.6916,109.29,250.71,1000.0,-350.0,False,dense_cartesian
1176,mirror,motoring,616.6104,-69.444,69.444,-1000.0,375.0,False,dense_cartesian
1176,mirror,regen,616.6104,249.444,110.556,-1000.0,-375.0,False,dense_cartesian
1177,mirror,motoring,603.1169,-68.9625,68.9625,-975.0,375.0,False,dense_cartesian
1177,mirror,regen,603.1169,248.9625,111.0375,-975.0,-375.0,False,dense_cartesian
1178,mirror,motoring,589.668,-68.459,68.459,-950.0,375.0,False,dense_cartesian
1178,mirror,regen,589.668,248.459,111.541,-950.0,-375.0,False,dense_cartesian
1179,mirror,motoring,576.2667,-67.9321,67.9321,-925.0,375.0,False,dense_cartesian
1179,mirror,regen,576.2667,247.9321,112.0679,-925.0,-375.0,False,dense_cartesian
1180,mirror,motoring,562.9165,-67.3801,67.3801,-900.0,375.0,False,dense_cartesian
1180,mirror,regen,562.9165,247.3801,112.6199,-900.0,-375.0,False,dense_cartesian
1181,mirror,motoring,549.6211,-66.8014,66.8014,-875.0,375.0,False,dense_cartesian
1181,mirror,regen,549.6211,246.8014,113.1986,-875.0,-375.0,False,dense_cartesian
1182,mirror,motoring,536.3845,-66.1941,66.1941,-850.0,375.0,False,dense_cartesian
1182,mirror,regen,536.3845,246.1941,113.8059,-850.0,-375.0,False,dense_cartesian
1183,mirror,motoring,523.2112,-65.556,65.556,-825.0,375.0,False,dense_cartesian
1183,mirror,regen,523.2112,245.556,114.444,-825.0,-375.0,False,dense_cartesian
1184,mirror,motoring,510.1062,-64.8852,64.8852,-800.0,375.0,False,dense_cartesian
1184,mirror,regen,510.1062,244.8852,115.1148,-800.0,-375.0,False,dense_cartesian
1185,mirror,motoring,497.0748,-64.179,64.179,-775.0,375.0,False,dense_cartesian
1185,mirror,regen,497.0748,244.179,115.821,-775.0,-375.0,False,dense_cartesian
1186,mirror,motoring,484.1229,-63.4349,63.4349,-750.0,375.0,False,dense_cartesian
1186,mirror,regen,484.1229,243.4349,116.5651,-750.0,-375.0,False,dense_cartesian
1187,mirror,motoring,471.2572,-62.6501,62.6501,-725.0,375.0,False,dense_cartesian
1187,mirror,regen,471.2572,242.6501,117.3499,-725.0,-375.0,False,dense_cartesian
1188,mirror,motoring,458.4848,-61.8214,61.8214,-700.0,375.0,False,dense_cartesian
1188,mirror,regen,458.4848,241.8214,118.1786,-700.0,-375.0,False,dense_cartesian
1189,mirror,motoring,445.8139,-60.9454,60.9454,-675.0,375.0,False,dense_cartesian
1189,mirror,regen,445.8139,240.9454,119.0546,-675.0,-375.0,False,dense_cartesian
1190,mirror,motoring,433.2532,-60.0184,60.0184,-650.0,375.0,False,dense_cartesian
1190,mirror,regen,433.2532,240.0184,119.9816,-650.0,-375.0,False,dense_cartesian
1191,mirror,motoring,420.8127,-59.0362,59.0362,-625.0,375.0,False,dense_cartesian
1191,mirror,regen,420.8127,239.0362,120.9638,-625.0,-375.0,False,dense_cartesian
1192,mirror,motoring,408.5034,-57.9946,57.9946,-600.0,375.0,False,dense_cartesian
1192,mirror,regen,408.5034,237.9946,122.0054,-600.0,-375.0,False,dense_cartesian
1193,mirror,motoring,396.3374,-56.8887,56.8887,-575.0,375.0,False,dense_cartesian
1193,mirror,regen,396.3374,236.8887,123.1113,-575.0,-375.0,False,dense_cartesian
1194,mirror,motoring,384.3284,-55.7131,55.7131,-550.0,375.0,False,dense_cartesian
1194,mirror,regen,384.3284,235.7131,124.2869,-550.0,-375.0,False,dense_cartesian
1195,mirror,motoring,372.4916,-54.4623,54.4623,-525.0,375.0,False,dense_cartesian
1195,mirror,regen,372.4916,234.4623,125.5377,-525.0,-375.0,False,dense_cartesian
1196,mirror,motoring,360.8439,-53.1301,53.1301,-500.0,375.0,False,dense_cartesian
1196,mirror,regen,360.8439,233.1301,126.8699,-500.0,-375.0,False,dense_cartesian
1197,mirror,motoring,349.4043,-51.7098,51.7098,-475.0,375.0,False,dense_cartesian
1197,mirror,regen,349.4043,231.7098,128.2902,-475.0,-375.0,False,dense_cartesian
1198,mirror,motoring,338.1937,-50.1944,50.1944,-450.0,375.0,False,dense_cartesian
1198,mirror,regen,338.1937,230.1944,129.8056,-450.0,-375.0,False,dense_cartesian
1199,mirror,motoring,327.2359,-48.5763,48.5763,-425.0,375.0,False,dense_cartesian
1199,mirror,regen,327.2359,228.5763,131.4237,-425.0,-375.0,False,dense_cartesian
1200,mirror,motoring,316.557,-46.8476,46.8476,-400.0,375.0,False,dense_cartesian
1200,mirror,regen,316.557,226.8476,133.1524,-400.0,-375.0,False,dense_cartesian
1201,mirror,motoring,306.1862,-45.0,45.0,-375.0,375.0,False,dense_cartesian
1201,mirror,regen,306.1862,225.0,135.0,-375.0,-375.0,False,dense_cartesian
1202,mirror,motoring,296.1559,-43.0251,43.0251,-350.0,375.0,False,dense_cartesian
1202,mirror,regen,296.1559,223.0251,136.9749,-350.0,-375.0,False,dense_cartesian
1203,mirror,motoring,286.5019,-40.9144,40.9144,-325.0,375.0,False,dense_cartesian
1203,mirror,regen,286.5019,220.9144,139.0856,-325.0,-375.0,False,dense_cartesian
1204,mirror,motoring,277.2634,-38.6598,38.6598,-300.0,375.0,False,dense_cartesian
1204,mirror,regen,277.2634,218.6598,141.3402,-300.0,-375.0,False,dense_cartesian
1205,mirror,motoring,268.4834,-36.2538,36.2538,-275.0,375.0,False,dense_cartesian
1205,mirror,regen,268.4834,216.2538,143.7462,-275.0,-375.0,False,dense_cartesian
1206,mirror,motoring,260.2082,-33.6901,33.6901,-250.0,375.0,False,dense_cartesian
1206,mirror,regen,260.2082,213.6901,146.3099,-250.0,-375.0,False,dense_cartesian
1207,mirror,motoring,252.4876,-30.9638,30.9638,-225.0,375.0,False,dense_cartesian
1207,mirror,regen,252.4876,210.9638,149.0362,-225.0,-375.0,False,dense_cartesian
1208,mirror,motoring,245.3739,-28.0725,28.0725,-200.0,375.0,False,dense_cartesian
1208,mirror,regen,245.3739,208.0725,151.9275,-200.0,-375.0,False,dense_cartesian
1209,mirror,motoring,238.9212,-25.0169,25.0169,-175.0,375.0,False,dense_cartesian
1209,mirror,regen,238.9212,205.0169,154.9831,-175.0,-375.0,False,dense_cartesian
1210,mirror,motoring,233.1845,-21.8014,21.8014,-150.0,375.0,False,dense_cartesian
1210,mirror,regen,233.1845,201.8014,158.1986,-150.0,-375.0,False,dense_cartesian
1211,mirror,motoring,228.2177,-18.4349,18.4349,-125.0,375.0,False,dense_cartesian
1211,mirror,regen,228.2177,198.4349,161.5651,-125.0,-375.0,False,dense_cartesian
1212,mirror,motoring,224.0722,-14.9314,14.9314,-100.0,375.0,False,dense_cartesian
1212,mirror,regen,224.0722,194.9314,165.0686,-100.0,-375.0,False,dense_cartesian
1213,mirror,motoring,220.794,-11.3099,11.3099,-75.0,375.0,False,dense_cartesian
1213,mirror,regen,220.794,191.3099,168.6901,-75.0,-375.0,False,dense_cartesian
1214,mirror,motoring,218.4224,-7.5946,7.5946,-50.0,375.0,False,dense_cartesian
1214,mirror,regen,218.4224,187.5946,172.4054,-50.0,-375.0,False,dense_cartesian
1215,mirror,motoring,216.9869,-3.8141,3.8141,-25.0,375.0,False,dense_cartesian
1215,mirror,regen,216.9869,183.8141,176.1859,-25.0,-375.0,False,dense_cartesian
1216,mirror,motoring,216.5064,0.0,0.0,0.0,375.0,False,dense_cartesian
1216,mirror,regen,216.5064,180.0,180.0,0.0,-375.0,False,dense_cartesian
1217,mirror,motoring,216.9869,3.8141,-3.8141,25.0,375.0,False,dense_cartesian
1217,mirror,regen,216.9869,176.1859,183.8141,25.0,-375.0,False,dense_cartesian
1218,mirror,motoring,218.4224,7.5946,-7.5946,50.0,375.0,False,dense_cartesian
1218,mirror,regen,218.4224,172.4054,187.5946,50.0,-375.0,False,dense_cartesian
1219,mirror,motoring,220.794,11.3099,-11.3099,75.0,375.0,False,dense_cartesian
1219,mirror,regen,220.794,168.6901,191.3099,75.0,-375.0,False,dense_cartesian
1220,mirror,motoring,224.0722,14.9314,-14.9314,100.0,375.0,False,dense_cartesian
1220,mirror,regen,224.0722,165.0686,194.9314,100.0,-375.0,False,dense_cartesian
1221,mirror,motoring,228.2177,18.4349,-18.4349,125.0,375.0,False,dense_cartesian
1221,mirror,regen,228.2177,161.5651,198.4349,125.0,-375.0,False,dense_cartesian
1222,mirror,motoring,233.1845,21.8014,-21.8014,150.0,375.0,False,dense_cartesian
1222,mirror,regen,233.1845,158.1986,201.8014,150.0,-375.0,False,dense_cartesian
1223,mirror,motoring,238.9212,25.0169,-25.0169,175.0,375.0,False,dense_cartesian
1223,mirror,regen,238.9212,154.9831,205.0169,175.0,-375.0,False,dense_cartesian
1224,mirror,motoring,245.3739,28.0725,-28.0725,200.0,375.0,False,dense_cartesian
1224,mirror,regen,245.3739,151.9275,208.0725,200.0,-375.0,False,dense_cartesian
1225,mirror,motoring,252.4876,30.9638,-30.9638,225.0,375.0,False,dense_cartesian
1225,mirror,regen,252.4876,149.0362,210.9638,225.0,-375.0,False,dense_cartesian
1226,mirror,motoring,260.2082,33.6901,-33.6901,250.0,375.0,False,dense_cartesian
1226,mirror,regen,260.2082,146.3099,213.6901,250.0,-375.0,False,dense_cartesian
1227,mirror,motoring,268.4834,36.2538,-36.2538,275.0,375.0,False,dense_cartesian
1227,mirror,regen,268.4834,143.7462,216.2538,275.0,-375.0,False,dense_cartesian
1228,mirror,motoring,277.2634,38.6598,-38.6598,300.0,375.0,False,dense_cartesian
1228,mirror,regen,277.2634,141.3402,218.6598,300.0,-375.0,False,dense_cartesian
1229,mirror,motoring,286.5019,40.9144,-40.9144,325.0,375.0,False,dense_cartesian
1229,mirror,regen,286.5019,139.0856,220.9144,325.0,-375.0,False,dense_cartesian
1230,mirror,motoring,296.1559,43.0251,-43.0251,350.0,375.0,False,dense_cartesian
1230,mirror,regen,296.1559,136.9749,223.0251,350.0,-375.0,False,dense_cartesian
1231,mirror,motoring,306.1862,45.0,-45.0,375.0,375.0,False,dense_cartesian
1231,mirror,regen,306.1862,135.0,225.0,375.0,-375.0,False,dense_cartesian
1232,mirror,motoring,316.557,46.8476,-46.8476,400.0,375.0,False,dense_cartesian
1232,mirror,regen,316.557,133.1524,226.8476,400.0,-375.0,False,dense_cartesian
1233,mirror,motoring,327.2359,48.5763,-48.5763,425.0,375.0,False,dense_cartesian
1233,mirror,regen,327.2359,131.4237,228.5763,425.0,-375.0,False,dense_cartesian
1234,mirror,motoring,338.1937,50.1944,-50.1944,450.0,375.0,False,dense_cartesian
1234,mirror,regen,338.1937,129.8056,230.1944,450.0,-375.0,False,dense_cartesian
1235,mirror,motoring,349.4043,51.7098,-51.7098,475.0,375.0,False,dense_cartesian
1235,mirror,regen,349.4043,128.2902,231.7098,475.0,-375.0,False,dense_cartesian
1236,mirror,motoring,360.8439,53.1301,-53.1301,500.0,375.0,False,dense_cartesian
1236,mirror,regen,360.8439,126.8699,233.1301,500.0,-375.0,False,dense_cartesian
1237,mirror,motoring,372.4916,54.4623,-54.4623,525.0,375.0,False,dense_cartesian
1237,mirror,regen,372.4916,125.5377,234.4623,525.0,-375.0,False,dense_cartesian
1238,mirror,motoring,384.3284,55.7131,-55.7131,550.0,375.0,False,dense_cartesian
1238,mirror,regen,384.3284,124.2869,235.7131,550.0,-375.0,False,dense_cartesian
1239,mirror,motoring,396.3374,56.8887,-56.8887,575.0,375.0,False,dense_cartesian
1239,mirror,regen,396.3374,123.1113,236.8887,575.0,-375.0,False,dense_cartesian
1240,mirror,motoring,408.5034,57.9946,-57.9946,600.0,375.0,False,dense_cartesian
1240,mirror,regen,408.5034,122.0054,237.9946,600.0,-375.0,False,dense_cartesian
1241,mirror,motoring,420.8127,59.0362,-59.0362,625.0,375.0,False,dense_cartesian
1241,mirror,regen,420.8127,120.9638,239.0362,625.0,-375.0,False,dense_cartesian
1242,mirror,motoring,433.2532,60.0184,-60.0184,650.0,375.0,False,dense_cartesian
1242,mirror,regen,433.2532,119.9816,240.0184,650.0,-375.0,False,dense_cartesian
1243,mirror,motoring,445.8139,60.9454,-60.9454,675.0,375.0,False,dense_cartesian
1243,mirror,regen,445.8139,119.0546,240.9454,675.0,-375.0,False,dense_cartesian
1244,mirror,motoring,458.4848,61.8214,-61.8214,700.0,375.0,False,dense_cartesian
1244,mirror,regen,458.4848,118.1786,241.8214,700.0,-375.0,False,dense_cartesian
1245,mirror,motoring,471.2572,62.6501,-62.6501,725.0,375.0,False,dense_cartesian
1245,mirror,regen,471.2572,117.3499,242.6501,725.0,-375.0,False,dense_cartesian
1246,mirror,motoring,484.1229,63.4349,-63.4349,750.0,375.0,False,dense_cartesian
1246,mirror,regen,484.1229,116.5651,243.4349,750.0,-375.0,False,dense_cartesian
1247,mirror,motoring,497.0748,64.179,-64.179,775.0,375.0,False,dense_cartesian
1247,mirror,regen,497.0748,115.821,244.179,775.0,-375.0,False,dense_cartesian
1248,mirror,motoring,510.1062,64.8852,-64.8852,800.0,375.0,False,dense_cartesian
1248,mirror,regen,510.1062,115.1148,244.8852,800.0,-375.0,False,dense_cartesian
1249,mirror,motoring,523.2112,65.556,-65.556,825.0,375.0,False,dense_cartesian
1249,mirror,regen,523.2112,114.444,245.556,825.0,-375.0,False,dense_cartesian
1250,mirror,motoring,536.3845,66.1941,-66.1941,850.0,375.0,False,dense_cartesian
1250,mirror,regen,536.3845,113.8059,246.1941,850.0,-375.0,False,dense_cartesian
1251,mirror,motoring,549.6211,66.8014,-66.8014,875.0,375.0,False,dense_cartesian
1251,mirror,regen,549.6211,113.1986,246.8014,875.0,-375.0,False,dense_cartesian
1252,mirror,motoring,562.9165,67.3801,-67.3801,900.0,375.0,False,dense_cartesian
1252,mirror,regen,562.9165,112.6199,247.3801,900.0,-375.0,False,dense_cartesian
1253,mirror,motoring,576.2667,67.9321,-67.9321,925.0,375.0,False,dense_cartesian
1253,mirror,regen,576.2667,112.0679,247.9321,925.0,-375.0,False,dense_cartesian
1254,mirror,motoring,589.668,68.459,-68.459,950.0,375.0,False,dense_cartesian
1254,mirror,regen,589.668,111.541,248.459,950.0,-375.0,False,dense_cartesian
1255,mirror,motoring,603.1169,68.9625,-68.9625,975.0,375.0,False,dense_cartesian
1255,mirror,regen,603.1169,111.0375,248.9625,975.0,-375.0,False,dense_cartesian
1256,mirror,motoring,616.6104,69.444,-69.444,1000.0,375.0,False,dense_cartesian
1256,mirror,regen,616.6104,110.556,249.444,1000.0,-375.0,False,dense_cartesian
1257,mirror,motoring,608.4475,-67.6938,67.6938,-975.0,400.0,False,dense_cartesian
1257,mirror,regen,608.4475,247.6938,112.3062,-975.0,-400.0,False,dense_cartesian
1258,mirror,motoring,595.119,-67.1663,67.1663,-950.0,400.0,False,dense_cartesian
1258,mirror,regen,595.119,247.1663,112.8337,-950.0,-400.0,False,dense_cartesian
1259,mirror,motoring,581.8433,-66.6148,66.6148,-925.0,400.0,False,dense_cartesian
1259,mirror,regen,581.8433,246.6148,113.3852,-925.0,-400.0,False,dense_cartesian
1260,mirror,motoring,568.6241,-66.0375,66.0375,-900.0,400.0,False,dense_cartesian
1260,mirror,regen,568.6241,246.0375,113.9625,-900.0,-400.0,False,dense_cartesian
1261,mirror,motoring,555.4653,-65.4328,65.4328,-875.0,400.0,False,dense_cartesian
1261,mirror,regen,555.4653,245.4328,114.5672,-875.0,-400.0,False,dense_cartesian
1262,mirror,motoring,542.3713,-64.7989,64.7989,-850.0,400.0,False,dense_cartesian
1262,mirror,regen,542.3713,244.7989,115.2011,-850.0,-400.0,False,dense_cartesian
1263,mirror,motoring,529.3471,-64.1336,64.1336,-825.0,400.0,False,dense_cartesian
1263,mirror,regen,529.3471,244.1336,115.8664,-825.0,-400.0,False,dense_cartesian
1264,mirror,motoring,516.3978,-63.4349,63.4349,-800.0,400.0,False,dense_cartesian
1264,mirror,regen,516.3978,243.4349,116.5651,-800.0,-400.0,False,dense_cartesian
1265,mirror,motoring,503.5292,-62.7004,62.7004,-775.0,400.0,False,dense_cartesian
1265,mirror,regen,503.5292,242.7004,117.2996,-775.0,-400.0,False,dense_cartesian
1266,mirror,motoring,490.7477,-61.9275,61.9275,-750.0,400.0,False,dense_cartesian
1266,mirror,regen,490.7477,241.9275,118.0725,-750.0,-400.0,False,dense_cartesian
1267,mirror,motoring,478.0603,-61.1134,61.1134,-725.0,400.0,False,dense_cartesian
1267,mirror,regen,478.0603,241.1134,118.8866,-725.0,-400.0,False,dense_cartesian
1268,mirror,motoring,465.4747,-60.2551,60.2551,-700.0,400.0,False,dense_cartesian
1268,mirror,regen,465.4747,240.2551,119.7449,-700.0,-400.0,False,dense_cartesian
1269,mirror,motoring,452.9993,-59.3493,59.3493,-675.0,400.0,False,dense_cartesian
1269,mirror,regen,452.9993,239.3493,120.6507,-675.0,-400.0,False,dense_cartesian
1270,mirror,motoring,440.6435,-58.3925,58.3925,-650.0,400.0,False,dense_cartesian
1270,mirror,regen,440.6435,238.3925,121.6075,-650.0,-400.0,False,dense_cartesian
1271,mirror,motoring,428.4176,-57.3808,57.3808,-625.0,400.0,False,dense_cartesian
1271,mirror,regen,428.4176,237.3808,122.6192,-625.0,-400.0,False,dense_cartesian
1272,mirror,motoring,416.3332,-56.3099,56.3099,-600.0,400.0,False,dense_cartesian
1272,mirror,regen,416.3332,236.3099,123.6901,-600.0,-400.0,False,dense_cartesian
1273,mirror,motoring,404.4029,-55.1755,55.1755,-575.0,400.0,False,dense_cartesian
1273,mirror,regen,404.4029,235.1755,124.8245,-575.0,-400.0,False,dense_cartesian
1274,mirror,motoring,392.6406,-53.9726,53.9726,-550.0,400.0,False,dense_cartesian
1274,mirror,regen,392.6406,233.9726,126.0274,-550.0,-400.0,False,dense_cartesian
1275,mirror,motoring,381.0621,-52.6961,52.6961,-525.0,400.0,False,dense_cartesian
1275,mirror,regen,381.0621,232.6961,127.3039,-525.0,-400.0,False,dense_cartesian
1276,mirror,motoring,369.6846,-51.3402,51.3402,-500.0,400.0,False,dense_cartesian
1276,mirror,regen,369.6846,231.3402,128.6598,-500.0,-400.0,False,dense_cartesian
1277,mirror,motoring,358.5271,-49.8991,49.8991,-475.0,400.0,False,dense_cartesian
1277,mirror,regen,358.5271,229.8991,130.1009,-475.0,-400.0,False,dense_cartesian
1278,mirror,motoring,347.6109,-48.3665,48.3665,-450.0,400.0,False,dense_cartesian
1278,mirror,regen,347.6109,228.3665,131.6335,-450.0,-400.0,False,dense_cartesian
1279,mirror,motoring,336.9594,-46.7357,46.7357,-425.0,400.0,False,dense_cartesian
1279,mirror,regen,336.9594,226.7357,133.2643,-425.0,-400.0,False,dense_cartesian
1280,mirror,motoring,326.5986,-45.0,45.0,-400.0,400.0,False,dense_cartesian
1280,mirror,regen,326.5986,225.0,135.0,-400.0,-400.0,False,dense_cartesian
1281,mirror,motoring,316.557,-43.1524,43.1524,-375.0,400.0,False,dense_cartesian
1281,mirror,regen,316.557,223.1524,136.8476,-375.0,-400.0,False,dense_cartesian
1282,mirror,motoring,306.8659,-41.1859,41.1859,-350.0,400.0,False,dense_cartesian
1282,mirror,regen,306.8659,221.1859,138.8141,-350.0,-400.0,False,dense_cartesian
1283,mirror,motoring,297.5595,-39.0939,39.0939,-325.0,400.0,False,dense_cartesian
1283,mirror,regen,297.5595,219.0939,140.9061,-325.0,-400.0,False,dense_cartesian
1284,mirror,motoring,288.6751,-36.8699,36.8699,-300.0,400.0,False,dense_cartesian
1284,mirror,regen,288.6751,216.8699,143.1301,-300.0,-400.0,False,dense_cartesian
1285,mirror,motoring,280.2529,-34.5085,34.5085,-275.0,400.0,False,dense_cartesian
1285,mirror,regen,280.2529,214.5085,145.4915,-275.0,-400.0,False,dense_cartesian
1286,mirror,motoring,272.3356,-32.0054,32.0054,-250.0,400.0,False,dense_cartesian
1286,mirror,regen,272.3356,212.0054,147.9946,-250.0,-400.0,False,dense_cartesian
1287,mirror,motoring,264.9686,-29.3578,29.3578,-225.0,400.0,False,dense_cartesian
1287,mirror,regen,264.9686,209.3578,150.6422,-225.0,-400.0,False,dense_cartesian
1288,mirror,motoring,258.1989,-26.5651,26.5651,-200.0,400.0,False,dense_cartesian
1288,mirror,regen,258.1989,206.5651,153.4349,-200.0,-400.0,False,dense_cartesian
1289,mirror,motoring,252.0747,-23.6294,23.6294,-175.0,400.0,False,dense_cartesian
1289,mirror,regen,252.0747,203.6294,156.3706,-175.0,-400.0,False,dense_cartesian
1290,mirror,motoring,246.6441,-20.556,20.556,-150.0,400.0,False,dense_cartesian
1290,mirror,regen,246.6441,200.556,159.444,-150.0,-400.0,False,dense_cartesian
1291,mirror,motoring,241.9539,-17.354,17.354,-125.0,400.0,False,dense_cartesian
1291,mirror,regen,241.9539,197.354,162.646,-125.0,-400.0,False,dense_cartesian
1292,mirror,motoring,238.0476,-14.0362,14.0362,-100.0,400.0,False,dense_cartesian
1292,mirror,regen,238.0476,194.0362,165.9638,-100.0,-400.0,False,dense_cartesian
1293,mirror,motoring,234.9645,-10.6197,10.6197,-75.0,400.0,False,dense_cartesian
1293,mirror,regen,234.9645,190.6197,169.3803,-75.0,-400.0,False,dense_cartesian
1294,mirror,motoring,232.7373,-7.125,7.125,-50.0,400.0,False,dense_cartesian
1294,mirror,regen,232.7373,187.125,172.875,-50.0,-400.0,False,dense_cartesian
1295,mirror,motoring,231.3907,-3.5763,3.5763,-25.0,400.0,False,dense_cartesian
1295,mirror,regen,231.3907,183.5763,176.4237,-25.0,-400.0,False,dense_cartesian
1296,mirror,motoring,230.9401,0.0,0.0,0.0,400.0,False,dense_cartesian
1296,mirror,regen,230.9401,180.0,180.0,0.0,-400.0,False,dense_cartesian
1297,mirror,motoring,231.3907,3.5763,-3.5763,25.0,400.0,False,dense_cartesian
1297,mirror,regen,231.3907,176.4237,183.5763,25.0,-400.0,False,dense_cartesian
1298,mirror,motoring,232.7373,7.125,-7.125,50.0,400.0,False,dense_cartesian
1298,mirror,regen,232.7373,172.875,187.125,50.0,-400.0,False,dense_cartesian
1299,mirror,motoring,234.9645,10.6197,-10.6197,75.0,400.0,False,dense_cartesian
1299,mirror,regen,234.9645,169.3803,190.6197,75.0,-400.0,False,dense_cartesian
1300,mirror,motoring,238.0476,14.0362,-14.0362,100.0,400.0,False,dense_cartesian
1300,mirror,regen,238.0476,165.9638,194.0362,100.0,-400.0,False,dense_cartesian
1301,mirror,motoring,241.9539,17.354,-17.354,125.0,400.0,False,dense_cartesian
1301,mirror,regen,241.9539,162.646,197.354,125.0,-400.0,False,dense_cartesian
1302,mirror,motoring,246.6441,20.556,-20.556,150.0,400.0,False,dense_cartesian
1302,mirror,regen,246.6441,159.444,200.556,150.0,-400.0,False,dense_cartesian
1303,mirror,motoring,252.0747,23.6294,-23.6294,175.0,400.0,False,dense_cartesian
1303,mirror,regen,252.0747,156.3706,203.6294,175.0,-400.0,False,dense_cartesian
1304,mirror,motoring,258.1989,26.5651,-26.5651,200.0,400.0,False,dense_cartesian
1304,mirror,regen,258.1989,153.4349,206.5651,200.0,-400.0,False,dense_cartesian
1305,mirror,motoring,264.9686,29.3578,-29.3578,225.0,400.0,False,dense_cartesian
1305,mirror,regen,264.9686,150.6422,209.3578,225.0,-400.0,False,dense_cartesian
1306,mirror,motoring,272.3356,32.0054,-32.0054,250.0,400.0,False,dense_cartesian
1306,mirror,regen,272.3356,147.9946,212.0054,250.0,-400.0,False,dense_cartesian
1307,mirror,motoring,280.2529,34.5085,-34.5085,275.0,400.0,False,dense_cartesian
1307,mirror,regen,280.2529,145.4915,214.5085,275.0,-400.0,False,dense_cartesian
1308,mirror,motoring,288.6751,36.8699,-36.8699,300.0,400.0,False,dense_cartesian
1308,mirror,regen,288.6751,143.1301,216.8699,300.0,-400.0,False,dense_cartesian
1309,mirror,motoring,297.5595,39.0939,-39.0939,325.0,400.0,False,dense_cartesian
1309,mirror,regen,297.5595,140.9061,219.0939,325.0,-400.0,False,dense_cartesian
1310,mirror,motoring,306.8659,41.1859,-41.1859,350.0,400.0,False,dense_cartesian
1310,mirror,regen,306.8659,138.8141,221.1859,350.0,-400.0,False,dense_cartesian
1311,mirror,motoring,316.557,43.1524,-43.1524,375.0,400.0,False,dense_cartesian
1311,mirror,regen,316.557,136.8476,223.1524,375.0,-400.0,False,dense_cartesian
1312,mirror,motoring,326.5986,45.0,-45.0,400.0,400.0,False,dense_cartesian
1312,mirror,regen,326.5986,135.0,225.0,400.0,-400.0,False,dense_cartesian
1313,mirror,motoring,336.9594,46.7357,-46.7357,425.0,400.0,False,dense_cartesian
1313,mirror,regen,336.9594,133.2643,226.7357,425.0,-400.0,False,dense_cartesian
1314,mirror,motoring,347.6109,48.3665,-48.3665,450.0,400.0,False,dense_cartesian
1314,mirror,regen,347.6109,131.6335,228.3665,450.0,-400.0,False,dense_cartesian
1315,mirror,motoring,358.5271,49.8991,-49.8991,475.0,400.0,False,dense_cartesian
1315,mirror,regen,358.5271,130.1009,229.8991,475.0,-400.0,False,dense_cartesian
1316,mirror,motoring,369.6846,51.3402,-51.3402,500.0,400.0,False,dense_cartesian
1316,mirror,regen,369.6846,128.6598,231.3402,500.0,-400.0,False,dense_cartesian
1317,mirror,motoring,381.0621,52.6961,-52.6961,525.0,400.0,False,dense_cartesian
1317,mirror,regen,381.0621,127.3039,232.6961,525.0,-400.0,False,dense_cartesian
1318,mirror,motoring,392.6406,53.9726,-53.9726,550.0,400.0,False,dense_cartesian
1318,mirror,regen,392.6406,126.0274,233.9726,550.0,-400.0,False,dense_cartesian
1319,mirror,motoring,404.4029,55.1755,-55.1755,575.0,400.0,False,dense_cartesian
1319,mirror,regen,404.4029,124.8245,235.1755,575.0,-400.0,False,dense_cartesian
1320,mirror,motoring,416.3332,56.3099,-56.3099,600.0,400.0,False,dense_cartesian
1320,mirror,regen,416.3332,123.6901,236.3099,600.0,-400.0,False,dense_cartesian
1321,mirror,motoring,428.4176,57.3808,-57.3808,625.0,400.0,False,dense_cartesian
1321,mirror,regen,428.4176,122.6192,237.3808,625.0,-400.0,False,dense_cartesian
1322,mirror,motoring,440.6435,58.3925,-58.3925,650.0,400.0,False,dense_cartesian
1322,mirror,regen,440.6435,121.6075,238.3925,650.0,-400.0,False,dense_cartesian
1323,mirror,motoring,452.9993,59.3493,-59.3493,675.0,400.0,False,dense_cartesian
1323,mirror,regen,452.9993,120.6507,239.3493,675.0,-400.0,False,dense_cartesian
1324,mirror,motoring,465.4747,60.2551,-60.2551,700.0,400.0,False,dense_cartesian
1324,mirror,regen,465.4747,119.7449,240.2551,700.0,-400.0,False,dense_cartesian
1325,mirror,motoring,478.0603,61.1134,-61.1134,725.0,400.0,False,dense_cartesian
1325,mirror,regen,478.0603,118.8866,241.1134,725.0,-400.0,False,dense_cartesian
1326,mirror,motoring,490.7477,61.9275,-61.9275,750.0,400.0,False,dense_cartesian
1326,mirror,regen,490.7477,118.0725,241.9275,750.0,-400.0,False,dense_cartesian
1327,mirror,motoring,503.5292,62.7004,-62.7004,775.0,400.0,False,dense_cartesian
1327,mirror,regen,503.5292,117.2996,242.7004,775.0,-400.0,False,dense_cartesian
1328,mirror,motoring,516.3978,63.4349,-63.4349,800.0,400.0,False,dense_cartesian
1328,mirror,regen,516.3978,116.5651,243.4349,800.0,-400.0,False,dense_cartesian
1329,mirror,motoring,529.3471,64.1336,-64.1336,825.0,400.0,False,dense_cartesian
1329,mirror,regen,529.3471,115.8664,244.1336,825.0,-400.0,False,dense_cartesian
1330,mirror,motoring,542.3713,64.7989,-64.7989,850.0,400.0,False,dense_cartesian
1330,mirror,regen,542.3713,115.2011,244.7989,850.0,-400.0,False,dense_cartesian
1331,mirror,motoring,555.4653,65.4328,-65.4328,875.0,400.0,False,dense_cartesian
1331,mirror,regen,555.4653,114.5672,245.4328,875.0,-400.0,False,dense_cartesian
1332,mirror,motoring,568.6241,66.0375,-66.0375,900.0,400.0,False,dense_cartesian
1332,mirror,regen,568.6241,113.9625,246.0375,900.0,-400.0,False,dense_cartesian
1333,mirror,motoring,581.8433,66.6148,-66.6148,925.0,400.0,False,dense_cartesian
1333,mirror,regen,581.8433,113.3852,246.6148,925.0,-400.0,False,dense_cartesian
1334,mirror,motoring,595.119,67.1663,-67.1663,950.0,400.0,False,dense_cartesian
1334,mirror,regen,595.119,112.8337,247.1663,950.0,-400.0,False,dense_cartesian
1335,mirror,motoring,608.4475,67.6938,-67.6938,975.0,400.0,False,dense_cartesian
1335,mirror,regen,608.4475,112.3062,247.6938,975.0,-400.0,False,dense_cartesian
1336,mirror,motoring,614.0711,-66.4477,66.4477,-975.0,425.0,False,dense_cartesian
1336,mirror,regen,614.0711,246.4477,113.5523,-975.0,-425.0,False,dense_cartesian
1337,mirror,motoring,600.8674,-65.8978,65.8978,-950.0,425.0,False,dense_cartesian
1337,mirror,regen,600.8674,245.8978,114.1022,-950.0,-425.0,False,dense_cartesian
1338,mirror,motoring,587.7216,-65.3231,65.3231,-925.0,425.0,False,dense_cartesian
1338,mirror,regen,587.7216,245.3231,114.6769,-925.0,-425.0,False,dense_cartesian
1339,mirror,motoring,574.6376,-64.7223,64.7223,-900.0,425.0,False,dense_cartesian
1339,mirror,regen,574.6376,244.7223,115.2777,-900.0,-425.0,False,dense_cartesian
1340,mirror,motoring,561.6197,-64.0935,64.0935,-875.0,425.0,False,dense_cartesian
1340,mirror,regen,561.6197,244.0935,115.9065,-875.0,-425.0,False,dense_cartesian
1341,mirror,motoring,548.6726,-63.4349,63.4349,-850.0,425.0,False,dense_cartesian
1341,mirror,regen,548.6726,243.4349,116.5651,-850.0,-425.0,False,dense_cartesian
1342,mirror,motoring,535.8016,-62.7447,62.7447,-825.0,425.0,False,dense_cartesian
1342,mirror,regen,535.8016,242.7447,117.2553,-825.0,-425.0,False,dense_cartesian
1343,mirror,motoring,523.0121,-62.0205,62.0205,-800.0,425.0,False,dense_cartesian
1343,mirror,regen,523.0121,242.0205,117.9795,-800.0,-425.0,False,dense_cartesian
1344,mirror,motoring,510.3104,-61.2602,61.2602,-775.0,425.0,False,dense_cartesian
1344,mirror,regen,510.3104,241.2602,118.7398,-775.0,-425.0,False,dense_cartesian
1345,mirror,motoring,497.7031,-60.4612,60.4612,-750.0,425.0,False,dense_cartesian
1345,mirror,regen,497.7031,240.4612,119.5388,-750.0,-425.0,False,dense_cartesian
1346,mirror,motoring,485.1976,-59.6209,59.6209,-725.0,425.0,False,dense_cartesian
1346,mirror,regen,485.1976,239.6209,120.3791,-725.0,-425.0,False,dense_cartesian
1347,mirror,motoring,472.8019,-58.7363,58.7363,-700.0,425.0,False,dense_cartesian
1347,mirror,regen,472.8019,238.7363,121.2637,-700.0,-425.0,False,dense_cartesian
1348,mirror,motoring,460.5251,-57.8043,57.8043,-675.0,425.0,False,dense_cartesian
1348,mirror,regen,460.5251,237.8043,122.1957,-675.0,-425.0,False,dense_cartesian
1349,mirror,motoring,448.3767,-56.8215,56.8215,-650.0,425.0,False,dense_cartesian
1349,mirror,regen,448.3767,236.8215,123.1785,-650.0,-425.0,False,dense_cartesian
1350,mirror,motoring,436.3676,-55.7843,55.7843,-625.0,425.0,False,dense_cartesian
1350,mirror,regen,436.3676,235.7843,124.2157,-625.0,-425.0,False,dense_cartesian
1351,mirror,motoring,424.5095,-54.6888,54.6888,-600.0,425.0,False,dense_cartesian
1351,mirror,regen,424.5095,234.6888,125.3112,-600.0,-425.0,False,dense_cartesian
1352,mirror,motoring,412.8155,-53.5308,53.5308,-575.0,425.0,False,dense_cartesian
1352,mirror,regen,412.8155,233.5308,126.4692,-575.0,-425.0,False,dense_cartesian
1353,mirror,motoring,401.3,-52.3058,52.3058,-550.0,425.0,False,dense_cartesian
1353,mirror,regen,401.3,232.3058,127.6942,-550.0,-425.0,False,dense_cartesian
1354,mirror,motoring,389.9786,-51.009,51.009,-525.0,425.0,False,dense_cartesian
1354,mirror,regen,389.9786,231.009,128.991,-525.0,-425.0,False,dense_cartesian
1355,mirror,motoring,378.8689,-49.6355,49.6355,-500.0,425.0,False,dense_cartesian
1355,mirror,regen,378.8689,229.6355,130.3645,-500.0,-425.0,False,dense_cartesian
1356,mirror,motoring,367.99,-48.1798,48.1798,-475.0,425.0,False,dense_cartesian
1356,mirror,regen,367.99,228.1798,131.8202,-475.0,-425.0,False,dense_cartesian
1357,mirror,motoring,357.363,-46.6366,46.6366,-450.0,425.0,False,dense_cartesian
1357,mirror,regen,357.363,226.6366,133.3634,-450.0,-425.0,False,dense_cartesian
1358,mirror,motoring,347.011,-45.0,45.0,-425.0,425.0,False,dense_cartesian
1358,mirror,regen,347.011,225.0,135.0,-425.0,-425.0,False,dense_cartesian
1359,mirror,motoring,336.9594,-43.2643,43.2643,-400.0,425.0,False,dense_cartesian
1359,mirror,regen,336.9594,223.2643,136.7357,-400.0,-425.0,False,dense_cartesian
1360,mirror,motoring,327.2359,-41.4237,41.4237,-375.0,425.0,False,dense_cartesian
1360,mirror,regen,327.2359,221.4237,138.5763,-375.0,-425.0,False,dense_cartesian
1361,mirror,motoring,317.8705,-39.4725,39.4725,-350.0,425.0,False,dense_cartesian
1361,mirror,regen,317.8705,219.4725,140.5275,-350.0,-425.0,False,dense_cartesian
1362,mirror,motoring,308.8959,-37.4054,37.4054,-325.0,425.0,False,dense_cartesian
1362,mirror,regen,308.8959,217.4054,142.5946,-325.0,-425.0,False,dense_cartesian
1363,mirror,motoring,300.347,-35.2176,35.2176,-300.0,425.0,False,dense_cartesian
1363,mirror,regen,300.347,215.2176,144.7824,-300.0,-425.0,False,dense_cartesian
1364,mirror,motoring,292.2613,-32.9052,32.9052,-275.0,425.0,False,dense_cartesian
1364,mirror,regen,292.2613,212.9052,147.0948,-275.0,-425.0,False,dense_cartesian
1365,mirror,motoring,284.6782,-30.4655,30.4655,-250.0,425.0,False,dense_cartesian
1365,mirror,regen,284.6782,210.4655,149.5345,-250.0,-425.0,False,dense_cartesian
1366,mirror,motoring,277.6389,-27.8973,27.8973,-225.0,425.0,False,dense_cartesian
1366,mirror,regen,277.6389,207.8973,152.1027,-225.0,-425.0,False,dense_cartesian
1367,mirror,motoring,271.1857,-25.2011,25.2011,-200.0,425.0,False,dense_cartesian
1367,mirror,regen,271.1857,205.2011,154.7989,-200.0,-425.0,False,dense_cartesian
1368,mirror,motoring,265.3614,-22.3801,22.3801,-175.0,425.0,False,dense_cartesian
1368,mirror,regen,265.3614,202.3801,157.6199,-175.0,-425.0,False,dense_cartesian
1369,mirror,motoring,260.2082,-19.44,19.44,-150.0,425.0,False,dense_cartesian
1369,mirror,regen,260.2082,199.44,160.56,-150.0,-425.0,False,dense_cartesian
1370,mirror,motoring,255.7668,-16.3895,16.3895,-125.0,425.0,False,dense_cartesian
1370,mirror,regen,255.7668,196.3895,163.6105,-125.0,-425.0,False,dense_cartesian
1371,mirror,motoring,252.0747,-13.2405,13.2405,-100.0,425.0,False,dense_cartesian
1371,mirror,regen,252.0747,193.2405,166.7595,-100.0,-425.0,False,dense_cartesian
1372,mirror,motoring,249.1653,-10.008,10.008,-75.0,425.0,False,dense_cartesian
1372,mirror,regen,249.1653,190.008,169.992,-75.0,-425.0,False,dense_cartesian
1373,mirror,motoring,247.0661,-6.7098,6.7098,-50.0,425.0,False,dense_cartesian
1373,mirror,regen,247.0661,186.7098,173.2902,-50.0,-425.0,False,dense_cartesian
1374,mirror,motoring,245.798,-3.3665,3.3665,-25.0,425.0,False,dense_cartesian
1374,mirror,regen,245.798,183.3665,176.6335,-25.0,-425.0,False,dense_cartesian
1375,mirror,motoring,245.3739,0.0,0.0,0.0,425.0,False,dense_cartesian
1375,mirror,regen,245.3739,180.0,180.0,0.0,-425.0,False,dense_cartesian
1376,mirror,motoring,245.798,3.3665,-3.3665,25.0,425.0,False,dense_cartesian
1376,mirror,regen,245.798,176.6335,183.3665,25.0,-425.0,False,dense_cartesian
1377,mirror,motoring,247.0661,6.7098,-6.7098,50.0,425.0,False,dense_cartesian
1377,mirror,regen,247.0661,173.2902,186.7098,50.0,-425.0,False,dense_cartesian
1378,mirror,motoring,249.1653,10.008,-10.008,75.0,425.0,False,dense_cartesian
1378,mirror,regen,249.1653,169.992,190.008,75.0,-425.0,False,dense_cartesian
1379,mirror,motoring,252.0747,13.2405,-13.2405,100.0,425.0,False,dense_cartesian
1379,mirror,regen,252.0747,166.7595,193.2405,100.0,-425.0,False,dense_cartesian
1380,mirror,motoring,255.7668,16.3895,-16.3895,125.0,425.0,False,dense_cartesian
1380,mirror,regen,255.7668,163.6105,196.3895,125.0,-425.0,False,dense_cartesian
1381,mirror,motoring,260.2082,19.44,-19.44,150.0,425.0,False,dense_cartesian
1381,mirror,regen,260.2082,160.56,199.44,150.0,-425.0,False,dense_cartesian
1382,mirror,motoring,265.3614,22.3801,-22.3801,175.0,425.0,False,dense_cartesian
1382,mirror,regen,265.3614,157.6199,202.3801,175.0,-425.0,False,dense_cartesian
1383,mirror,motoring,271.1857,25.2011,-25.2011,200.0,425.0,False,dense_cartesian
1383,mirror,regen,271.1857,154.7989,205.2011,200.0,-425.0,False,dense_cartesian
1384,mirror,motoring,277.6389,27.8973,-27.8973,225.0,425.0,False,dense_cartesian
1384,mirror,regen,277.6389,152.1027,207.8973,225.0,-425.0,False,dense_cartesian
1385,mirror,motoring,284.6782,30.4655,-30.4655,250.0,425.0,False,dense_cartesian
1385,mirror,regen,284.6782,149.5345,210.4655,250.0,-425.0,False,dense_cartesian
1386,mirror,motoring,292.2613,32.9052,-32.9052,275.0,425.0,False,dense_cartesian
1386,mirror,regen,292.2613,147.0948,212.9052,275.0,-425.0,False,dense_cartesian
1387,mirror,motoring,300.347,35.2176,-35.2176,300.0,425.0,False,dense_cartesian
1387,mirror,regen,300.347,144.7824,215.2176,300.0,-425.0,False,dense_cartesian
1388,mirror,motoring,308.8959,37.4054,-37.4054,325.0,425.0,False,dense_cartesian
1388,mirror,regen,308.8959,142.5946,217.4054,325.0,-425.0,False,dense_cartesian
1389,mirror,motoring,317.8705,39.4725,-39.4725,350.0,425.0,False,dense_cartesian
1389,mirror,regen,317.8705,140.5275,219.4725,350.0,-425.0,False,dense_cartesian
1390,mirror,motoring,327.2359,41.4237,-41.4237,375.0,425.0,False,dense_cartesian
1390,mirror,regen,327.2359,138.5763,221.4237,375.0,-425.0,False,dense_cartesian
1391,mirror,motoring,336.9594,43.2643,-43.2643,400.0,425.0,False,dense_cartesian
1391,mirror,regen,336.9594,136.7357,223.2643,400.0,-425.0,False,dense_cartesian
1392,mirror,motoring,347.011,45.0,-45.0,425.0,425.0,False,dense_cartesian
1392,mirror,regen,347.011,135.0,225.0,425.0,-425.0,False,dense_cartesian
1393,mirror,motoring,357.363,46.6366,-46.6366,450.0,425.0,False,dense_cartesian
1393,mirror,regen,357.363,133.3634,226.6366,450.0,-425.0,False,dense_cartesian
1394,mirror,motoring,367.99,48.1798,-48.1798,475.0,425.0,False,dense_cartesian
1394,mirror,regen,367.99,131.8202,228.1798,475.0,-425.0,False,dense_cartesian
1395,mirror,motoring,378.8689,49.6355,-49.6355,500.0,425.0,False,dense_cartesian
1395,mirror,regen,378.8689,130.3645,229.6355,500.0,-425.0,False,dense_cartesian
1396,mirror,motoring,389.9786,51.009,-51.009,525.0,425.0,False,dense_cartesian
1396,mirror,regen,389.9786,128.991,231.009,525.0,-425.0,False,dense_cartesian
1397,mirror,motoring,401.3,52.3058,-52.3058,550.0,425.0,False,dense_cartesian
1397,mirror,regen,401.3,127.6942,232.3058,550.0,-425.0,False,dense_cartesian
1398,mirror,motoring,412.8155,53.5308,-53.5308,575.0,425.0,False,dense_cartesian
1398,mirror,regen,412.8155,126.4692,233.5308,575.0,-425.0,False,dense_cartesian
1399,mirror,motoring,424.5095,54.6888,-54.6888,600.0,425.0,False,dense_cartesian
1399,mirror,regen,424.5095,125.3112,234.6888,600.0,-425.0,False,dense_cartesian
1400,mirror,motoring,436.3676,55.7843,-55.7843,625.0,425.0,False,dense_cartesian
1400,mirror,regen,436.3676,124.2157,235.7843,625.0,-425.0,False,dense_cartesian
1401,mirror,motoring,448.3767,56.8215,-56.8215,650.0,425.0,False,dense_cartesian
1401,mirror,regen,448.3767,123.1785,236.8215,650.0,-425.0,False,dense_cartesian
1402,mirror,motoring,460.5251,57.8043,-57.8043,675.0,425.0,False,dense_cartesian
1402,mirror,regen,460.5251,122.1957,237.8043,675.0,-425.0,False,dense_cartesian
1403,mirror,motoring,472.8019,58.7363,-58.7363,700.0,425.0,False,dense_cartesian
1403,mirror,regen,472.8019,121.2637,238.7363,700.0,-425.0,False,dense_cartesian
1404,mirror,motoring,485.1976,59.6209,-59.6209,725.0,425.0,False,dense_cartesian
1404,mirror,regen,485.1976,120.3791,239.6209,725.0,-425.0,False,dense_cartesian
1405,mirror,motoring,497.7031,60.4612,-60.4612,750.0,425.0,False,dense_cartesian
1405,mirror,regen,497.7031,119.5388,240.4612,750.0,-425.0,False,dense_cartesian
1406,mirror,motoring,510.3104,61.2602,-61.2602,775.0,425.0,False,dense_cartesian
1406,mirror,regen,510.3104,118.7398,241.2602,775.0,-425.0,False,dense_cartesian
1407,mirror,motoring,523.0121,62.0205,-62.0205,800.0,425.0,False,dense_cartesian
1407,mirror,regen,523.0121,117.9795,242.0205,800.0,-425.0,False,dense_cartesian
1408,mirror,motoring,535.8016,62.7447,-62.7447,825.0,425.0,False,dense_cartesian
1408,mirror,regen,535.8016,117.2553,242.7447,825.0,-425.0,False,dense_cartesian
1409,mirror,motoring,548.6726,63.4349,-63.4349,850.0,425.0,False,dense_cartesian
1409,mirror,regen,548.6726,116.5651,243.4349,850.0,-425.0,False,dense_cartesian
1410,mirror,motoring,561.6197,64.0935,-64.0935,875.0,425.0,False,dense_cartesian
1410,mirror,regen,561.6197,115.9065,244.0935,875.0,-425.0,False,dense_cartesian
1411,mirror,motoring,574.6376,64.7223,-64.7223,900.0,425.0,False,dense_cartesian
1411,mirror,regen,574.6376,115.2777,244.7223,900.0,-425.0,False,dense_cartesian
1412,mirror,motoring,587.7216,65.3231,-65.3231,925.0,425.0,False,dense_cartesian
1412,mirror,regen,587.7216,114.6769,245.3231,925.0,-425.0,False,dense_cartesian
1413,mirror,motoring,600.8674,65.8978,-65.8978,950.0,425.0,False,dense_cartesian
1413,mirror,regen,600.8674,114.1022,245.8978,950.0,-425.0,False,dense_cartesian
1414,mirror,motoring,614.0711,66.4477,-66.4477,975.0,425.0,False,dense_cartesian
1414,mirror,regen,614.0711,113.5523,246.4477,975.0,-425.0,False,dense_cartesian
1415,mirror,motoring,619.9798,-65.2249,65.2249,-975.0,450.0,False,dense_cartesian
1415,mirror,regen,619.9798,245.2249,114.7751,-975.0,-450.0,False,dense_cartesian
1416,mirror,motoring,606.9047,-64.6538,64.6538,-950.0,450.0,False,dense_cartesian
1416,mirror,regen,606.9047,244.6538,115.3462,-950.0,-450.0,False,dense_cartesian
1417,mirror,motoring,593.8925,-64.0577,64.0577,-925.0,450.0,False,dense_cartesian
1417,mirror,regen,593.8925,244.0577,115.9423,-925.0,-450.0,False,dense_cartesian
1418,mirror,motoring,580.9475,-63.4349,63.4349,-900.0,450.0,False,dense_cartesian
1418,mirror,regen,580.9475,243.4349,116.5651,-900.0,-450.0,False,dense_cartesian
1419,mirror,motoring,568.0742,-62.7839,62.7839,-875.0,450.0,False,dense_cartesian
1419,mirror,regen,568.0742,242.7839,117.2161,-875.0,-450.0,False,dense_cartesian
1420,mirror,motoring,555.2777,-62.1027,62.1027,-850.0,450.0,False,dense_cartesian
1420,mirror,regen,555.2777,242.1027,117.8973,-850.0,-450.0,False,dense_cartesian
1421,mirror,motoring,542.5634,-61.3895,61.3895,-825.0,450.0,False,dense_cartesian
1421,mirror,regen,542.5634,241.3895,118.6105,-825.0,-450.0,False,dense_cartesian
1422,mirror,motoring,529.9371,-60.6422,60.6422,-800.0,450.0,False,dense_cartesian
1422,mirror,regen,529.9371,240.6422,119.3578,-800.0,-450.0,False,dense_cartesian
1423,mirror,motoring,517.4054,-59.8586,59.8586,-775.0,450.0,False,dense_cartesian
1423,mirror,regen,517.4054,239.8586,120.1414,-775.0,-450.0,False,dense_cartesian
1424,mirror,motoring,504.9752,-59.0362,59.0362,-750.0,450.0,False,dense_cartesian
1424,mirror,regen,504.9752,239.0362,120.9638,-750.0,-450.0,False,dense_cartesian
1425,mirror,motoring,492.6544,-58.1726,58.1726,-725.0,450.0,False,dense_cartesian
1425,mirror,regen,492.6544,238.1726,121.8274,-725.0,-450.0,False,dense_cartesian
1426,mirror,motoring,480.4512,-57.2648,57.2648,-700.0,450.0,False,dense_cartesian
1426,mirror,regen,480.4512,237.2648,122.7352,-700.0,-450.0,False,dense_cartesian
1427,mirror,motoring,468.3748,-56.3099,56.3099,-675.0,450.0,False,dense_cartesian
1427,mirror,regen,468.3748,236.3099,123.6901,-675.0,-450.0,False,dense_cartesian
1428,mirror,motoring,456.4355,-55.3048,55.3048,-650.0,450.0,False,dense_cartesian
1428,mirror,regen,456.4355,235.3048,124.6952,-650.0,-450.0,False,dense_cartesian
1429,mirror,motoring,444.6441,-54.2461,54.2461,-625.0,450.0,False,dense_cartesian
1429,mirror,regen,444.6441,234.2461,125.7539,-625.0,-450.0,False,dense_cartesian
1430,mirror,motoring,433.0127,-53.1301,53.1301,-600.0,450.0,False,dense_cartesian
1430,mirror,regen,433.0127,233.1301,126.8699,-600.0,-450.0,False,dense_cartesian
1431,mirror,motoring,421.5547,-51.953,51.953,-575.0,450.0,False,dense_cartesian
1431,mirror,regen,421.5547,231.953,128.047,-575.0,-450.0,False,dense_cartesian
1432,mirror,motoring,410.2845,-50.7106,50.7106,-550.0,450.0,False,dense_cartesian
1432,mirror,regen,410.2845,230.7106,129.2894,-550.0,-450.0,False,dense_cartesian
1433,mirror,motoring,399.218,-49.3987,49.3987,-525.0,450.0,False,dense_cartesian
1433,mirror,regen,399.218,229.3987,130.6013,-525.0,-450.0,False,dense_cartesian
1434,mirror,motoring,388.3727,-48.0128,48.0128,-500.0,450.0,False,dense_cartesian
1434,mirror,regen,388.3727,228.0128,131.9872,-500.0,-450.0,False,dense_cartesian
1435,mirror,motoring,377.7676,-46.5482,46.5482,-475.0,450.0,False,dense_cartesian
1435,mirror,regen,377.7676,226.5482,133.4518,-475.0,-450.0,False,dense_cartesian
1436,mirror,motoring,367.4235,-45.0,45.0,-450.0,450.0,False,dense_cartesian
1436,mirror,regen,367.4235,225.0,135.0,-450.0,-450.0,False,dense_cartesian
1437,mirror,motoring,357.363,-43.3634,43.3634,-425.0,450.0,False,dense_cartesian
1437,mirror,regen,357.363,223.3634,136.6366,-425.0,-450.0,False,dense_cartesian
1438,mirror,motoring,347.6109,-41.6335,41.6335,-400.0,450.0,False,dense_cartesian
1438,mirror,regen,347.6109,221.6335,138.3665,-400.0,-450.0,False,dense_cartesian
1439,mirror,motoring,338.1937,-39.8056,39.8056,-375.0,450.0,False,dense_cartesian
1439,mirror,regen,338.1937,219.8056,140.1944,-375.0,-450.0,False,dense_cartesian
1440,mirror,motoring,329.1403,-37.875,37.875,-350.0,450.0,False,dense_cartesian
1440,mirror,regen,329.1403,217.875,142.125,-350.0,-450.0,False,dense_cartesian
1441,mirror,motoring,320.4814,-35.8377,35.8377,-325.0,450.0,False,dense_cartesian
1441,mirror,regen,320.4814,215.8377,144.1623,-325.0,-450.0,False,dense_cartesian
1442,mirror,motoring,312.2499,-33.6901,33.6901,-300.0,450.0,False,dense_cartesian
1442,mirror,regen,312.2499,213.6901,146.3099,-300.0,-450.0,False,dense_cartesian
1443,mirror,motoring,304.4804,-31.4296,31.4296,-275.0,450.0,False,dense_cartesian
1443,mirror,regen,304.4804,211.4296,148.5704,-275.0,-450.0,False,dense_cartesian
1444,mirror,motoring,297.2092,-29.0546,29.0546,-250.0,450.0,False,dense_cartesian
1444,mirror,regen,297.2092,209.0546,150.9454,-250.0,-450.0,False,dense_cartesian
1445,mirror,motoring,290.4738,-26.5651,26.5651,-225.0,450.0,False,dense_cartesian
1445,mirror,regen,290.4738,206.5651,153.4349,-225.0,-450.0,False,dense_cartesian
1446,mirror,motoring,284.312,-23.9625,23.9625,-200.0,450.0,False,dense_cartesian
1446,mirror,regen,284.312,203.9625,156.0375,-200.0,-450.0,False,dense_cartesian
1447,mirror,motoring,278.7621,-21.2505,21.2505,-175.0,450.0,False,dense_cartesian
1447,mirror,regen,278.7621,201.2505,158.7495,-175.0,-450.0,False,dense_cartesian
1448,mirror,motoring,273.8613,-18.4349,18.4349,-150.0,450.0,False,dense_cartesian
1448,mirror,regen,273.8613,198.4349,161.5651,-150.0,-450.0,False,dense_cartesian
1449,mirror,motoring,269.6448,-15.5241,15.5241,-125.0,450.0,False,dense_cartesian
1449,mirror,regen,269.6448,195.5241,164.4759,-125.0,-450.0,False,dense_cartesian
1450,mirror,motoring,266.1453,-12.5288,12.5288,-100.0,450.0,False,dense_cartesian
1450,mirror,regen,266.1453,192.5288,167.4712,-100.0,-450.0,False,dense_cartesian
1451,mirror,motoring,263.3913,-9.4623,9.4623,-75.0,450.0,False,dense_cartesian
1451,mirror,regen,263.3913,189.4623,170.5377,-75.0,-450.0,False,dense_cartesian
1452,mirror,motoring,261.4065,-6.3402,6.3402,-50.0,450.0,False,dense_cartesian
1452,mirror,regen,261.4065,186.3402,173.6598,-50.0,-450.0,False,dense_cartesian
1453,mirror,motoring,260.2082,-3.1798,3.1798,-25.0,450.0,False,dense_cartesian
1453,mirror,regen,260.2082,183.1798,176.8202,-25.0,-450.0,False,dense_cartesian
1454,mirror,motoring,259.8076,0.0,0.0,0.0,450.0,False,dense_cartesian
1454,mirror,regen,259.8076,180.0,180.0,0.0,-450.0,False,dense_cartesian
1455,mirror,motoring,260.2082,3.1798,-3.1798,25.0,450.0,False,dense_cartesian
1455,mirror,regen,260.2082,176.8202,183.1798,25.0,-450.0,False,dense_cartesian
1456,mirror,motoring,261.4065,6.3402,-6.3402,50.0,450.0,False,dense_cartesian
1456,mirror,regen,261.4065,173.6598,186.3402,50.0,-450.0,False,dense_cartesian
1457,mirror,motoring,263.3913,9.4623,-9.4623,75.0,450.0,False,dense_cartesian
1457,mirror,regen,263.3913,170.5377,189.4623,75.0,-450.0,False,dense_cartesian
1458,mirror,motoring,266.1453,12.5288,-12.5288,100.0,450.0,False,dense_cartesian
1458,mirror,regen,266.1453,167.4712,192.5288,100.0,-450.0,False,dense_cartesian
1459,mirror,motoring,269.6448,15.5241,-15.5241,125.0,450.0,False,dense_cartesian
1459,mirror,regen,269.6448,164.4759,195.5241,125.0,-450.0,False,dense_cartesian
1460,mirror,motoring,273.8613,18.4349,-18.4349,150.0,450.0,False,dense_cartesian
1460,mirror,regen,273.8613,161.5651,198.4349,150.0,-450.0,False,dense_cartesian
1461,mirror,motoring,278.7621,21.2505,-21.2505,175.0,450.0,False,dense_cartesian
1461,mirror,regen,278.7621,158.7495,201.2505,175.0,-450.0,False,dense_cartesian
1462,mirror,motoring,284.312,23.9625,-23.9625,200.0,450.0,False,dense_cartesian
1462,mirror,regen,284.312,156.0375,203.9625,200.0,-450.0,False,dense_cartesian
1463,mirror,motoring,290.4738,26.5651,-26.5651,225.0,450.0,False,dense_cartesian
1463,mirror,regen,290.4738,153.4349,206.5651,225.0,-450.0,False,dense_cartesian
1464,mirror,motoring,297.2092,29.0546,-29.0546,250.0,450.0,False,dense_cartesian
1464,mirror,regen,297.2092,150.9454,209.0546,250.0,-450.0,False,dense_cartesian
1465,mirror,motoring,304.4804,31.4296,-31.4296,275.0,450.0,False,dense_cartesian
1465,mirror,regen,304.4804,148.5704,211.4296,275.0,-450.0,False,dense_cartesian
1466,mirror,motoring,312.2499,33.6901,-33.6901,300.0,450.0,False,dense_cartesian
1466,mirror,regen,312.2499,146.3099,213.6901,300.0,-450.0,False,dense_cartesian
1467,mirror,motoring,320.4814,35.8377,-35.8377,325.0,450.0,False,dense_cartesian
1467,mirror,regen,320.4814,144.1623,215.8377,325.0,-450.0,False,dense_cartesian
1468,mirror,motoring,329.1403,37.875,-37.875,350.0,450.0,False,dense_cartesian
1468,mirror,regen,329.1403,142.125,217.875,350.0,-450.0,False,dense_cartesian
1469,mirror,motoring,338.1937,39.8056,-39.8056,375.0,450.0,False,dense_cartesian
1469,mirror,regen,338.1937,140.1944,219.8056,375.0,-450.0,False,dense_cartesian
1470,mirror,motoring,347.6109,41.6335,-41.6335,400.0,450.0,False,dense_cartesian
1470,mirror,regen,347.6109,138.3665,221.6335,400.0,-450.0,False,dense_cartesian
1471,mirror,motoring,357.363,43.3634,-43.3634,425.0,450.0,False,dense_cartesian
1471,mirror,regen,357.363,136.6366,223.3634,425.0,-450.0,False,dense_cartesian
1472,mirror,motoring,367.4235,45.0,-45.0,450.0,450.0,False,dense_cartesian
1472,mirror,regen,367.4235,135.0,225.0,450.0,-450.0,False,dense_cartesian
1473,mirror,motoring,377.7676,46.5482,-46.5482,475.0,450.0,False,dense_cartesian
1473,mirror,regen,377.7676,133.4518,226.5482,475.0,-450.0,False,dense_cartesian
1474,mirror,motoring,388.3727,48.0128,-48.0128,500.0,450.0,False,dense_cartesian
1474,mirror,regen,388.3727,131.9872,228.0128,500.0,-450.0,False,dense_cartesian
1475,mirror,motoring,399.218,49.3987,-49.3987,525.0,450.0,False,dense_cartesian
1475,mirror,regen,399.218,130.6013,229.3987,525.0,-450.0,False,dense_cartesian
1476,mirror,motoring,410.2845,50.7106,-50.7106,550.0,450.0,False,dense_cartesian
1476,mirror,regen,410.2845,129.2894,230.7106,550.0,-450.0,False,dense_cartesian
1477,mirror,motoring,421.5547,51.953,-51.953,575.0,450.0,False,dense_cartesian
1477,mirror,regen,421.5547,128.047,231.953,575.0,-450.0,False,dense_cartesian
1478,mirror,motoring,433.0127,53.1301,-53.1301,600.0,450.0,False,dense_cartesian
1478,mirror,regen,433.0127,126.8699,233.1301,600.0,-450.0,False,dense_cartesian
1479,mirror,motoring,444.6441,54.2461,-54.2461,625.0,450.0,False,dense_cartesian
1479,mirror,regen,444.6441,125.7539,234.2461,625.0,-450.0,False,dense_cartesian
1480,mirror,motoring,456.4355,55.3048,-55.3048,650.0,450.0,False,dense_cartesian
1480,mirror,regen,456.4355,124.6952,235.3048,650.0,-450.0,False,dense_cartesian
1481,mirror,motoring,468.3748,56.3099,-56.3099,675.0,450.0,False,dense_cartesian
1481,mirror,regen,468.3748,123.6901,236.3099,675.0,-450.0,False,dense_cartesian
1482,mirror,motoring,480.4512,57.2648,-57.2648,700.0,450.0,False,dense_cartesian
1482,mirror,regen,480.4512,122.7352,237.2648,700.0,-450.0,False,dense_cartesian
1483,mirror,motoring,492.6544,58.1726,-58.1726,725.0,450.0,False,dense_cartesian
1483,mirror,regen,492.6544,121.8274,238.1726,725.0,-450.0,False,dense_cartesian
1484,mirror,motoring,504.9752,59.0362,-59.0362,750.0,450.0,False,dense_cartesian
1484,mirror,regen,504.9752,120.9638,239.0362,750.0,-450.0,False,dense_cartesian
1485,mirror,motoring,517.4054,59.8586,-59.8586,775.0,450.0,False,dense_cartesian
1485,mirror,regen,517.4054,120.1414,239.8586,775.0,-450.0,False,dense_cartesian
1486,mirror,motoring,529.9371,60.6422,-60.6422,800.0,450.0,False,dense_cartesian
1486,mirror,regen,529.9371,119.3578,240.6422,800.0,-450.0,False,dense_cartesian
1487,mirror,motoring,542.5634,61.3895,-61.3895,825.0,450.0,False,dense_cartesian
1487,mirror,regen,542.5634,118.6105,241.3895,825.0,-450.0,False,dense_cartesian
1488,mirror,motoring,555.2777,62.1027,-62.1027,850.0,450.0,False,dense_cartesian
1488,mirror,regen,555.2777,117.8973,242.1027,850.0,-450.0,False,dense_cartesian
1489,mirror,motoring,568.0742,62.7839,-62.7839,875.0,450.0,False,dense_cartesian
1489,mirror,regen,568.0742,117.2161,242.7839,875.0,-450.0,False,dense_cartesian
1490,mirror,motoring,580.9475,63.4349,-63.4349,900.0,450.0,False,dense_cartesian
1490,mirror,regen,580.9475,116.5651,243.4349,900.0,-450.0,False,dense_cartesian
1491,mirror,motoring,593.8925,64.0577,-64.0577,925.0,450.0,False,dense_cartesian
1491,mirror,regen,593.8925,115.9423,244.0577,925.0,-450.0,False,dense_cartesian
1492,mirror,motoring,606.9047,64.6538,-64.6538,950.0,450.0,False,dense_cartesian
1492,mirror,regen,606.9047,115.3462,244.6538,950.0,-450.0,False,dense_cartesian
1493,mirror,motoring,619.9798,65.2249,-65.2249,975.0,450.0,False,dense_cartesian
1493,mirror,regen,619.9798,114.7751,245.2249,975.0,-450.0,False,dense_cartesian
1494,mirror,motoring,613.2224,-63.4349,63.4349,-950.0,475.0,False,dense_cartesian
1494,mirror,regen,613.2224,243.4349,116.5651,-950.0,-475.0,False,dense_cartesian
1495,mirror,motoring,600.3471,-62.8189,62.8189,-925.0,475.0,False,dense_cartesian
1495,mirror,regen,600.3471,242.8189,117.1811,-925.0,-475.0,False,dense_cartesian
1496,mirror,motoring,587.5443,-62.1759,62.1759,-900.0,475.0,False,dense_cartesian
1496,mirror,regen,587.5443,242.1759,117.8241,-900.0,-475.0,False,dense_cartesian
1497,mirror,motoring,574.8188,-61.5044,61.5044,-875.0,475.0,False,dense_cartesian
1497,mirror,regen,574.8188,241.5044,118.4956,-875.0,-475.0,False,dense_cartesian
1498,mirror,motoring,562.1758,-60.8025,60.8025,-850.0,475.0,False,dense_cartesian
1498,mirror,regen,562.1758,240.8025,119.1975,-850.0,-475.0,False,dense_cartesian
1499,mirror,motoring,549.6211,-60.0685,60.0685,-825.0,475.0,False,dense_cartesian
1499,mirror,regen,549.6211,240.0685,119.9315,-825.0,-475.0,False,dense_cartesian
1500,mirror,motoring,537.1607,-59.3003,59.3003,-800.0,475.0,False,dense_cartesian
1500,mirror,regen,537.1607,239.3003,120.6997,-800.0,-475.0,False,dense_cartesian
1501,mirror,motoring,524.8015,-58.4957,58.4957,-775.0,475.0,False,dense_cartesian
1501,mirror,regen,524.8015,238.4957,121.5043,-775.0,-475.0,False,dense_cartesian
1502,mirror,motoring,512.5508,-57.6526,57.6526,-750.0,475.0,False,dense_cartesian
1502,mirror,regen,512.5508,237.6526,122.3474,-750.0,-475.0,False,dense_cartesian
1503,mirror,motoring,500.4165,-56.7683,56.7683,-725.0,475.0,False,dense_cartesian
1503,mirror,regen,500.4165,236.7683,123.2317,-725.0,-475.0,False,dense_cartesian
1504,mirror,motoring,488.4073,-55.8403,55.8403,-700.0,475.0,False,dense_cartesian
1504,mirror,regen,488.4073,235.8403,124.1597,-700.0,-475.0,False,dense_cartesian
1505,mirror,motoring,476.5326,-54.8658,54.8658,-675.0,475.0,False,dense_cartesian
1505,mirror,regen,476.5326,234.8658,125.1342,-675.0,-475.0,False,dense_cartesian
1506,mirror,motoring,464.8028,-53.8418,53.8418,-650.0,475.0,False,dense_cartesian
1506,mirror,regen,464.8028,233.8418,126.1582,-650.0,-475.0,False,dense_cartesian
1507,mirror,motoring,453.2292,-52.7652,52.7652,-625.0,475.0,False,dense_cartesian
1507,mirror,regen,453.2292,232.7652,127.2348,-625.0,-475.0,False,dense_cartesian
1508,mirror,motoring,441.8239,-51.6325,51.6325,-600.0,475.0,False,dense_cartesian
1508,mirror,regen,441.8239,231.6325,128.3675,-600.0,-475.0,False,dense_cartesian
1509,mirror,motoring,430.6004,-50.4403,50.4403,-575.0,475.0,False,dense_cartesian
1509,mirror,regen,430.6004,230.4403,129.5597,-575.0,-475.0,False,dense_cartesian
1510,mirror,motoring,419.5732,-49.1849,49.1849,-550.0,475.0,False,dense_cartesian
1510,mirror,regen,419.5732,229.1849,130.8151,-550.0,-475.0,False,dense_cartesian
1511,mirror,motoring,408.7583,-47.8624,47.8624,-525.0,475.0,False,dense_cartesian
1511,mirror,regen,408.7583,227.8624,132.1376,-525.0,-475.0,False,dense_cartesian
1512,mirror,motoring,398.1729,-46.4688,46.4688,-500.0,475.0,False,dense_cartesian
1512,mirror,regen,398.1729,226.4688,133.5312,-500.0,-475.0,False,dense_cartesian
1513,mirror,motoring,387.8359,-45.0,45.0,-475.0,475.0,False,dense_cartesian
1513,mirror,regen,387.8359,225.0,135.0,-475.0,-475.0,False,dense_cartesian
1514,mirror,motoring,377.7676,-43.4518,43.4518,-450.0,475.0,False,dense_cartesian
1514,mirror,regen,377.7676,223.4518,136.5482,-450.0,-475.0,False,dense_cartesian
1515,mirror,motoring,367.99,-41.8202,41.8202,-425.0,475.0,False,dense_cartesian
1515,mirror,regen,367.99,221.8202,138.1798,-425.0,-475.0,False,dense_cartesian
1516,mirror,motoring,358.5271,-40.1009,40.1009,-400.0,475.0,False,dense_cartesian
1516,mirror,regen,358.5271,220.1009,139.8991,-400.0,-475.0,False,dense_cartesian
1517,mirror,motoring,349.4043,-38.2902,38.2902,-375.0,475.0,False,dense_cartesian
1517,mirror,regen,349.4043,218.2902,141.7098,-375.0,-475.0,False,dense_cartesian
1518,mirror,motoring,340.6489,-36.3844,36.3844,-350.0,475.0,False,dense_cartesian
1518,mirror,regen,340.6489,216.3844,143.6156,-350.0,-475.0,False,dense_cartesian
1519,mirror,motoring,332.29,-34.3803,34.3803,-325.0,475.0,False,dense_cartesian
1519,mirror,regen,332.29,214.3803,145.6197,-325.0,-475.0,False,dense_cartesian
1520,mirror,motoring,324.3583,-32.2756,32.2756,-300.0,475.0,False,dense_cartesian
1520,mirror,regen,324.3583,212.2756,147.7244,-300.0,-475.0,False,dense_cartesian
1521,mirror,motoring,316.8859,-30.0686,30.0686,-275.0,475.0,False,dense_cartesian
1521,mirror,regen,316.8859,210.0686,149.9314,-275.0,-475.0,False,dense_cartesian
1522,mirror,motoring,309.9059,-27.7585,27.7585,-250.0,475.0,False,dense_cartesian
1522,mirror,regen,309.9059,207.7585,152.2415,-250.0,-475.0,False,dense_cartesian
1523,mirror,motoring,303.4524,-25.3462,25.3462,-225.0,475.0,False,dense_cartesian
1523,mirror,regen,303.4524,205.3462,154.6538,-225.0,-475.0,False,dense_cartesian
1524,mirror,motoring,297.5595,-22.8337,22.8337,-200.0,475.0,False,dense_cartesian
1524,mirror,regen,297.5595,202.8337,157.1663,-200.0,-475.0,False,dense_cartesian
1525,mirror,motoring,292.2613,-20.2249,20.2249,-175.0,475.0,False,dense_cartesian
1525,mirror,regen,292.2613,200.2249,159.7751,-175.0,-475.0,False,dense_cartesian
1526,mirror,motoring,287.5906,-17.5256,17.5256,-150.0,475.0,False,dense_cartesian
1526,mirror,regen,287.5906,197.5256,162.4744,-150.0,-475.0,False,dense_cartesian
1527,mirror,motoring,283.5783,-14.7436,14.7436,-125.0,475.0,False,dense_cartesian
1527,mirror,regen,283.5783,194.7436,165.2564,-125.0,-475.0,False,dense_cartesian
1528,mirror,motoring,280.2529,-11.8887,11.8887,-100.0,475.0,False,dense_cartesian
1528,mirror,regen,280.2529,191.8887,168.1113,-100.0,-475.0,False,dense_cartesian
1529,mirror,motoring,277.6389,-8.9726,8.9726,-75.0,475.0,False,dense_cartesian
1529,mirror,regen,277.6389,188.9726,171.0274,-75.0,-475.0,False,dense_cartesian
1530,mirror,motoring,275.7565,-6.009,6.009,-50.0,475.0,False,dense_cartesian
1530,mirror,regen,275.7565,186.009,173.991,-50.0,-475.0,False,dense_cartesian
1531,mirror,motoring,274.621,-3.0128,3.0128,-25.0,475.0,False,dense_cartesian
1531,mirror,regen,274.621,183.0128,176.9872,-25.0,-475.0,False,dense_cartesian
1532,mirror,motoring,274.2414,0.0,0.0,0.0,475.0,False,dense_cartesian
1532,mirror,regen,274.2414,180.0,180.0,0.0,-475.0,False,dense_cartesian
1533,mirror,motoring,274.621,3.0128,-3.0128,25.0,475.0,False,dense_cartesian
1533,mirror,regen,274.621,176.9872,183.0128,25.0,-475.0,False,dense_cartesian
1534,mirror,motoring,275.7565,6.009,-6.009,50.0,475.0,False,dense_cartesian
1534,mirror,regen,275.7565,173.991,186.009,50.0,-475.0,False,dense_cartesian
1535,mirror,motoring,277.6389,8.9726,-8.9726,75.0,475.0,False,dense_cartesian
1535,mirror,regen,277.6389,171.0274,188.9726,75.0,-475.0,False,dense_cartesian
1536,mirror,motoring,280.2529,11.8887,-11.8887,100.0,475.0,False,dense_cartesian
1536,mirror,regen,280.2529,168.1113,191.8887,100.0,-475.0,False,dense_cartesian
1537,mirror,motoring,283.5783,14.7436,-14.7436,125.0,475.0,False,dense_cartesian
1537,mirror,regen,283.5783,165.2564,194.7436,125.0,-475.0,False,dense_cartesian
1538,mirror,motoring,287.5906,17.5256,-17.5256,150.0,475.0,False,dense_cartesian
1538,mirror,regen,287.5906,162.4744,197.5256,150.0,-475.0,False,dense_cartesian
1539,mirror,motoring,292.2613,20.2249,-20.2249,175.0,475.0,False,dense_cartesian
1539,mirror,regen,292.2613,159.7751,200.2249,175.0,-475.0,False,dense_cartesian
1540,mirror,motoring,297.5595,22.8337,-22.8337,200.0,475.0,False,dense_cartesian
1540,mirror,regen,297.5595,157.1663,202.8337,200.0,-475.0,False,dense_cartesian
1541,mirror,motoring,303.4524,25.3462,-25.3462,225.0,475.0,False,dense_cartesian
1541,mirror,regen,303.4524,154.6538,205.3462,225.0,-475.0,False,dense_cartesian
1542,mirror,motoring,309.9059,27.7585,-27.7585,250.0,475.0,False,dense_cartesian
1542,mirror,regen,309.9059,152.2415,207.7585,250.0,-475.0,False,dense_cartesian
1543,mirror,motoring,316.8859,30.0686,-30.0686,275.0,475.0,False,dense_cartesian
1543,mirror,regen,316.8859,149.9314,210.0686,275.0,-475.0,False,dense_cartesian
1544,mirror,motoring,324.3583,32.2756,-32.2756,300.0,475.0,False,dense_cartesian
1544,mirror,regen,324.3583,147.7244,212.2756,300.0,-475.0,False,dense_cartesian
1545,mirror,motoring,332.29,34.3803,-34.3803,325.0,475.0,False,dense_cartesian
1545,mirror,regen,332.29,145.6197,214.3803,325.0,-475.0,False,dense_cartesian
1546,mirror,motoring,340.6489,36.3844,-36.3844,350.0,475.0,False,dense_cartesian
1546,mirror,regen,340.6489,143.6156,216.3844,350.0,-475.0,False,dense_cartesian
1547,mirror,motoring,349.4043,38.2902,-38.2902,375.0,475.0,False,dense_cartesian
1547,mirror,regen,349.4043,141.7098,218.2902,375.0,-475.0,False,dense_cartesian
1548,mirror,motoring,358.5271,40.1009,-40.1009,400.0,475.0,False,dense_cartesian
1548,mirror,regen,358.5271,139.8991,220.1009,400.0,-475.0,False,dense_cartesian
1549,mirror,motoring,367.99,41.8202,-41.8202,425.0,475.0,False,dense_cartesian
1549,mirror,regen,367.99,138.1798,221.8202,425.0,-475.0,False,dense_cartesian
1550,mirror,motoring,377.7676,43.4518,-43.4518,450.0,475.0,False,dense_cartesian
1550,mirror,regen,377.7676,136.5482,223.4518,450.0,-475.0,False,dense_cartesian
1551,mirror,motoring,387.8359,45.0,-45.0,475.0,475.0,False,dense_cartesian
1551,mirror,regen,387.8359,135.0,225.0,475.0,-475.0,False,dense_cartesian
1552,mirror,motoring,398.1729,46.4688,-46.4688,500.0,475.0,False,dense_cartesian
1552,mirror,regen,398.1729,133.5312,226.4688,500.0,-475.0,False,dense_cartesian
1553,mirror,motoring,408.7583,47.8624,-47.8624,525.0,475.0,False,dense_cartesian
1553,mirror,regen,408.7583,132.1376,227.8624,525.0,-475.0,False,dense_cartesian
1554,mirror,motoring,419.5732,49.1849,-49.1849,550.0,475.0,False,dense_cartesian
1554,mirror,regen,419.5732,130.8151,229.1849,550.0,-475.0,False,dense_cartesian
1555,mirror,motoring,430.6004,50.4403,-50.4403,575.0,475.0,False,dense_cartesian
1555,mirror,regen,430.6004,129.5597,230.4403,575.0,-475.0,False,dense_cartesian
1556,mirror,motoring,441.8239,51.6325,-51.6325,600.0,475.0,False,dense_cartesian
1556,mirror,regen,441.8239,128.3675,231.6325,600.0,-475.0,False,dense_cartesian
1557,mirror,motoring,453.2292,52.7652,-52.7652,625.0,475.0,False,dense_cartesian
1557,mirror,regen,453.2292,127.2348,232.7652,625.0,-475.0,False,dense_cartesian
1558,mirror,motoring,464.8028,53.8418,-53.8418,650.0,475.0,False,dense_cartesian
1558,mirror,regen,464.8028,126.1582,233.8418,650.0,-475.0,False,dense_cartesian
1559,mirror,motoring,476.5326,54.8658,-54.8658,675.0,475.0,False,dense_cartesian
1559,mirror,regen,476.5326,125.1342,234.8658,675.0,-475.0,False,dense_cartesian
1560,mirror,motoring,488.4073,55.8403,-55.8403,700.0,475.0,False,dense_cartesian
1560,mirror,regen,488.4073,124.1597,235.8403,700.0,-475.0,False,dense_cartesian
1561,mirror,motoring,500.4165,56.7683,-56.7683,725.0,475.0,False,dense_cartesian
1561,mirror,regen,500.4165,123.2317,236.7683,725.0,-475.0,False,dense_cartesian
1562,mirror,motoring,512.5508,57.6526,-57.6526,750.0,475.0,False,dense_cartesian
1562,mirror,regen,512.5508,122.3474,237.6526,750.0,-475.0,False,dense_cartesian
1563,mirror,motoring,524.8015,58.4957,-58.4957,775.0,475.0,False,dense_cartesian
1563,mirror,regen,524.8015,121.5043,238.4957,775.0,-475.0,False,dense_cartesian
1564,mirror,motoring,537.1607,59.3003,-59.3003,800.0,475.0,False,dense_cartesian
1564,mirror,regen,537.1607,120.6997,239.3003,800.0,-475.0,False,dense_cartesian
1565,mirror,motoring,549.6211,60.0685,-60.0685,825.0,475.0,False,dense_cartesian
1565,mirror,regen,549.6211,119.9315,240.0685,825.0,-475.0,False,dense_cartesian
1566,mirror,motoring,562.1758,60.8025,-60.8025,850.0,475.0,False,dense_cartesian
1566,mirror,regen,562.1758,119.1975,240.8025,850.0,-475.0,False,dense_cartesian
1567,mirror,motoring,574.8188,61.5044,-61.5044,875.0,475.0,False,dense_cartesian
1567,mirror,regen,574.8188,118.4956,241.5044,875.0,-475.0,False,dense_cartesian
1568,mirror,motoring,587.5443,62.1759,-62.1759,900.0,475.0,False,dense_cartesian
1568,mirror,regen,587.5443,117.8241,242.1759,900.0,-475.0,False,dense_cartesian
1569,mirror,motoring,600.3471,62.8189,-62.8189,925.0,475.0,False,dense_cartesian
1569,mirror,regen,600.3471,117.1811,242.8189,925.0,-475.0,False,dense_cartesian
1570,mirror,motoring,613.2224,63.4349,-63.4349,950.0,475.0,False,dense_cartesian
1570,mirror,regen,613.2224,116.5651,243.4349,950.0,-475.0,False,dense_cartesian
1571,mirror,motoring,619.8118,-62.2415,62.2415,-950.0,500.0,False,dense_cartesian
1571,mirror,regen,619.8118,242.2415,117.7585,-950.0,-500.0,False,dense_cartesian
1572,mirror,motoring,607.0763,-61.607,61.607,-925.0,500.0,False,dense_cartesian
1572,mirror,regen,607.0763,241.607,118.393,-925.0,-500.0,False,dense_cartesian
1573,mirror,motoring,594.4185,-60.9454,60.9454,-900.0,500.0,False,dense_cartesian
1573,mirror,regen,594.4185,240.9454,119.0546,-900.0,-500.0,False,dense_cartesian
1574,mirror,motoring,581.8433,-60.2551,60.2551,-875.0,500.0,False,dense_cartesian
1574,mirror,regen,581.8433,240.2551,119.7449,-875.0,-500.0,False,dense_cartesian
1575,mirror,motoring,569.3564,-59.5345,59.5345,-850.0,500.0,False,dense_cartesian
1575,mirror,regen,569.3564,239.5345,120.4655,-850.0,-500.0,False,dense_cartesian
1576,mirror,motoring,556.9635,-58.7816,58.7816,-825.0,500.0,False,dense_cartesian
1576,mirror,regen,556.9635,238.7816,121.2184,-825.0,-500.0,False,dense_cartesian
1577,mirror,motoring,544.6712,-57.9946,57.9946,-800.0,500.0,False,dense_cartesian
1577,mirror,regen,544.6712,237.9946,122.0054,-800.0,-500.0,False,dense_cartesian
1578,mirror,motoring,532.4863,-57.1715,57.1715,-775.0,500.0,False,dense_cartesian
1578,mirror,regen,532.4863,237.1715,122.8285,-775.0,-500.0,False,dense_cartesian
1579,mirror,motoring,520.4165,-56.3099,56.3099,-750.0,500.0,False,dense_cartesian
1579,mirror,regen,520.4165,236.3099,123.6901,-750.0,-500.0,False,dense_cartesian
1580,mirror,motoring,508.4699,-55.4077,55.4077,-725.0,500.0,False,dense_cartesian
1580,mirror,regen,508.4699,235.4077,124.5923,-725.0,-500.0,False,dense_cartesian
1581,mirror,motoring,496.6555,-54.4623,54.4623,-700.0,500.0,False,dense_cartesian
1581,mirror,regen,496.6555,234.4623,125.5377,-700.0,-500.0,False,dense_cartesian
1582,mirror,motoring,484.9828,-53.4711,53.4711,-675.0,500.0,False,dense_cartesian
1582,mirror,regen,484.9828,233.4711,126.5289,-675.0,-500.0,False,dense_cartesian
1583,mirror,motoring,473.4624,-52.4314,52.4314,-650.0,500.0,False,dense_cartesian
1583,mirror,regen,473.4624,232.4314,127.5686,-650.0,-500.0,False,dense_cartesian
1584,mirror,motoring,462.1057,-51.3402,51.3402,-625.0,500.0,False,dense_cartesian
1584,mirror,regen,462.1057,231.3402,128.6598,-625.0,-500.0,False,dense_cartesian
1585,mirror,motoring,450.925,-50.1944,50.1944,-600.0,500.0,False,dense_cartesian
1585,mirror,regen,450.925,230.1944,129.8056,-600.0,-500.0,False,dense_cartesian
1586,mirror,motoring,439.9337,-48.9909,48.9909,-575.0,500.0,False,dense_cartesian
1586,mirror,regen,439.9337,228.9909,131.0091,-575.0,-500.0,False,dense_cartesian
1587,mirror,motoring,429.1464,-47.7263,47.7263,-550.0,500.0,False,dense_cartesian
1587,mirror,regen,429.1464,227.7263,132.2737,-550.0,-500.0,False,dense_cartesian
1588,mirror,motoring,418.5789,-46.3972,46.3972,-525.0,500.0,False,dense_cartesian
1588,mirror,regen,418.5789,226.3972,133.6028,-525.0,-500.0,False,dense_cartesian
1589,mirror,motoring,408.2483,-45.0,45.0,-500.0,500.0,False,dense_cartesian
1589,mirror,regen,408.2483,225.0,135.0,-500.0,-500.0,False,dense_cartesian
1590,mirror,motoring,398.1729,-43.5312,43.5312,-475.0,500.0,False,dense_cartesian
1590,mirror,regen,398.1729,223.5312,136.4688,-475.0,-500.0,False,dense_cartesian
1591,mirror,motoring,388.3727,-41.9872,41.9872,-450.0,500.0,False,dense_cartesian
1591,mirror,regen,388.3727,221.9872,138.0128,-450.0,-500.0,False,dense_cartesian
1592,mirror,motoring,378.8689,-40.3645,40.3645,-425.0,500.0,False,dense_cartesian
1592,mirror,regen,378.8689,220.3645,139.6355,-425.0,-500.0,False,dense_cartesian
1593,mirror,motoring,369.6846,-38.6598,38.6598,-400.0,500.0,False,dense_cartesian
1593,mirror,regen,369.6846,218.6598,141.3402,-400.0,-500.0,False,dense_cartesian
1594,mirror,motoring,360.8439,-36.8699,36.8699,-375.0,500.0,False,dense_cartesian
1594,mirror,regen,360.8439,216.8699,143.1301,-375.0,-500.0,False,dense_cartesian
1595,mirror,motoring,352.3729,-34.992,34.992,-350.0,500.0,False,dense_cartesian
1595,mirror,regen,352.3729,214.992,145.008,-350.0,-500.0,False,dense_cartesian
1596,mirror,motoring,344.2988,-33.0239,33.0239,-325.0,500.0,False,dense_cartesian
1596,mirror,regen,344.2988,213.0239,146.9761,-325.0,-500.0,False,dense_cartesian
1597,mirror,motoring,336.6502,-30.9638,30.9638,-300.0,500.0,False,dense_cartesian
1597,mirror,regen,336.6502,210.9638,149.0362,-300.0,-500.0,False,dense_cartesian
1598,mirror,motoring,329.4566,-28.8108,28.8108,-275.0,500.0,False,dense_cartesian
1598,mirror,regen,329.4566,208.8108,151.1892,-275.0,-500.0,False,dense_cartesian
1599,mirror,motoring,322.7486,-26.5651,26.5651,-250.0,500.0,False,dense_cartesian
1599,mirror,regen,322.7486,206.5651,153.4349,-250.0,-500.0,False,dense_cartesian
1600,mirror,motoring,316.557,-24.2277,24.2277,-225.0,500.0,False,dense_cartesian
1600,mirror,regen,316.557,204.2277,155.7723,-225.0,-500.0,False,dense_cartesian
1601,mirror,motoring,310.9126,-21.8014,21.8014,-200.0,500.0,False,dense_cartesian
1601,mirror,regen,310.9126,201.8014,158.1986,-200.0,-500.0,False,dense_cartesian
1602,mirror,motoring,305.8458,-19.29,19.29,-175.0,500.0,False,dense_cartesian
1602,mirror,regen,305.8458,199.29,160.71,-175.0,-500.0,False,dense_cartesian
1603,mirror,motoring,301.3857,-16.6992,16.6992,-150.0,500.0,False,dense_cartesian
1603,mirror,regen,301.3857,196.6992,163.3008,-150.0,-500.0,False,dense_cartesian
1604,mirror,motoring,297.5595,-14.0362,14.0362,-125.0,500.0,False,dense_cartesian
1604,mirror,regen,297.5595,194.0362,165.9638,-125.0,-500.0,False,dense_cartesian
1605,mirror,motoring,294.392,-11.3099,11.3099,-100.0,500.0,False,dense_cartesian
1605,mirror,regen,294.392,191.3099,168.6901,-100.0,-500.0,False,dense_cartesian
1606,mirror,motoring,291.9047,-8.5308,8.5308,-75.0,500.0,False,dense_cartesian
1606,mirror,regen,291.9047,188.5308,171.4692,-75.0,-500.0,False,dense_cartesian
1607,mirror,motoring,290.1149,-5.7106,5.7106,-50.0,500.0,False,dense_cartesian
1607,mirror,regen,290.1149,185.7106,174.2894,-50.0,-500.0,False,dense_cartesian
1608,mirror,motoring,289.0358,-2.8624,2.8624,-25.0,500.0,False,dense_cartesian
1608,mirror,regen,289.0358,182.8624,177.1376,-25.0,-500.0,False,dense_cartesian
1609,mirror,motoring,288.6751,0.0,0.0,0.0,500.0,False,dense_cartesian
1609,mirror,regen,288.6751,180.0,180.0,0.0,-500.0,False,dense_cartesian
1610,mirror,motoring,289.0358,2.8624,-2.8624,25.0,500.0,False,dense_cartesian
1610,mirror,regen,289.0358,177.1376,182.8624,25.0,-500.0,False,dense_cartesian
1611,mirror,motoring,290.1149,5.7106,-5.7106,50.0,500.0,False,dense_cartesian
1611,mirror,regen,290.1149,174.2894,185.7106,50.0,-500.0,False,dense_cartesian
1612,mirror,motoring,291.9047,8.5308,-8.5308,75.0,500.0,False,dense_cartesian
1612,mirror,regen,291.9047,171.4692,188.5308,75.0,-500.0,False,dense_cartesian
1613,mirror,motoring,294.392,11.3099,-11.3099,100.0,500.0,False,dense_cartesian
1613,mirror,regen,294.392,168.6901,191.3099,100.0,-500.0,False,dense_cartesian
1614,mirror,motoring,297.5595,14.0362,-14.0362,125.0,500.0,False,dense_cartesian
1614,mirror,regen,297.5595,165.9638,194.0362,125.0,-500.0,False,dense_cartesian
1615,mirror,motoring,301.3857,16.6992,-16.6992,150.0,500.0,False,dense_cartesian
1615,mirror,regen,301.3857,163.3008,196.6992,150.0,-500.0,False,dense_cartesian
1616,mirror,motoring,305.8458,19.29,-19.29,175.0,500.0,False,dense_cartesian
1616,mirror,regen,305.8458,160.71,199.29,175.0,-500.0,False,dense_cartesian
1617,mirror,motoring,310.9126,21.8014,-21.8014,200.0,500.0,False,dense_cartesian
1617,mirror,regen,310.9126,158.1986,201.8014,200.0,-500.0,False,dense_cartesian
1618,mirror,motoring,316.557,24.2277,-24.2277,225.0,500.0,False,dense_cartesian
1618,mirror,regen,316.557,155.7723,204.2277,225.0,-500.0,False,dense_cartesian
1619,mirror,motoring,322.7486,26.5651,-26.5651,250.0,500.0,False,dense_cartesian
1619,mirror,regen,322.7486,153.4349,206.5651,250.0,-500.0,False,dense_cartesian
1620,mirror,motoring,329.4566,28.8108,-28.8108,275.0,500.0,False,dense_cartesian
1620,mirror,regen,329.4566,151.1892,208.8108,275.0,-500.0,False,dense_cartesian
1621,mirror,motoring,336.6502,30.9638,-30.9638,300.0,500.0,False,dense_cartesian
1621,mirror,regen,336.6502,149.0362,210.9638,300.0,-500.0,False,dense_cartesian
1622,mirror,motoring,344.2988,33.0239,-33.0239,325.0,500.0,False,dense_cartesian
1622,mirror,regen,344.2988,146.9761,213.0239,325.0,-500.0,False,dense_cartesian
1623,mirror,motoring,352.3729,34.992,-34.992,350.0,500.0,False,dense_cartesian
1623,mirror,regen,352.3729,145.008,214.992,350.0,-500.0,False,dense_cartesian
1624,mirror,motoring,360.8439,36.8699,-36.8699,375.0,500.0,False,dense_cartesian
1624,mirror,regen,360.8439,143.1301,216.8699,375.0,-500.0,False,dense_cartesian
1625,mirror,motoring,369.6846,38.6598,-38.6598,400.0,500.0,False,dense_cartesian
1625,mirror,regen,369.6846,141.3402,218.6598,400.0,-500.0,False,dense_cartesian
1626,mirror,motoring,378.8689,40.3645,-40.3645,425.0,500.0,False,dense_cartesian
1626,mirror,regen,378.8689,139.6355,220.3645,425.0,-500.0,False,dense_cartesian
1627,mirror,motoring,388.3727,41.9872,-41.9872,450.0,500.0,False,dense_cartesian
1627,mirror,regen,388.3727,138.0128,221.9872,450.0,-500.0,False,dense_cartesian
1628,mirror,motoring,398.1729,43.5312,-43.5312,475.0,500.0,False,dense_cartesian
1628,mirror,regen,398.1729,136.4688,223.5312,475.0,-500.0,False,dense_cartesian
1629,mirror,motoring,408.2483,45.0,-45.0,500.0,500.0,False,dense_cartesian
1629,mirror,regen,408.2483,135.0,225.0,500.0,-500.0,False,dense_cartesian
1630,mirror,motoring,418.5789,46.3972,-46.3972,525.0,500.0,False,dense_cartesian
1630,mirror,regen,418.5789,133.6028,226.3972,525.0,-500.0,False,dense_cartesian
1631,mirror,motoring,429.1464,47.7263,-47.7263,550.0,500.0,False,dense_cartesian
1631,mirror,regen,429.1464,132.2737,227.7263,550.0,-500.0,False,dense_cartesian
1632,mirror,motoring,439.9337,48.9909,-48.9909,575.0,500.0,False,dense_cartesian
1632,mirror,regen,439.9337,131.0091,228.9909,575.0,-500.0,False,dense_cartesian
1633,mirror,motoring,450.925,50.1944,-50.1944,600.0,500.0,False,dense_cartesian
1633,mirror,regen,450.925,129.8056,230.1944,600.0,-500.0,False,dense_cartesian
1634,mirror,motoring,462.1057,51.3402,-51.3402,625.0,500.0,False,dense_cartesian
1634,mirror,regen,462.1057,128.6598,231.3402,625.0,-500.0,False,dense_cartesian
1635,mirror,motoring,473.4624,52.4314,-52.4314,650.0,500.0,False,dense_cartesian
1635,mirror,regen,473.4624,127.5686,232.4314,650.0,-500.0,False,dense_cartesian
1636,mirror,motoring,484.9828,53.4711,-53.4711,675.0,500.0,False,dense_cartesian
1636,mirror,regen,484.9828,126.5289,233.4711,675.0,-500.0,False,dense_cartesian
1637,mirror,motoring,496.6555,54.4623,-54.4623,700.0,500.0,False,dense_cartesian
1637,mirror,regen,496.6555,125.5377,234.4623,700.0,-500.0,False,dense_cartesian
1638,mirror,motoring,508.4699,55.4077,-55.4077,725.0,500.0,False,dense_cartesian
1638,mirror,regen,508.4699,124.5923,235.4077,725.0,-500.0,False,dense_cartesian
1639,mirror,motoring,520.4165,56.3099,-56.3099,750.0,500.0,False,dense_cartesian
1639,mirror,regen,520.4165,123.6901,236.3099,750.0,-500.0,False,dense_cartesian
1640,mirror,motoring,532.4863,57.1715,-57.1715,775.0,500.0,False,dense_cartesian
1640,mirror,regen,532.4863,122.8285,237.1715,775.0,-500.0,False,dense_cartesian
1641,mirror,motoring,544.6712,57.9946,-57.9946,800.0,500.0,False,dense_cartesian
1641,mirror,regen,544.6712,122.0054,237.9946,800.0,-500.0,False,dense_cartesian
1642,mirror,motoring,556.9635,58.7816,-58.7816,825.0,500.0,False,dense_cartesian
1642,mirror,regen,556.9635,121.2184,238.7816,825.0,-500.0,False,dense_cartesian
1643,mirror,motoring,569.3564,59.5345,-59.5345,850.0,500.0,False,dense_cartesian
1643,mirror,regen,569.3564,120.4655,239.5345,850.0,-500.0,False,dense_cartesian
1644,mirror,motoring,581.8433,60.2551,-60.2551,875.0,500.0,False,dense_cartesian
1644,mirror,regen,581.8433,119.7449,240.2551,875.0,-500.0,False,dense_cartesian
1645,mirror,motoring,594.4185,60.9454,-60.9454,900.0,500.0,False,dense_cartesian
1645,mirror,regen,594.4185,119.0546,240.9454,900.0,-500.0,False,dense_cartesian
1646,mirror,motoring,607.0763,61.607,-61.607,925.0,500.0,False,dense_cartesian
1646,mirror,regen,607.0763,118.393,241.607,925.0,-500.0,False,dense_cartesian
1647,mirror,motoring,619.8118,62.2415,-62.2415,950.0,500.0,False,dense_cartesian
1647,mirror,regen,619.8118,117.7585,242.2415,950.0,-500.0,False,dense_cartesian
1648,mirror,motoring,614.0711,-60.4222,60.4222,-925.0,525.0,False,dense_cartesian
1648,mirror,regen,614.0711,240.4222,119.5778,-925.0,-525.0,False,dense_cartesian
1649,mirror,motoring,601.5605,-59.7436,59.7436,-900.0,525.0,False,dense_cartesian
1649,mirror,regen,601.5605,239.7436,120.2564,-900.0,-525.0,False,dense_cartesian
1650,mirror,motoring,589.1378,-59.0362,59.0362,-875.0,525.0,False,dense_cartesian
1650,mirror,regen,589.1378,239.0362,120.9638,-875.0,-525.0,False,dense_cartesian
1651,mirror,motoring,576.8087,-58.2986,58.2986,-850.0,525.0,False,dense_cartesian
1651,mirror,regen,576.8087,238.2986,121.7014,-850.0,-525.0,False,dense_cartesian
1652,mirror,motoring,564.5795,-57.5288,57.5288,-825.0,525.0,False,dense_cartesian
1652,mirror,regen,564.5795,237.5288,122.4712,-825.0,-525.0,False,dense_cartesian
1653,mirror,motoring,552.4566,-56.7251,56.7251,-800.0,525.0,False,dense_cartesian
1653,mirror,regen,552.4566,236.7251,123.2749,-800.0,-525.0,False,dense_cartesian
1654,mirror,motoring,540.4473,-55.8855,55.8855,-775.0,525.0,False,dense_cartesian
1654,mirror,regen,540.4473,235.8855,124.1145,-775.0,-525.0,False,dense_cartesian
1655,mirror,motoring,528.5594,-55.008,55.008,-750.0,525.0,False,dense_cartesian
1655,mirror,regen,528.5594,235.008,124.992,-750.0,-525.0,False,dense_cartesian
1656,mirror,motoring,516.8011,-54.0903,54.0903,-725.0,525.0,False,dense_cartesian
1656,mirror,regen,516.8011,234.0903,125.9097,-725.0,-525.0,False,dense_cartesian
1657,mirror,motoring,505.1815,-53.1301,53.1301,-700.0,525.0,False,dense_cartesian
1657,mirror,regen,505.1815,233.1301,126.8699,-700.0,-525.0,False,dense_cartesian
1658,mirror,motoring,493.7104,-52.125,52.125,-675.0,525.0,False,dense_cartesian
1658,mirror,regen,493.7104,232.125,127.875,-675.0,-525.0,False,dense_cartesian
1659,mirror,motoring,482.3985,-51.0725,51.0725,-650.0,525.0,False,dense_cartesian
1659,mirror,regen,482.3985,231.0725,128.9275,-650.0,-525.0,False,dense_cartesian
1660,mirror,motoring,471.2572,-49.9697,49.9697,-625.0,525.0,False,dense_cartesian
1660,mirror,regen,471.2572,229.9697,130.0303,-625.0,-525.0,False,dense_cartesian
1661,mirror,motoring,460.2988,-48.8141,48.8141,-600.0,525.0,False,dense_cartesian
1661,mirror,regen,460.2988,228.8141,131.1859,-600.0,-525.0,False,dense_cartesian
1662,mirror,motoring,449.5368,-47.6026,47.6026,-575.0,525.0,False,dense_cartesian
1662,mirror,regen,449.5368,227.6026,132.3974,-575.0,-525.0,False,dense_cartesian
1663,mirror,motoring,438.9856,-46.3322,46.3322,-550.0,525.0,False,dense_cartesian
1663,mirror,regen,438.9856,226.3322,133.6678,-550.0,-525.0,False,dense_cartesian
1664,mirror,motoring,428.6607,-45.0,45.0,-525.0,525.0,False,dense_cartesian
1664,mirror,regen,428.6607,225.0,135.0,-525.0,-525.0,False,dense_cartesian
1665,mirror,motoring,418.5789,-43.6028,43.6028,-500.0,525.0,False,dense_cartesian
1665,mirror,regen,418.5789,223.6028,136.3972,-500.0,-525.0,False,dense_cartesian
1666,mirror,motoring,408.7583,-42.1376,42.1376,-475.0,525.0,False,dense_cartesian
1666,mirror,regen,408.7583,222.1376,137.8624,-475.0,-525.0,False,dense_cartesian
1667,mirror,motoring,399.218,-40.6013,40.6013,-450.0,525.0,False,dense_cartesian
1667,mirror,regen,399.218,220.6013,139.3987,-450.0,-525.0,False,dense_cartesian
1668,mirror,motoring,389.9786,-38.991,38.991,-425.0,525.0,False,dense_cartesian
1668,mirror,regen,389.9786,218.991,141.009,-425.0,-525.0,False,dense_cartesian
1669,mirror,motoring,381.0621,-37.3039,37.3039,-400.0,525.0,False,dense_cartesian
1669,mirror,regen,381.0621,217.3039,142.6961,-400.0,-525.0,False,dense_cartesian
1670,mirror,motoring,372.4916,-35.5377,35.5377,-375.0,525.0,False,dense_cartesian
1670,mirror,regen,372.4916,215.5377,144.4623,-375.0,-525.0,False,dense_cartesian
1671,mirror,motoring,364.2915,-33.6901,33.6901,-350.0,525.0,False,dense_cartesian
1671,mirror,regen,364.2915,213.6901,146.3099,-350.0,-525.0,False,dense_cartesian
1672,mirror,motoring,356.4875,-31.7595,31.7595,-325.0,525.0,False,dense_cartesian
1672,mirror,regen,356.4875,211.7595,148.2405,-325.0,-525.0,False,dense_cartesian
1673,mirror,motoring,349.106,-29.7449,29.7449,-300.0,525.0,False,dense_cartesian
1673,mirror,regen,349.106,209.7449,150.2551,-300.0,-525.0,False,dense_cartesian
1674,mirror,motoring,342.1744,-27.646,27.646,-275.0,525.0,False,dense_cartesian
1674,mirror,regen,342.1744,207.646,152.354,-275.0,-525.0,False,dense_cartesian
1675,mirror,motoring,335.7206,-25.4633,25.4633,-250.0,525.0,False,dense_cartesian
1675,mirror,regen,335.7206,205.4633,154.5367,-250.0,-525.0,False,dense_cartesian
1676,mirror,motoring,329.7726,-23.1986,23.1986,-225.0,525.0,False,dense_cartesian
1676,mirror,regen,329.7726,203.1986,156.8014,-225.0,-525.0,False,dense_cartesian
1677,mirror,motoring,324.3583,-20.8545,20.8545,-200.0,525.0,False,dense_cartesian
1677,mirror,regen,324.3583,200.8545,159.1455,-200.0,-525.0,False,dense_cartesian
1678,mirror,motoring,319.5048,-18.4349,18.4349,-175.0,525.0,False,dense_cartesian
1678,mirror,regen,319.5048,198.4349,161.5651,-175.0,-525.0,False,dense_cartesian
1679,mirror,motoring,315.238,-15.9454,15.9454,-150.0,525.0,False,dense_cartesian
1679,mirror,regen,315.238,195.9454,164.0546,-150.0,-525.0,False,dense_cartesian
1680,mirror,motoring,311.582,-13.3925,13.3925,-125.0,525.0,False,dense_cartesian
1680,mirror,regen,311.582,193.3925,166.6075,-125.0,-525.0,False,dense_cartesian
1681,mirror,motoring,308.5585,-10.7843,10.7843,-100.0,525.0,False,dense_cartesian
1681,mirror,regen,308.5585,190.7843,169.2157,-100.0,-525.0,False,dense_cartesian
1682,mirror,motoring,306.1862,-8.1301,8.1301,-75.0,525.0,False,dense_cartesian
1682,mirror,regen,306.1862,188.1301,171.8699,-75.0,-525.0,False,dense_cartesian
1683,mirror,motoring,304.4804,-5.4403,5.4403,-50.0,525.0,False,dense_cartesian
1683,mirror,regen,304.4804,185.4403,174.5597,-50.0,-525.0,False,dense_cartesian
1684,mirror,motoring,303.4524,-2.7263,2.7263,-25.0,525.0,False,dense_cartesian
1684,mirror,regen,303.4524,182.7263,177.2737,-25.0,-525.0,False,dense_cartesian
1685,mirror,motoring,303.1089,0.0,0.0,0.0,525.0,False,dense_cartesian
1685,mirror,regen,303.1089,180.0,180.0,0.0,-525.0,False,dense_cartesian
1686,mirror,motoring,303.4524,2.7263,-2.7263,25.0,525.0,False,dense_cartesian
1686,mirror,regen,303.4524,177.2737,182.7263,25.0,-525.0,False,dense_cartesian
1687,mirror,motoring,304.4804,5.4403,-5.4403,50.0,525.0,False,dense_cartesian
1687,mirror,regen,304.4804,174.5597,185.4403,50.0,-525.0,False,dense_cartesian
1688,mirror,motoring,306.1862,8.1301,-8.1301,75.0,525.0,False,dense_cartesian
1688,mirror,regen,306.1862,171.8699,188.1301,75.0,-525.0,False,dense_cartesian
1689,mirror,motoring,308.5585,10.7843,-10.7843,100.0,525.0,False,dense_cartesian
1689,mirror,regen,308.5585,169.2157,190.7843,100.0,-525.0,False,dense_cartesian
1690,mirror,motoring,311.582,13.3925,-13.3925,125.0,525.0,False,dense_cartesian
1690,mirror,regen,311.582,166.6075,193.3925,125.0,-525.0,False,dense_cartesian
1691,mirror,motoring,315.238,15.9454,-15.9454,150.0,525.0,False,dense_cartesian
1691,mirror,regen,315.238,164.0546,195.9454,150.0,-525.0,False,dense_cartesian
1692,mirror,motoring,319.5048,18.4349,-18.4349,175.0,525.0,False,dense_cartesian
1692,mirror,regen,319.5048,161.5651,198.4349,175.0,-525.0,False,dense_cartesian
1693,mirror,motoring,324.3583,20.8545,-20.8545,200.0,525.0,False,dense_cartesian
1693,mirror,regen,324.3583,159.1455,200.8545,200.0,-525.0,False,dense_cartesian
1694,mirror,motoring,329.7726,23.1986,-23.1986,225.0,525.0,False,dense_cartesian
1694,mirror,regen,329.7726,156.8014,203.1986,225.0,-525.0,False,dense_cartesian
1695,mirror,motoring,335.7206,25.4633,-25.4633,250.0,525.0,False,dense_cartesian
1695,mirror,regen,335.7206,154.5367,205.4633,250.0,-525.0,False,dense_cartesian
1696,mirror,motoring,342.1744,27.646,-27.646,275.0,525.0,False,dense_cartesian
1696,mirror,regen,342.1744,152.354,207.646,275.0,-525.0,False,dense_cartesian
1697,mirror,motoring,349.106,29.7449,-29.7449,300.0,525.0,False,dense_cartesian
1697,mirror,regen,349.106,150.2551,209.7449,300.0,-525.0,False,dense_cartesian
1698,mirror,motoring,356.4875,31.7595,-31.7595,325.0,525.0,False,dense_cartesian
1698,mirror,regen,356.4875,148.2405,211.7595,325.0,-525.0,False,dense_cartesian
1699,mirror,motoring,364.2915,33.6901,-33.6901,350.0,525.0,False,dense_cartesian
1699,mirror,regen,364.2915,146.3099,213.6901,350.0,-525.0,False,dense_cartesian
1700,mirror,motoring,372.4916,35.5377,-35.5377,375.0,525.0,False,dense_cartesian
1700,mirror,regen,372.4916,144.4623,215.5377,375.0,-525.0,False,dense_cartesian
1701,mirror,motoring,381.0621,37.3039,-37.3039,400.0,525.0,False,dense_cartesian
1701,mirror,regen,381.0621,142.6961,217.3039,400.0,-525.0,False,dense_cartesian
1702,mirror,motoring,389.9786,38.991,-38.991,425.0,525.0,False,dense_cartesian
1702,mirror,regen,389.9786,141.009,218.991,425.0,-525.0,False,dense_cartesian
1703,mirror,motoring,399.218,40.6013,-40.6013,450.0,525.0,False,dense_cartesian
1703,mirror,regen,399.218,139.3987,220.6013,450.0,-525.0,False,dense_cartesian
1704,mirror,motoring,408.7583,42.1376,-42.1376,475.0,525.0,False,dense_cartesian
1704,mirror,regen,408.7583,137.8624,222.1376,475.0,-525.0,False,dense_cartesian
1705,mirror,motoring,418.5789,43.6028,-43.6028,500.0,525.0,False,dense_cartesian
1705,mirror,regen,418.5789,136.3972,223.6028,500.0,-525.0,False,dense_cartesian
1706,mirror,motoring,428.6607,45.0,-45.0,525.0,525.0,False,dense_cartesian
1706,mirror,regen,428.6607,135.0,225.0,525.0,-525.0,False,dense_cartesian
1707,mirror,motoring,438.9856,46.3322,-46.3322,550.0,525.0,False,dense_cartesian
1707,mirror,regen,438.9856,133.6678,226.3322,550.0,-525.0,False,dense_cartesian
1708,mirror,motoring,449.5368,47.6026,-47.6026,575.0,525.0,False,dense_cartesian
1708,mirror,regen,449.5368,132.3974,227.6026,575.0,-525.0,False,dense_cartesian
1709,mirror,motoring,460.2988,48.8141,-48.8141,600.0,525.0,False,dense_cartesian
1709,mirror,regen,460.2988,131.1859,228.8141,600.0,-525.0,False,dense_cartesian
1710,mirror,motoring,471.2572,49.9697,-49.9697,625.0,525.0,False,dense_cartesian
1710,mirror,regen,471.2572,130.0303,229.9697,625.0,-525.0,False,dense_cartesian
1711,mirror,motoring,482.3985,51.0725,-51.0725,650.0,525.0,False,dense_cartesian
1711,mirror,regen,482.3985,128.9275,231.0725,650.0,-525.0,False,dense_cartesian
1712,mirror,motoring,493.7104,52.125,-52.125,675.0,525.0,False,dense_cartesian
1712,mirror,regen,493.7104,127.875,232.125,675.0,-525.0,False,dense_cartesian
1713,mirror,motoring,505.1815,53.1301,-53.1301,700.0,525.0,False,dense_cartesian
1713,mirror,regen,505.1815,126.8699,233.1301,700.0,-525.0,False,dense_cartesian
1714,mirror,motoring,516.8011,54.0903,-54.0903,725.0,525.0,False,dense_cartesian
1714,mirror,regen,516.8011,125.9097,234.0903,725.0,-525.0,False,dense_cartesian
1715,mirror,motoring,528.5594,55.008,-55.008,750.0,525.0,False,dense_cartesian
1715,mirror,regen,528.5594,124.992,235.008,750.0,-525.0,False,dense_cartesian
1716,mirror,motoring,540.4473,55.8855,-55.8855,775.0,525.0,False,dense_cartesian
1716,mirror,regen,540.4473,124.1145,235.8855,775.0,-525.0,False,dense_cartesian
1717,mirror,motoring,552.4566,56.7251,-56.7251,800.0,525.0,False,dense_cartesian
1717,mirror,regen,552.4566,123.2749,236.7251,800.0,-525.0,False,dense_cartesian
1718,mirror,motoring,564.5795,57.5288,-57.5288,825.0,525.0,False,dense_cartesian
1718,mirror,regen,564.5795,122.4712,237.5288,825.0,-525.0,False,dense_cartesian
1719,mirror,motoring,576.8087,58.2986,-58.2986,850.0,525.0,False,dense_cartesian
1719,mirror,regen,576.8087,121.7014,238.2986,850.0,-525.0,False,dense_cartesian
1720,mirror,motoring,589.1378,59.0362,-59.0362,875.0,525.0,False,dense_cartesian
1720,mirror,regen,589.1378,120.9638,239.0362,875.0,-525.0,False,dense_cartesian
1721,mirror,motoring,601.5605,59.7436,-59.7436,900.0,525.0,False,dense_cartesian
1721,mirror,regen,601.5605,120.2564,239.7436,900.0,-525.0,False,dense_cartesian
1722,mirror,motoring,614.0711,60.4222,-60.4222,925.0,525.0,False,dense_cartesian
1722,mirror,regen,614.0711,119.5778,240.4222,925.0,-525.0,False,dense_cartesian
1723,mirror,motoring,608.9609,-58.5704,58.5704,-900.0,550.0,False,dense_cartesian
1723,mirror,regen,608.9609,238.5704,121.4296,-900.0,-550.0,False,dense_cartesian
1724,mirror,motoring,596.6923,-57.8477,57.8477,-875.0,550.0,False,dense_cartesian
1724,mirror,regen,596.6923,237.8477,122.1523,-875.0,-550.0,False,dense_cartesian
1725,mirror,motoring,584.5226,-57.0948,57.0948,-850.0,550.0,False,dense_cartesian
1725,mirror,regen,584.5226,237.0948,122.9052,-850.0,-550.0,False,dense_cartesian
1726,mirror,motoring,572.4581,-56.3099,56.3099,-825.0,550.0,False,dense_cartesian
1726,mirror,regen,572.4581,236.3099,123.6901,-825.0,-550.0,False,dense_cartesian
1727,mirror,motoring,560.5057,-55.4915,55.4915,-800.0,550.0,False,dense_cartesian
1727,mirror,regen,560.5057,235.4915,124.5085,-800.0,-550.0,False,dense_cartesian
1728,mirror,motoring,548.6726,-54.6375,54.6375,-775.0,550.0,False,dense_cartesian
1728,mirror,regen,548.6726,234.6375,125.3625,-775.0,-550.0,False,dense_cartesian
1729,mirror,motoring,536.9668,-53.7462,53.7462,-750.0,550.0,False,dense_cartesian
1729,mirror,regen,536.9668,233.7462,126.2538,-750.0,-550.0,False,dense_cartesian
1730,mirror,motoring,525.3967,-52.8153,52.8153,-725.0,550.0,False,dense_cartesian
1730,mirror,regen,525.3967,232.8153,127.1847,-725.0,-550.0,False,dense_cartesian
1731,mirror,motoring,513.9715,-51.8428,51.8428,-700.0,550.0,False,dense_cartesian
1731,mirror,regen,513.9715,231.8428,128.1572,-700.0,-550.0,False,dense_cartesian
1732,mirror,motoring,502.701,-50.8263,50.8263,-675.0,550.0,False,dense_cartesian
1732,mirror,regen,502.701,230.8263,129.1737,-675.0,-550.0,False,dense_cartesian
1733,mirror,motoring,491.596,-49.7636,49.7636,-650.0,550.0,False,dense_cartesian
1733,mirror,regen,491.596,229.7636,130.2364,-650.0,-550.0,False,dense_cartesian
1734,mirror,motoring,480.6679,-48.6522,48.6522,-625.0,550.0,False,dense_cartesian
1734,mirror,regen,480.6679,228.6522,131.3478,-625.0,-550.0,False,dense_cartesian
1735,mirror,motoring,469.9291,-47.4896,47.4896,-600.0,550.0,False,dense_cartesian
1735,mirror,regen,469.9291,227.4896,132.5104,-600.0,-550.0,False,dense_cartesian
1736,mirror,motoring,459.3927,-46.273,46.273,-575.0,550.0,False,dense_cartesian
1736,mirror,regen,459.3927,226.273,133.727,-575.0,-550.0,False,dense_cartesian
1737,mirror,motoring,449.0731,-45.0,45.0,-550.0,550.0,False,dense_cartesian
1737,mirror,regen,449.0731,225.0,135.0,-550.0,-550.0,False,dense_cartesian
1738,mirror,motoring,438.9856,-43.6678,43.6678,-525.0,550.0,False,dense_cartesian
1738,mirror,regen,438.9856,223.6678,136.3322,-525.0,-550.0,False,dense_cartesian
1739,mirror,motoring,429.1464,-42.2737,42.2737,-500.0,550.0,False,dense_cartesian
1739,mirror,regen,429.1464,222.2737,137.7263,-500.0,-550.0,False,dense_cartesian
1740,mirror,motoring,419.5732,-40.8151,40.8151,-475.0,550.0,False,dense_cartesian
1740,mirror,regen,419.5732,220.8151,139.1849,-475.0,-550.0,False,dense_cartesian
1741,mirror,motoring,410.2845,-39.2894,39.2894,-450.0,550.0,False,dense_cartesian
1741,mirror,regen,410.2845,219.2894,140.7106,-450.0,-550.0,False,dense_cartesian
1742,mirror,motoring,401.3,-37.6942,37.6942,-425.0,550.0,False,dense_cartesian
1742,mirror,regen,401.3,217.6942,142.3058,-425.0,-550.0,False,dense_cartesian
1743,mirror,motoring,392.6406,-36.0274,36.0274,-400.0,550.0,False,dense_cartesian
1743,mirror,regen,392.6406,216.0274,143.9726,-400.0,-550.0,False,dense_cartesian
1744,mirror,motoring,384.3284,-34.2869,34.2869,-375.0,550.0,False,dense_cartesian
1744,mirror,regen,384.3284,214.2869,145.7131,-375.0,-550.0,False,dense_cartesian
1745,mirror,motoring,376.3863,-32.4712,32.4712,-350.0,550.0,False,dense_cartesian
1745,mirror,regen,376.3863,212.4712,147.5288,-350.0,-550.0,False,dense_cartesian
1746,mirror,motoring,368.8383,-30.5792,30.5792,-325.0,550.0,False,dense_cartesian
1746,mirror,regen,368.8383,210.5792,149.4208,-325.0,-550.0,False,dense_cartesian
1747,mirror,motoring,361.7089,-28.6105,28.6105,-300.0,550.0,False,dense_cartesian
1747,mirror,regen,361.7089,208.6105,151.3895,-300.0,-550.0,False,dense_cartesian
1748,mirror,motoring,355.0235,-26.5651,26.5651,-275.0,550.0,False,dense_cartesian
1748,mirror,regen,355.0235,206.5651,153.4349,-275.0,-550.0,False,dense_cartesian
1749,mirror,motoring,348.8075,-24.444,24.444,-250.0,550.0,False,dense_cartesian
1749,mirror,regen,348.8075,204.444,155.556,-250.0,-550.0,False,dense_cartesian
1750,mirror,motoring,343.0865,-22.249,22.249,-225.0,550.0,False,dense_cartesian
1750,mirror,regen,343.0865,202.249,157.751,-225.0,-550.0,False,dense_cartesian
1751,mirror,motoring,337.8856,-19.9831,19.9831,-200.0,550.0,False,dense_cartesian
1751,mirror,regen,337.8856,199.9831,160.0169,-200.0,-550.0,False,dense_cartesian
1752,mirror,motoring,333.2292,-17.6501,17.6501,-175.0,550.0,False,dense_cartesian
1752,mirror,regen,333.2292,197.6501,162.3499,-175.0,-550.0,False,dense_cartesian
1753,mirror,motoring,329.1403,-15.2551,15.2551,-150.0,550.0,False,dense_cartesian
1753,mirror,regen,329.1403,195.2551,164.7449,-150.0,-550.0,False,dense_cartesian
1754,mirror,motoring,325.6404,-12.8043,12.8043,-125.0,550.0,False,dense_cartesian
1754,mirror,regen,325.6404,192.8043,167.1957,-125.0,-550.0,False,dense_cartesian
1755,mirror,motoring,322.7486,-10.3048,10.3048,-100.0,550.0,False,dense_cartesian
1755,mirror,regen,322.7486,190.3048,169.6952,-100.0,-550.0,False,dense_cartesian
1756,mirror,motoring,320.4814,-7.7652,7.7652,-75.0,550.0,False,dense_cartesian
1756,mirror,regen,320.4814,187.7652,172.2348,-75.0,-550.0,False,dense_cartesian
1757,mirror,motoring,318.8521,-5.1944,5.1944,-50.0,550.0,False,dense_cartesian
1757,mirror,regen,318.8521,185.1944,174.8056,-50.0,-550.0,False,dense_cartesian
1758,mirror,motoring,317.8705,-2.6026,2.6026,-25.0,550.0,False,dense_cartesian
1758,mirror,regen,317.8705,182.6026,177.3974,-25.0,-550.0,False,dense_cartesian
1759,mirror,motoring,317.5426,0.0,0.0,0.0,550.0,False,dense_cartesian
1759,mirror,regen,317.5426,180.0,180.0,0.0,-550.0,False,dense_cartesian
1760,mirror,motoring,317.8705,2.6026,-2.6026,25.0,550.0,False,dense_cartesian
1760,mirror,regen,317.8705,177.3974,182.6026,25.0,-550.0,False,dense_cartesian
1761,mirror,motoring,318.8521,5.1944,-5.1944,50.0,550.0,False,dense_cartesian
1761,mirror,regen,318.8521,174.8056,185.1944,50.0,-550.0,False,dense_cartesian
1762,mirror,motoring,320.4814,7.7652,-7.7652,75.0,550.0,False,dense_cartesian
1762,mirror,regen,320.4814,172.2348,187.7652,75.0,-550.0,False,dense_cartesian
1763,mirror,motoring,322.7486,10.3048,-10.3048,100.0,550.0,False,dense_cartesian
1763,mirror,regen,322.7486,169.6952,190.3048,100.0,-550.0,False,dense_cartesian
1764,mirror,motoring,325.6404,12.8043,-12.8043,125.0,550.0,False,dense_cartesian
1764,mirror,regen,325.6404,167.1957,192.8043,125.0,-550.0,False,dense_cartesian
1765,mirror,motoring,329.1403,15.2551,-15.2551,150.0,550.0,False,dense_cartesian
1765,mirror,regen,329.1403,164.7449,195.2551,150.0,-550.0,False,dense_cartesian
1766,mirror,motoring,333.2292,17.6501,-17.6501,175.0,550.0,False,dense_cartesian
1766,mirror,regen,333.2292,162.3499,197.6501,175.0,-550.0,False,dense_cartesian
1767,mirror,motoring,337.8856,19.9831,-19.9831,200.0,550.0,False,dense_cartesian
1767,mirror,regen,337.8856,160.0169,199.9831,200.0,-550.0,False,dense_cartesian
1768,mirror,motoring,343.0865,22.249,-22.249,225.0,550.0,False,dense_cartesian
1768,mirror,regen,343.0865,157.751,202.249,225.0,-550.0,False,dense_cartesian
1769,mirror,motoring,348.8075,24.444,-24.444,250.0,550.0,False,dense_cartesian
1769,mirror,regen,348.8075,155.556,204.444,250.0,-550.0,False,dense_cartesian
1770,mirror,motoring,355.0235,26.5651,-26.5651,275.0,550.0,False,dense_cartesian
1770,mirror,regen,355.0235,153.4349,206.5651,275.0,-550.0,False,dense_cartesian
1771,mirror,motoring,361.7089,28.6105,-28.6105,300.0,550.0,False,dense_cartesian
1771,mirror,regen,361.7089,151.3895,208.6105,300.0,-550.0,False,dense_cartesian
1772,mirror,motoring,368.8383,30.5792,-30.5792,325.0,550.0,False,dense_cartesian
1772,mirror,regen,368.8383,149.4208,210.5792,325.0,-550.0,False,dense_cartesian
1773,mirror,motoring,376.3863,32.4712,-32.4712,350.0,550.0,False,dense_cartesian
1773,mirror,regen,376.3863,147.5288,212.4712,350.0,-550.0,False,dense_cartesian
1774,mirror,motoring,384.3284,34.2869,-34.2869,375.0,550.0,False,dense_cartesian
1774,mirror,regen,384.3284,145.7131,214.2869,375.0,-550.0,False,dense_cartesian
1775,mirror,motoring,392.6406,36.0274,-36.0274,400.0,550.0,False,dense_cartesian
1775,mirror,regen,392.6406,143.9726,216.0274,400.0,-550.0,False,dense_cartesian
1776,mirror,motoring,401.3,37.6942,-37.6942,425.0,550.0,False,dense_cartesian
1776,mirror,regen,401.3,142.3058,217.6942,425.0,-550.0,False,dense_cartesian
1777,mirror,motoring,410.2845,39.2894,-39.2894,450.0,550.0,False,dense_cartesian
1777,mirror,regen,410.2845,140.7106,219.2894,450.0,-550.0,False,dense_cartesian
1778,mirror,motoring,419.5732,40.8151,-40.8151,475.0,550.0,False,dense_cartesian
1778,mirror,regen,419.5732,139.1849,220.8151,475.0,-550.0,False,dense_cartesian
1779,mirror,motoring,429.1464,42.2737,-42.2737,500.0,550.0,False,dense_cartesian
1779,mirror,regen,429.1464,137.7263,222.2737,500.0,-550.0,False,dense_cartesian
1780,mirror,motoring,438.9856,43.6678,-43.6678,525.0,550.0,False,dense_cartesian
1780,mirror,regen,438.9856,136.3322,223.6678,525.0,-550.0,False,dense_cartesian
1781,mirror,motoring,449.0731,45.0,-45.0,550.0,550.0,False,dense_cartesian
1781,mirror,regen,449.0731,135.0,225.0,550.0,-550.0,False,dense_cartesian
1782,mirror,motoring,459.3927,46.273,-46.273,575.0,550.0,False,dense_cartesian
1782,mirror,regen,459.3927,133.727,226.273,575.0,-550.0,False,dense_cartesian
1783,mirror,motoring,469.9291,47.4896,-47.4896,600.0,550.0,False,dense_cartesian
1783,mirror,regen,469.9291,132.5104,227.4896,600.0,-550.0,False,dense_cartesian
1784,mirror,motoring,480.6679,48.6522,-48.6522,625.0,550.0,False,dense_cartesian
1784,mirror,regen,480.6679,131.3478,228.6522,625.0,-550.0,False,dense_cartesian
1785,mirror,motoring,491.596,49.7636,-49.7636,650.0,550.0,False,dense_cartesian
1785,mirror,regen,491.596,130.2364,229.7636,650.0,-550.0,False,dense_cartesian
1786,mirror,motoring,502.701,50.8263,-50.8263,675.0,550.0,False,dense_cartesian
1786,mirror,regen,502.701,129.1737,230.8263,675.0,-550.0,False,dense_cartesian
1787,mirror,motoring,513.9715,51.8428,-51.8428,700.0,550.0,False,dense_cartesian
1787,mirror,regen,513.9715,128.1572,231.8428,700.0,-550.0,False,dense_cartesian
1788,mirror,motoring,525.3967,52.8153,-52.8153,725.0,550.0,False,dense_cartesian
1788,mirror,regen,525.3967,127.1847,232.8153,725.0,-550.0,False,dense_cartesian
1789,mirror,motoring,536.9668,53.7462,-53.7462,750.0,550.0,False,dense_cartesian
1789,mirror,regen,536.9668,126.2538,233.7462,750.0,-550.0,False,dense_cartesian
1790,mirror,motoring,548.6726,54.6375,-54.6375,775.0,550.0,False,dense_cartesian
1790,mirror,regen,548.6726,125.3625,234.6375,775.0,-550.0,False,dense_cartesian
1791,mirror,motoring,560.5057,55.4915,-55.4915,800.0,550.0,False,dense_cartesian
1791,mirror,regen,560.5057,124.5085,235.4915,800.0,-550.0,False,dense_cartesian
1792,mirror,motoring,572.4581,56.3099,-56.3099,825.0,550.0,False,dense_cartesian
1792,mirror,regen,572.4581,123.6901,236.3099,825.0,-550.0,False,dense_cartesian
1793,mirror,motoring,584.5226,57.0948,-57.0948,850.0,550.0,False,dense_cartesian
1793,mirror,regen,584.5226,122.9052,237.0948,850.0,-550.0,False,dense_cartesian
1794,mirror,motoring,596.6923,57.8477,-57.8477,875.0,550.0,False,dense_cartesian
1794,mirror,regen,596.6923,122.1523,237.8477,875.0,-550.0,False,dense_cartesian
1795,mirror,motoring,608.9609,58.5704,-58.5704,900.0,550.0,False,dense_cartesian
1795,mirror,regen,608.9609,121.4296,238.5704,900.0,-550.0,False,dense_cartesian
1796,mirror,motoring,616.6104,-57.4259,57.4259,-900.0,575.0,False,dense_cartesian
1796,mirror,regen,616.6104,237.4259,122.5741,-900.0,-575.0,False,dense_cartesian
1797,mirror,motoring,604.497,-56.6894,56.6894,-875.0,575.0,False,dense_cartesian
1797,mirror,regen,604.497,236.6894,123.3106,-875.0,-575.0,False,dense_cartesian
1798,mirror,motoring,592.4877,-55.9228,55.9228,-850.0,575.0,False,dense_cartesian
1798,mirror,regen,592.4877,235.9228,124.0772,-850.0,-575.0,False,dense_cartesian
1799,mirror,motoring,580.5888,-55.1247,55.1247,-825.0,575.0,False,dense_cartesian
1799,mirror,regen,580.5888,235.1247,124.8753,-825.0,-575.0,False,dense_cartesian
1800,mirror,motoring,568.8072,-54.2933,54.2933,-800.0,575.0,False,dense_cartesian
1800,mirror,regen,568.8072,234.2933,125.7067,-800.0,-575.0,False,dense_cartesian
1801,mirror,motoring,557.1505,-53.427,53.427,-775.0,575.0,False,dense_cartesian
1801,mirror,regen,557.1505,233.427,126.573,-775.0,-575.0,False,dense_cartesian
1802,mirror,motoring,545.6266,-52.5238,52.5238,-750.0,575.0,False,dense_cartesian
1802,mirror,regen,545.6266,232.5238,127.4762,-750.0,-575.0,False,dense_cartesian
1803,mirror,motoring,534.244,-51.5819,51.5819,-725.0,575.0,False,dense_cartesian
1803,mirror,regen,534.244,231.5819,128.4181,-725.0,-575.0,False,dense_cartesian
1804,mirror,motoring,523.0121,-50.5993,50.5993,-700.0,575.0,False,dense_cartesian
1804,mirror,regen,523.0121,230.5993,129.4007,-700.0,-575.0,False,dense_cartesian
1805,mirror,motoring,511.9408,-49.5739,49.5739,-675.0,575.0,False,dense_cartesian
1805,mirror,regen,511.9408,229.5739,130.4261,-675.0,-575.0,False,dense_cartesian
1806,mirror,motoring,501.0406,-48.5035,48.5035,-650.0,575.0,False,dense_cartesian
1806,mirror,regen,501.0406,228.5035,131.4965,-650.0,-575.0,False,dense_cartesian
1807,mirror,motoring,490.323,-47.3859,47.3859,-625.0,575.0,False,dense_cartesian
1807,mirror,regen,490.323,227.3859,132.6141,-625.0,-575.0,False,dense_cartesian
1808,mirror,motoring,479.8003,-46.2189,46.2189,-600.0,575.0,False,dense_cartesian
1808,mirror,regen,479.8003,226.2189,133.7811,-600.0,-575.0,False,dense_cartesian
1809,mirror,motoring,469.4855,-45.0,45.0,-575.0,575.0,False,dense_cartesian
1809,mirror,regen,469.4855,225.0,135.0,-575.0,-575.0,False,dense_cartesian
1810,mirror,motoring,459.3927,-43.727,43.727,-550.0,575.0,False,dense_cartesian
1810,mirror,regen,459.3927,223.727,136.273,-550.0,-575.0,False,dense_cartesian
1811,mirror,motoring,449.5368,-42.3974,42.3974,-525.0,575.0,False,dense_cartesian
1811,mirror,regen,449.5368,222.3974,137.6026,-525.0,-575.0,False,dense_cartesian
1812,mirror,motoring,439.9337,-41.0091,41.0091,-500.0,575.0,False,dense_cartesian
1812,mirror,regen,439.9337,221.0091,138.9909,-500.0,-575.0,False,dense_cartesian
1813,mirror,motoring,430.6004,-39.5597,39.5597,-475.0,575.0,False,dense_cartesian
1813,mirror,regen,430.6004,219.5597,140.4403,-475.0,-575.0,False,dense_cartesian
1814,mirror,motoring,421.5547,-38.047,38.047,-450.0,575.0,False,dense_cartesian
1814,mirror,regen,421.5547,218.047,141.953,-450.0,-575.0,False,dense_cartesian
1815,mirror,motoring,412.8155,-36.4692,36.4692,-425.0,575.0,False,dense_cartesian
1815,mirror,regen,412.8155,216.4692,143.5308,-425.0,-575.0,False,dense_cartesian
1816,mirror,motoring,404.4029,-34.8245,34.8245,-400.0,575.0,False,dense_cartesian
1816,mirror,regen,404.4029,214.8245,145.1755,-400.0,-575.0,False,dense_cartesian
1817,mirror,motoring,396.3374,-33.1113,33.1113,-375.0,575.0,False,dense_cartesian
1817,mirror,regen,396.3374,213.1113,146.8887,-375.0,-575.0,False,dense_cartesian
1818,mirror,motoring,388.6408,-31.3287,31.3287,-350.0,575.0,False,dense_cartesian
1818,mirror,regen,388.6408,211.3287,148.6713,-350.0,-575.0,False,dense_cartesian
1819,mirror,motoring,381.3354,-29.4759,29.4759,-325.0,575.0,False,dense_cartesian
1819,mirror,regen,381.3354,209.4759,150.5241,-325.0,-575.0,False,dense_cartesian
1820,mirror,motoring,374.444,-27.5528,27.5528,-300.0,575.0,False,dense_cartesian
1820,mirror,regen,374.444,207.5528,152.4472,-300.0,-575.0,False,dense_cartesian
1821,mirror,motoring,367.99,-25.56,25.56,-275.0,575.0,False,dense_cartesian
1821,mirror,regen,367.99,205.56,154.44,-275.0,-575.0,False,dense_cartesian
1822,mirror,motoring,361.9968,-23.4986,23.4986,-250.0,575.0,False,dense_cartesian
1822,mirror,regen,361.9968,203.4986,156.5014,-250.0,-575.0,False,dense_cartesian
1823,mirror,motoring,356.4875,-21.3706,21.3706,-225.0,575.0,False,dense_cartesian
1823,mirror,regen,356.4875,201.3706,158.6294,-225.0,-575.0,False,dense_cartesian
1824,mirror,motoring,351.4849,-19.179,19.179,-200.0,575.0,False,dense_cartesian
1824,mirror,regen,351.4849,199.179,160.821,-200.0,-575.0,False,dense_cartesian
1825,mirror,motoring,347.011,-16.9275,16.9275,-175.0,575.0,False,dense_cartesian
1825,mirror,regen,347.011,196.9275,163.0725,-175.0,-575.0,False,dense_cartesian
1826,mirror,motoring,343.0865,-14.6209,14.6209,-150.0,575.0,False,dense_cartesian
1826,mirror,regen,343.0865,194.6209,165.3791,-150.0,-575.0,False,dense_cartesian
1827,mirror,motoring,339.7303,-12.2648,12.2648,-125.0,575.0,False,dense_cartesian
1827,mirror,regen,339.7303,192.2648,167.7352,-125.0,-575.0,False,dense_cartesian
1828,mirror,motoring,336.9594,-9.8658,9.8658,-100.0,575.0,False,dense_cartesian
1828,mirror,regen,336.9594,189.8658,170.1342,-100.0,-575.0,False,dense_cartesian
1829,mirror,motoring,334.7885,-7.4314,7.4314,-75.0,575.0,False,dense_cartesian
1829,mirror,regen,334.7885,187.4314,172.5686,-75.0,-575.0,False,dense_cartesian
1830,mirror,motoring,333.2292,-4.9697,4.9697,-50.0,575.0,False,dense_cartesian
1830,mirror,regen,333.2292,184.9697,175.0303,-50.0,-575.0,False,dense_cartesian
1831,mirror,motoring,332.29,-2.4896,2.4896,-25.0,575.0,False,dense_cartesian
1831,mirror,regen,332.29,182.4896,177.5104,-25.0,-575.0,False,dense_cartesian
1832,mirror,motoring,331.9764,0.0,0.0,0.0,575.0,False,dense_cartesian
1832,mirror,regen,331.9764,180.0,180.0,0.0,-575.0,False,dense_cartesian
1833,mirror,motoring,332.29,2.4896,-2.4896,25.0,575.0,False,dense_cartesian
1833,mirror,regen,332.29,177.5104,182.4896,25.0,-575.0,False,dense_cartesian
1834,mirror,motoring,333.2292,4.9697,-4.9697,50.0,575.0,False,dense_cartesian
1834,mirror,regen,333.2292,175.0303,184.9697,50.0,-575.0,False,dense_cartesian
1835,mirror,motoring,334.7885,7.4314,-7.4314,75.0,575.0,False,dense_cartesian
1835,mirror,regen,334.7885,172.5686,187.4314,75.0,-575.0,False,dense_cartesian
1836,mirror,motoring,336.9594,9.8658,-9.8658,100.0,575.0,False,dense_cartesian
1836,mirror,regen,336.9594,170.1342,189.8658,100.0,-575.0,False,dense_cartesian
1837,mirror,motoring,339.7303,12.2648,-12.2648,125.0,575.0,False,dense_cartesian
1837,mirror,regen,339.7303,167.7352,192.2648,125.0,-575.0,False,dense_cartesian
1838,mirror,motoring,343.0865,14.6209,-14.6209,150.0,575.0,False,dense_cartesian
1838,mirror,regen,343.0865,165.3791,194.6209,150.0,-575.0,False,dense_cartesian
1839,mirror,motoring,347.011,16.9275,-16.9275,175.0,575.0,False,dense_cartesian
1839,mirror,regen,347.011,163.0725,196.9275,175.0,-575.0,False,dense_cartesian
1840,mirror,motoring,351.4849,19.179,-19.179,200.0,575.0,False,dense_cartesian
1840,mirror,regen,351.4849,160.821,199.179,200.0,-575.0,False,dense_cartesian
1841,mirror,motoring,356.4875,21.3706,-21.3706,225.0,575.0,False,dense_cartesian
1841,mirror,regen,356.4875,158.6294,201.3706,225.0,-575.0,False,dense_cartesian
1842,mirror,motoring,361.9968,23.4986,-23.4986,250.0,575.0,False,dense_cartesian
1842,mirror,regen,361.9968,156.5014,203.4986,250.0,-575.0,False,dense_cartesian
1843,mirror,motoring,367.99,25.56,-25.56,275.0,575.0,False,dense_cartesian
1843,mirror,regen,367.99,154.44,205.56,275.0,-575.0,False,dense_cartesian
1844,mirror,motoring,374.444,27.5528,-27.5528,300.0,575.0,False,dense_cartesian
1844,mirror,regen,374.444,152.4472,207.5528,300.0,-575.0,False,dense_cartesian
1845,mirror,motoring,381.3354,29.4759,-29.4759,325.0,575.0,False,dense_cartesian
1845,mirror,regen,381.3354,150.5241,209.4759,325.0,-575.0,False,dense_cartesian
1846,mirror,motoring,388.6408,31.3287,-31.3287,350.0,575.0,False,dense_cartesian
1846,mirror,regen,388.6408,148.6713,211.3287,350.0,-575.0,False,dense_cartesian
1847,mirror,motoring,396.3374,33.1113,-33.1113,375.0,575.0,False,dense_cartesian
1847,mirror,regen,396.3374,146.8887,213.1113,375.0,-575.0,False,dense_cartesian
1848,mirror,motoring,404.4029,34.8245,-34.8245,400.0,575.0,False,dense_cartesian
1848,mirror,regen,404.4029,145.1755,214.8245,400.0,-575.0,False,dense_cartesian
1849,mirror,motoring,412.8155,36.4692,-36.4692,425.0,575.0,False,dense_cartesian
1849,mirror,regen,412.8155,143.5308,216.4692,425.0,-575.0,False,dense_cartesian
1850,mirror,motoring,421.5547,38.047,-38.047,450.0,575.0,False,dense_cartesian
1850,mirror,regen,421.5547,141.953,218.047,450.0,-575.0,False,dense_cartesian
1851,mirror,motoring,430.6004,39.5597,-39.5597,475.0,575.0,False,dense_cartesian
1851,mirror,regen,430.6004,140.4403,219.5597,475.0,-575.0,False,dense_cartesian
1852,mirror,motoring,439.9337,41.0091,-41.0091,500.0,575.0,False,dense_cartesian
1852,mirror,regen,439.9337,138.9909,221.0091,500.0,-575.0,False,dense_cartesian
1853,mirror,motoring,449.5368,42.3974,-42.3974,525.0,575.0,False,dense_cartesian
1853,mirror,regen,449.5368,137.6026,222.3974,525.0,-575.0,False,dense_cartesian
1854,mirror,motoring,459.3927,43.727,-43.727,550.0,575.0,False,dense_cartesian
1854,mirror,regen,459.3927,136.273,223.727,550.0,-575.0,False,dense_cartesian
1855,mirror,motoring,469.4855,45.0,-45.0,575.0,575.0,False,dense_cartesian
1855,mirror,regen,469.4855,135.0,225.0,575.0,-575.0,False,dense_cartesian
1856,mirror,motoring,479.8003,46.2189,-46.2189,600.0,575.0,False,dense_cartesian
1856,mirror,regen,479.8003,133.7811,226.2189,600.0,-575.0,False,dense_cartesian
1857,mirror,motoring,490.323,47.3859,-47.3859,625.0,575.0,False,dense_cartesian
1857,mirror,regen,490.323,132.6141,227.3859,625.0,-575.0,False,dense_cartesian
1858,mirror,motoring,501.0406,48.5035,-48.5035,650.0,575.0,False,dense_cartesian
1858,mirror,regen,501.0406,131.4965,228.5035,650.0,-575.0,False,dense_cartesian
1859,mirror,motoring,511.9408,49.5739,-49.5739,675.0,575.0,False,dense_cartesian
1859,mirror,regen,511.9408,130.4261,229.5739,675.0,-575.0,False,dense_cartesian
1860,mirror,motoring,523.0121,50.5993,-50.5993,700.0,575.0,False,dense_cartesian
1860,mirror,regen,523.0121,129.4007,230.5993,700.0,-575.0,False,dense_cartesian
1861,mirror,motoring,534.244,51.5819,-51.5819,725.0,575.0,False,dense_cartesian
1861,mirror,regen,534.244,128.4181,231.5819,725.0,-575.0,False,dense_cartesian
1862,mirror,motoring,545.6266,52.5238,-52.5238,750.0,575.0,False,dense_cartesian
1862,mirror,regen,545.6266,127.4762,232.5238,750.0,-575.0,False,dense_cartesian
1863,mirror,motoring,557.1505,53.427,-53.427,775.0,575.0,False,dense_cartesian
1863,mirror,regen,557.1505,126.573,233.427,775.0,-575.0,False,dense_cartesian
1864,mirror,motoring,568.8072,54.2933,-54.2933,800.0,575.0,False,dense_cartesian
1864,mirror,regen,568.8072,125.7067,234.2933,800.0,-575.0,False,dense_cartesian
1865,mirror,motoring,580.5888,55.1247,-55.1247,825.0,575.0,False,dense_cartesian
1865,mirror,regen,580.5888,124.8753,235.1247,825.0,-575.0,False,dense_cartesian
1866,mirror,motoring,592.4877,55.9228,-55.9228,850.0,575.0,False,dense_cartesian
1866,mirror,regen,592.4877,124.0772,235.9228,850.0,-575.0,False,dense_cartesian
1867,mirror,motoring,604.497,56.6894,-56.6894,875.0,575.0,False,dense_cartesian
1867,mirror,regen,604.497,123.3106,236.6894,875.0,-575.0,False,dense_cartesian
1868,mirror,motoring,616.6104,57.4259,-57.4259,900.0,575.0,False,dense_cartesian
1868,mirror,regen,616.6104,122.5741,237.4259,900.0,-575.0,False,dense_cartesian
1869,mirror,motoring,612.5425,-55.561,55.561,-875.0,600.0,False,dense_cartesian
1869,mirror,regen,612.5425,235.561,124.439,-875.0,-600.0,False,dense_cartesian
1870,mirror,motoring,600.694,-54.7824,54.7824,-850.0,600.0,False,dense_cartesian
1870,mirror,regen,600.694,234.7824,125.2176,-850.0,-600.0,False,dense_cartesian
1871,mirror,motoring,588.9609,-53.9726,53.9726,-825.0,600.0,False,dense_cartesian
1871,mirror,regen,588.9609,233.9726,126.0274,-825.0,-600.0,False,dense_cartesian
1872,mirror,motoring,577.3503,-53.1301,53.1301,-800.0,600.0,False,dense_cartesian
1872,mirror,regen,577.3503,233.1301,126.8699,-800.0,-600.0,False,dense_cartesian
1873,mirror,motoring,565.8695,-52.2532,52.2532,-775.0,600.0,False,dense_cartesian
1873,mirror,regen,565.8695,232.2532,127.7468,-775.0,-600.0,False,dense_cartesian
1874,mirror,motoring,554.5268,-51.3402,51.3402,-750.0,600.0,False,dense_cartesian
1874,mirror,regen,554.5268,231.3402,128.6598,-750.0,-600.0,False,dense_cartesian
1875,mirror,motoring,543.3308,-50.3893,50.3893,-725.0,600.0,False,dense_cartesian
1875,mirror,regen,543.3308,230.3893,129.6107,-725.0,-600.0,False,dense_cartesian
1876,mirror,motoring,532.2906,-49.3987,49.3987,-700.0,600.0,False,dense_cartesian
1876,mirror,regen,532.2906,229.3987,130.6013,-700.0,-600.0,False,dense_cartesian
1877,mirror,motoring,521.4163,-48.3665,48.3665,-675.0,600.0,False,dense_cartesian
1877,mirror,regen,521.4163,228.3665,131.6335,-675.0,-600.0,False,dense_cartesian
1878,mirror,motoring,510.7184,-47.2906,47.2906,-650.0,600.0,False,dense_cartesian
1878,mirror,regen,510.7184,227.2906,132.7094,-650.0,-600.0,False,dense_cartesian
1879,mirror,motoring,500.2083,-46.1691,46.1691,-625.0,600.0,False,dense_cartesian
1879,mirror,regen,500.2083,226.1691,133.8309,-625.0,-600.0,False,dense_cartesian
1880,mirror,motoring,489.8979,-45.0,45.0,-600.0,600.0,False,dense_cartesian
1880,mirror,regen,489.8979,225.0,135.0,-600.0,-600.0,False,dense_cartesian
1881,mirror,motoring,479.8003,-43.7811,43.7811,-575.0,600.0,False,dense_cartesian
1881,mirror,regen,479.8003,223.7811,136.2189,-575.0,-600.0,False,dense_cartesian
1882,mirror,motoring,469.9291,-42.5104,42.5104,-550.0,600.0,False,dense_cartesian
1882,mirror,regen,469.9291,222.5104,137.4896,-550.0,-600.0,False,dense_cartesian
1883,mirror,motoring,460.2988,-41.1859,41.1859,-525.0,600.0,False,dense_cartesian
1883,mirror,regen,460.2988,221.1859,138.8141,-525.0,-600.0,False,dense_cartesian
1884,mirror,motoring,450.925,-39.8056,39.8056,-500.0,600.0,False,dense_cartesian
1884,mirror,regen,450.925,219.8056,140.1944,-500.0,-600.0,False,dense_cartesian
1885,mirror,motoring,441.8239,-38.3675,38.3675,-475.0,600.0,False,dense_cartesian
1885,mirror,regen,441.8239,218.3675,141.6325,-475.0,-600.0,False,dense_cartesian
1886,mirror,motoring,433.0127,-36.8699,36.8699,-450.0,600.0,False,dense_cartesian
1886,mirror,regen,433.0127,216.8699,143.1301,-450.0,-600.0,False,dense_cartesian
1887,mirror,motoring,424.5095,-35.3112,35.3112,-425.0,600.0,False,dense_cartesian
1887,mirror,regen,424.5095,215.3112,144.6888,-425.0,-600.0,False,dense_cartesian
1888,mirror,motoring,416.3332,-33.6901,33.6901,-400.0,600.0,False,dense_cartesian
1888,mirror,regen,416.3332,213.6901,146.3099,-400.0,-600.0,False,dense_cartesian
1889,mirror,motoring,408.5034,-32.0054,32.0054,-375.0,600.0,False,dense_cartesian
1889,mirror,regen,408.5034,212.0054,147.9946,-375.0,-600.0,False,dense_cartesian
1890,mirror,motoring,401.0403,-30.2564,30.2564,-350.0,600.0,False,dense_cartesian
1890,mirror,regen,401.0403,210.2564,149.7436,-350.0,-600.0,False,dense_cartesian
1891,mirror,motoring,393.9649,-28.4429,28.4429,-325.0,600.0,False,dense_cartesian
1891,mirror,regen,393.9649,208.4429,151.5571,-325.0,-600.0,False,dense_cartesian
1892,mirror,motoring,387.2983,-26.5651,26.5651,-300.0,600.0,False,dense_cartesian
1892,mirror,regen,387.2983,206.5651,153.4349,-300.0,-600.0,False,dense_cartesian
1893,mirror,motoring,381.0621,-24.6236,24.6236,-275.0,600.0,False,dense_cartesian
1893,mirror,regen,381.0621,204.6236,155.3764,-275.0,-600.0,False,dense_cartesian
1894,mirror,motoring,375.2777,-22.6199,22.6199,-250.0,600.0,False,dense_cartesian
1894,mirror,regen,375.2777,202.6199,157.3801,-250.0,-600.0,False,dense_cartesian
1895,mirror,motoring,369.9662,-20.556,20.556,-225.0,600.0,False,dense_cartesian
1895,mirror,regen,369.9662,200.556,159.444,-225.0,-600.0,False,dense_cartesian
1896,mirror,motoring,365.1484,-18.4349,18.4349,-200.0,600.0,False,dense_cartesian
1896,mirror,regen,365.1484,198.4349,161.5651,-200.0,-600.0,False,dense_cartesian
1897,mirror,motoring,360.8439,-16.2602,16.2602,-175.0,600.0,False,dense_cartesian
1897,mirror,regen,360.8439,196.2602,163.7398,-175.0,-600.0,False,dense_cartesian
1898,mirror,motoring,357.0714,-14.0362,14.0362,-150.0,600.0,False,dense_cartesian
1898,mirror,regen,357.0714,194.0362,165.9638,-150.0,-600.0,False,dense_cartesian
1899,mirror,motoring,353.8479,-11.7683,11.7683,-125.0,600.0,False,dense_cartesian
1899,mirror,regen,353.8479,191.7683,168.2317,-125.0,-600.0,False,dense_cartesian
1900,mirror,motoring,351.1885,-9.4623,9.4623,-100.0,600.0,False,dense_cartesian
1900,mirror,regen,351.1885,189.4623,170.5377,-100.0,-600.0,False,dense_cartesian
1901,mirror,motoring,349.106,-7.125,7.125,-75.0,600.0,False,dense_cartesian
1901,mirror,regen,349.106,187.125,172.875,-75.0,-600.0,False,dense_cartesian
1902,mirror,motoring,347.6109,-4.7636,4.7636,-50.0,600.0,False,dense_cartesian
1902,mirror,regen,347.6109,184.7636,175.2364,-50.0,-600.0,False,dense_cartesian
1903,mirror,motoring,346.7107,-2.3859,2.3859,-25.0,600.0,False,dense_cartesian
1903,mirror,regen,346.7107,182.3859,177.6141,-25.0,-600.0,False,dense_cartesian
1904,mirror,motoring,346.4102,0.0,0.0,0.0,600.0,False,dense_cartesian
1904,mirror,regen,346.4102,180.0,180.0,0.0,-600.0,False,dense_cartesian
1905,mirror,motoring,346.7107,2.3859,-2.3859,25.0,600.0,False,dense_cartesian
1905,mirror,regen,346.7107,177.6141,182.3859,25.0,-600.0,False,dense_cartesian
1906,mirror,motoring,347.6109,4.7636,-4.7636,50.0,600.0,False,dense_cartesian
1906,mirror,regen,347.6109,175.2364,184.7636,50.0,-600.0,False,dense_cartesian
1907,mirror,motoring,349.106,7.125,-7.125,75.0,600.0,False,dense_cartesian
1907,mirror,regen,349.106,172.875,187.125,75.0,-600.0,False,dense_cartesian
1908,mirror,motoring,351.1885,9.4623,-9.4623,100.0,600.0,False,dense_cartesian
1908,mirror,regen,351.1885,170.5377,189.4623,100.0,-600.0,False,dense_cartesian
1909,mirror,motoring,353.8479,11.7683,-11.7683,125.0,600.0,False,dense_cartesian
1909,mirror,regen,353.8479,168.2317,191.7683,125.0,-600.0,False,dense_cartesian
1910,mirror,motoring,357.0714,14.0362,-14.0362,150.0,600.0,False,dense_cartesian
1910,mirror,regen,357.0714,165.9638,194.0362,150.0,-600.0,False,dense_cartesian
1911,mirror,motoring,360.8439,16.2602,-16.2602,175.0,600.0,False,dense_cartesian
1911,mirror,regen,360.8439,163.7398,196.2602,175.0,-600.0,False,dense_cartesian
1912,mirror,motoring,365.1484,18.4349,-18.4349,200.0,600.0,False,dense_cartesian
1912,mirror,regen,365.1484,161.5651,198.4349,200.0,-600.0,False,dense_cartesian
1913,mirror,motoring,369.9662,20.556,-20.556,225.0,600.0,False,dense_cartesian
1913,mirror,regen,369.9662,159.444,200.556,225.0,-600.0,False,dense_cartesian
1914,mirror,motoring,375.2777,22.6199,-22.6199,250.0,600.0,False,dense_cartesian
1914,mirror,regen,375.2777,157.3801,202.6199,250.0,-600.0,False,dense_cartesian
1915,mirror,motoring,381.0621,24.6236,-24.6236,275.0,600.0,False,dense_cartesian
1915,mirror,regen,381.0621,155.3764,204.6236,275.0,-600.0,False,dense_cartesian
1916,mirror,motoring,387.2983,26.5651,-26.5651,300.0,600.0,False,dense_cartesian
1916,mirror,regen,387.2983,153.4349,206.5651,300.0,-600.0,False,dense_cartesian
1917,mirror,motoring,393.9649,28.4429,-28.4429,325.0,600.0,False,dense_cartesian
1917,mirror,regen,393.9649,151.5571,208.4429,325.0,-600.0,False,dense_cartesian
1918,mirror,motoring,401.0403,30.2564,-30.2564,350.0,600.0,False,dense_cartesian
1918,mirror,regen,401.0403,149.7436,210.2564,350.0,-600.0,False,dense_cartesian
1919,mirror,motoring,408.5034,32.0054,-32.0054,375.0,600.0,False,dense_cartesian
1919,mirror,regen,408.5034,147.9946,212.0054,375.0,-600.0,False,dense_cartesian
1920,mirror,motoring,416.3332,33.6901,-33.6901,400.0,600.0,False,dense_cartesian
1920,mirror,regen,416.3332,146.3099,213.6901,400.0,-600.0,False,dense_cartesian
1921,mirror,motoring,424.5095,35.3112,-35.3112,425.0,600.0,False,dense_cartesian
1921,mirror,regen,424.5095,144.6888,215.3112,425.0,-600.0,False,dense_cartesian
1922,mirror,motoring,433.0127,36.8699,-36.8699,450.0,600.0,False,dense_cartesian
1922,mirror,regen,433.0127,143.1301,216.8699,450.0,-600.0,False,dense_cartesian
1923,mirror,motoring,441.8239,38.3675,-38.3675,475.0,600.0,False,dense_cartesian
1923,mirror,regen,441.8239,141.6325,218.3675,475.0,-600.0,False,dense_cartesian
1924,mirror,motoring,450.925,39.8056,-39.8056,500.0,600.0,False,dense_cartesian
1924,mirror,regen,450.925,140.1944,219.8056,500.0,-600.0,False,dense_cartesian
1925,mirror,motoring,460.2988,41.1859,-41.1859,525.0,600.0,False,dense_cartesian
1925,mirror,regen,460.2988,138.8141,221.1859,525.0,-600.0,False,dense_cartesian
1926,mirror,motoring,469.9291,42.5104,-42.5104,550.0,600.0,False,dense_cartesian
1926,mirror,regen,469.9291,137.4896,222.5104,550.0,-600.0,False,dense_cartesian
1927,mirror,motoring,479.8003,43.7811,-43.7811,575.0,600.0,False,dense_cartesian
1927,mirror,regen,479.8003,136.2189,223.7811,575.0,-600.0,False,dense_cartesian
1928,mirror,motoring,489.8979,45.0,-45.0,600.0,600.0,False,dense_cartesian
1928,mirror,regen,489.8979,135.0,225.0,600.0,-600.0,False,dense_cartesian
1929,mirror,motoring,500.2083,46.1691,-46.1691,625.0,600.0,False,dense_cartesian
1929,mirror,regen,500.2083,133.8309,226.1691,625.0,-600.0,False,dense_cartesian
1930,mirror,motoring,510.7184,47.2906,-47.2906,650.0,600.0,False,dense_cartesian
1930,mirror,regen,510.7184,132.7094,227.2906,650.0,-600.0,False,dense_cartesian
1931,mirror,motoring,521.4163,48.3665,-48.3665,675.0,600.0,False,dense_cartesian
1931,mirror,regen,521.4163,131.6335,228.3665,675.0,-600.0,False,dense_cartesian
1932,mirror,motoring,532.2906,49.3987,-49.3987,700.0,600.0,False,dense_cartesian
1932,mirror,regen,532.2906,130.6013,229.3987,700.0,-600.0,False,dense_cartesian
1933,mirror,motoring,543.3308,50.3893,-50.3893,725.0,600.0,False,dense_cartesian
1933,mirror,regen,543.3308,129.6107,230.3893,725.0,-600.0,False,dense_cartesian
1934,mirror,motoring,554.5268,51.3402,-51.3402,750.0,600.0,False,dense_cartesian
1934,mirror,regen,554.5268,128.6598,231.3402,750.0,-600.0,False,dense_cartesian
1935,mirror,motoring,565.8695,52.2532,-52.2532,775.0,600.0,False,dense_cartesian
1935,mirror,regen,565.8695,127.7468,232.2532,775.0,-600.0,False,dense_cartesian
1936,mirror,motoring,577.3503,53.1301,-53.1301,800.0,600.0,False,dense_cartesian
1936,mirror,regen,577.3503,126.8699,233.1301,800.0,-600.0,False,dense_cartesian
1937,mirror,motoring,588.9609,53.9726,-53.9726,825.0,600.0,False,dense_cartesian
1937,mirror,regen,588.9609,126.0274,233.9726,825.0,-600.0,False,dense_cartesian
1938,mirror,motoring,600.694,54.7824,-54.7824,850.0,600.0,False,dense_cartesian
1938,mirror,regen,600.694,125.2176,234.7824,850.0,-600.0,False,dense_cartesian
1939,mirror,motoring,612.5425,55.561,-55.561,875.0,600.0,False,dense_cartesian
1939,mirror,regen,612.5425,124.439,235.561,875.0,-600.0,False,dense_cartesian
1940,mirror,motoring,609.1319,-53.6732,53.6732,-850.0,625.0,False,dense_cartesian
1940,mirror,regen,609.1319,233.6732,126.3268,-850.0,-625.0,False,dense_cartesian
1941,mirror,motoring,597.5645,-52.8533,52.8533,-825.0,625.0,False,dense_cartesian
1941,mirror,regen,597.5645,232.8533,127.1467,-825.0,-625.0,False,dense_cartesian
1942,mirror,motoring,586.1243,-52.0013,52.0013,-800.0,625.0,False,dense_cartesian
1942,mirror,regen,586.1243,232.0013,127.9987,-800.0,-625.0,False,dense_cartesian
1943,mirror,motoring,574.8188,-51.1155,51.1155,-775.0,625.0,False,dense_cartesian
1943,mirror,regen,574.8188,231.1155,128.8845,-775.0,-625.0,False,dense_cartesian
1944,mirror,motoring,563.6562,-50.1944,50.1944,-750.0,625.0,False,dense_cartesian
1944,mirror,regen,563.6562,230.1944,129.8056,-750.0,-625.0,False,dense_cartesian
1945,mirror,motoring,552.6452,-49.2364,49.2364,-725.0,625.0,False,dense_cartesian
1945,mirror,regen,552.6452,229.2364,130.7636,-725.0,-625.0,False,dense_cartesian
1946,mirror,motoring,541.7949,-48.2397,48.2397,-700.0,625.0,False,dense_cartesian
1946,mirror,regen,541.7949,228.2397,131.7603,-700.0,-625.0,False,dense_cartesian
1947,mirror,motoring,531.1152,-47.2026,47.2026,-675.0,625.0,False,dense_cartesian
1947,mirror,regen,531.1152,227.2026,132.7974,-675.0,-625.0,False,dense_cartesian
1948,mirror,motoring,520.6166,-46.1233,46.1233,-650.0,625.0,False,dense_cartesian
1948,mirror,regen,520.6166,226.1233,133.8767,-650.0,-625.0,False,dense_cartesian
1949,mirror,motoring,510.3104,-45.0,45.0,-625.0,625.0,False,dense_cartesian
1949,mirror,regen,510.3104,225.0,135.0,-625.0,-625.0,False,dense_cartesian
1950,mirror,motoring,500.2083,-43.8309,43.8309,-600.0,625.0,False,dense_cartesian
1950,mirror,regen,500.2083,223.8309,136.1691,-600.0,-625.0,False,dense_cartesian
1951,mirror,motoring,490.323,-42.6141,42.6141,-575.0,625.0,False,dense_cartesian
1951,mirror,regen,490.323,222.6141,137.3859,-575.0,-625.0,False,dense_cartesian
1952,mirror,motoring,480.6679,-41.3478,41.3478,-550.0,625.0,False,dense_cartesian
1952,mirror,regen,480.6679,221.3478,138.6522,-550.0,-625.0,False,dense_cartesian
1953,mirror,motoring,471.2572,-40.0303,40.0303,-525.0,625.0,False,dense_cartesian
1953,mirror,regen,471.2572,220.0303,139.9697,-525.0,-625.0,False,dense_cartesian
1954,mirror,motoring,462.1057,-38.6598,38.6598,-500.0,625.0,False,dense_cartesian
1954,mirror,regen,462.1057,218.6598,141.3402,-500.0,-625.0,False,dense_cartesian
1955,mirror,motoring,453.2292,-37.2348,37.2348,-475.0,625.0,False,dense_cartesian
1955,mirror,regen,453.2292,217.2348,142.7652,-475.0,-625.0,False,dense_cartesian
1956,mirror,motoring,444.6441,-35.7539,35.7539,-450.0,625.0,False,dense_cartesian
1956,mirror,regen,444.6441,215.7539,144.2461,-450.0,-625.0,False,dense_cartesian
1957,mirror,motoring,436.3676,-34.2157,34.2157,-425.0,625.0,False,dense_cartesian
1957,mirror,regen,436.3676,214.2157,145.7843,-425.0,-625.0,False,dense_cartesian
1958,mirror,motoring,428.4176,-32.6192,32.6192,-400.0,625.0,False,dense_cartesian
1958,mirror,regen,428.4176,212.6192,147.3808,-400.0,-625.0,False,dense_cartesian
1959,mirror,motoring,420.8127,-30.9638,30.9638,-375.0,625.0,False,dense_cartesian
1959,mirror,regen,420.8127,210.9638,149.0362,-375.0,-625.0,False,dense_cartesian
1960,mirror,motoring,413.5718,-29.2488,29.2488,-350.0,625.0,False,dense_cartesian
1960,mirror,regen,413.5718,209.2488,150.7512,-350.0,-625.0,False,dense_cartesian
1961,mirror,motoring,406.7145,-27.4744,27.4744,-325.0,625.0,False,dense_cartesian
1961,mirror,regen,406.7145,207.4744,152.5256,-325.0,-625.0,False,dense_cartesian
1962,mirror,motoring,400.2603,-25.641,25.641,-300.0,625.0,False,dense_cartesian
1962,mirror,regen,400.2603,205.641,154.359,-300.0,-625.0,False,dense_cartesian
1963,mirror,motoring,394.2292,-23.7495,23.7495,-275.0,625.0,False,dense_cartesian
1963,mirror,regen,394.2292,203.7495,156.2505,-275.0,-625.0,False,dense_cartesian
1964,mirror,motoring,388.6408,-21.8014,21.8014,-250.0,625.0,False,dense_cartesian
1964,mirror,regen,388.6408,201.8014,158.1986,-250.0,-625.0,False,dense_cartesian
1965,mirror,motoring,383.5144,-19.7989,19.7989,-225.0,625.0,False,dense_cartesian
1965,mirror,regen,383.5144,199.7989,160.2011,-225.0,-625.0,False,dense_cartesian
1966,mirror,motoring,378.8689,-17.7447,17.7447,-200.0,625.0,False,dense_cartesian
1966,mirror,regen,378.8689,197.7447,162.2553,-200.0,-625.0,False,dense_cartesian
1967,mirror,motoring,374.7221,-15.6422,15.6422,-175.0,625.0,False,dense_cartesian
1967,mirror,regen,374.7221,195.6422,164.3578,-175.0,-625.0,False,dense_cartesian
1968,mirror,motoring,371.0907,-13.4957,13.4957,-150.0,625.0,False,dense_cartesian
1968,mirror,regen,371.0907,193.4957,166.5043,-150.0,-625.0,False,dense_cartesian
1969,mirror,motoring,367.99,-11.3099,11.3099,-125.0,625.0,False,dense_cartesian
1969,mirror,regen,367.99,191.3099,168.6901,-125.0,-625.0,False,dense_cartesian
1970,mirror,motoring,365.4335,-9.0903,9.0903,-100.0,625.0,False,dense_cartesian
1970,mirror,regen,365.4335,189.0903,170.9097,-100.0,-625.0,False,dense_cartesian
1971,mirror,motoring,363.4327,-6.8428,6.8428,-75.0,625.0,False,dense_cartesian
1971,mirror,regen,363.4327,186.8428,173.1572,-75.0,-625.0,False,dense_cartesian
1972,mirror,motoring,361.9968,-4.5739,4.5739,-50.0,625.0,False,dense_cartesian
1972,mirror,regen,361.9968,184.5739,175.4261,-50.0,-625.0,False,dense_cartesian
1973,mirror,motoring,361.1325,-2.2906,2.2906,-25.0,625.0,False,dense_cartesian
1973,mirror,regen,361.1325,182.2906,177.7094,-25.0,-625.0,False,dense_cartesian
1974,mirror,motoring,360.8439,0.0,0.0,0.0,625.0,False,dense_cartesian
1974,mirror,regen,360.8439,180.0,180.0,0.0,-625.0,False,dense_cartesian
1975,mirror,motoring,361.1325,2.2906,-2.2906,25.0,625.0,False,dense_cartesian
1975,mirror,regen,361.1325,177.7094,182.2906,25.0,-625.0,False,dense_cartesian
1976,mirror,motoring,361.9968,4.5739,-4.5739,50.0,625.0,False,dense_cartesian
1976,mirror,regen,361.9968,175.4261,184.5739,50.0,-625.0,False,dense_cartesian
1977,mirror,motoring,363.4327,6.8428,-6.8428,75.0,625.0,False,dense_cartesian
1977,mirror,regen,363.4327,173.1572,186.8428,75.0,-625.0,False,dense_cartesian
1978,mirror,motoring,365.4335,9.0903,-9.0903,100.0,625.0,False,dense_cartesian
1978,mirror,regen,365.4335,170.9097,189.0903,100.0,-625.0,False,dense_cartesian
1979,mirror,motoring,367.99,11.3099,-11.3099,125.0,625.0,False,dense_cartesian
1979,mirror,regen,367.99,168.6901,191.3099,125.0,-625.0,False,dense_cartesian
1980,mirror,motoring,371.0907,13.4957,-13.4957,150.0,625.0,False,dense_cartesian
1980,mirror,regen,371.0907,166.5043,193.4957,150.0,-625.0,False,dense_cartesian
1981,mirror,motoring,374.7221,15.6422,-15.6422,175.0,625.0,False,dense_cartesian
1981,mirror,regen,374.7221,164.3578,195.6422,175.0,-625.0,False,dense_cartesian
1982,mirror,motoring,378.8689,17.7447,-17.7447,200.0,625.0,False,dense_cartesian
1982,mirror,regen,378.8689,162.2553,197.7447,200.0,-625.0,False,dense_cartesian
1983,mirror,motoring,383.5144,19.7989,-19.7989,225.0,625.0,False,dense_cartesian
1983,mirror,regen,383.5144,160.2011,199.7989,225.0,-625.0,False,dense_cartesian
1984,mirror,motoring,388.6408,21.8014,-21.8014,250.0,625.0,False,dense_cartesian
1984,mirror,regen,388.6408,158.1986,201.8014,250.0,-625.0,False,dense_cartesian
1985,mirror,motoring,394.2292,23.7495,-23.7495,275.0,625.0,False,dense_cartesian
1985,mirror,regen,394.2292,156.2505,203.7495,275.0,-625.0,False,dense_cartesian
1986,mirror,motoring,400.2603,25.641,-25.641,300.0,625.0,False,dense_cartesian
1986,mirror,regen,400.2603,154.359,205.641,300.0,-625.0,False,dense_cartesian
1987,mirror,motoring,406.7145,27.4744,-27.4744,325.0,625.0,False,dense_cartesian
1987,mirror,regen,406.7145,152.5256,207.4744,325.0,-625.0,False,dense_cartesian
1988,mirror,motoring,413.5718,29.2488,-29.2488,350.0,625.0,False,dense_cartesian
1988,mirror,regen,413.5718,150.7512,209.2488,350.0,-625.0,False,dense_cartesian
1989,mirror,motoring,420.8127,30.9638,-30.9638,375.0,625.0,False,dense_cartesian
1989,mirror,regen,420.8127,149.0362,210.9638,375.0,-625.0,False,dense_cartesian
1990,mirror,motoring,428.4176,32.6192,-32.6192,400.0,625.0,False,dense_cartesian
1990,mirror,regen,428.4176,147.3808,212.6192,400.0,-625.0,False,dense_cartesian
1991,mirror,motoring,436.3676,34.2157,-34.2157,425.0,625.0,False,dense_cartesian
1991,mirror,regen,436.3676,145.7843,214.2157,425.0,-625.0,False,dense_cartesian
1992,mirror,motoring,444.6441,35.7539,-35.7539,450.0,625.0,False,dense_cartesian
1992,mirror,regen,444.6441,144.2461,215.7539,450.0,-625.0,False,dense_cartesian
1993,mirror,motoring,453.2292,37.2348,-37.2348,475.0,625.0,False,dense_cartesian
1993,mirror,regen,453.2292,142.7652,217.2348,475.0,-625.0,False,dense_cartesian
1994,mirror,motoring,462.1057,38.6598,-38.6598,500.0,625.0,False,dense_cartesian
1994,mirror,regen,462.1057,141.3402,218.6598,500.0,-625.0,False,dense_cartesian
1995,mirror,motoring,471.2572,40.0303,-40.0303,525.0,625.0,False,dense_cartesian
1995,mirror,regen,471.2572,139.9697,220.0303,525.0,-625.0,False,dense_cartesian
1996,mirror,motoring,480.6679,41.3478,-41.3478,550.0,625.0,False,dense_cartesian
1996,mirror,regen,480.6679,138.6522,221.3478,550.0,-625.0,False,dense_cartesian
1997,mirror,motoring,490.323,42.6141,-42.6141,575.0,625.0,False,dense_cartesian
1997,mirror,regen,490.323,137.3859,222.6141,575.0,-625.0,False,dense_cartesian
1998,mirror,motoring,500.2083,43.8309,-43.8309,600.0,625.0,False,dense_cartesian
1998,mirror,regen,500.2083,136.1691,223.8309,600.0,-625.0,False,dense_cartesian
1999,mirror,motoring,510.3104,45.0,-45.0,625.0,625.0,False,dense_cartesian
1999,mirror,regen,510.3104,135.0,225.0,625.0,-625.0,False,dense_cartesian
2000,mirror,motoring,520.6166,46.1233,-46.1233,650.0,625.0,False,dense_cartesian
2000,mirror,regen,520.6166,133.8767,226.1233,650.0,-625.0,False,dense_cartesian
2001,mirror,motoring,531.1152,47.2026,-47.2026,675.0,625.0,False,dense_cartesian
2001,mirror,regen,531.1152,132.7974,227.2026,675.0,-625.0,False,dense_cartesian
2002,mirror,motoring,541.7949,48.2397,-48.2397,700.0,625.0,False,dense_cartesian
2002,mirror,regen,541.7949,131.7603,228.2397,700.0,-625.0,False,dense_cartesian
2003,mirror,motoring,552.6452,49.2364,-49.2364,725.0,625.0,False,dense_cartesian
2003,mirror,regen,552.6452,130.7636,229.2364,725.0,-625.0,False,dense_cartesian
2004,mirror,motoring,563.6562,50.1944,-50.1944,750.0,625.0,False,dense_cartesian
2004,mirror,regen,563.6562,129.8056,230.1944,750.0,-625.0,False,dense_cartesian
2005,mirror,motoring,574.8188,51.1155,-51.1155,775.0,625.0,False,dense_cartesian
2005,mirror,regen,574.8188,128.8845,231.1155,775.0,-625.0,False,dense_cartesian
2006,mirror,motoring,586.1243,52.0013,-52.0013,800.0,625.0,False,dense_cartesian
2006,mirror,regen,586.1243,127.9987,232.0013,800.0,-625.0,False,dense_cartesian
2007,mirror,motoring,597.5645,52.8533,-52.8533,825.0,625.0,False,dense_cartesian
2007,mirror,regen,597.5645,127.1467,232.8533,825.0,-625.0,False,dense_cartesian
2008,mirror,motoring,609.1319,53.6732,-53.6732,850.0,625.0,False,dense_cartesian
2008,mirror,regen,609.1319,126.3268,233.6732,850.0,-625.0,False,dense_cartesian
2009,mirror,motoring,617.7918,-52.5946,52.5946,-850.0,650.0,False,dense_cartesian
2009,mirror,regen,617.7918,232.5946,127.4054,-850.0,-650.0,False,dense_cartesian
2010,mirror,motoring,606.3896,-51.7662,51.7662,-825.0,650.0,False,dense_cartesian
2010,mirror,regen,606.3896,231.7662,128.2338,-825.0,-650.0,False,dense_cartesian
2011,mirror,motoring,595.119,-50.9061,50.9061,-800.0,650.0,False,dense_cartesian
2011,mirror,regen,595.119,230.9061,129.0939,-800.0,-650.0,False,dense_cartesian
2012,mirror,motoring,583.9877,-50.0131,50.0131,-775.0,650.0,False,dense_cartesian
2012,mirror,regen,583.9877,230.0131,129.9869,-775.0,-650.0,False,dense_cartesian
2013,mirror,motoring,573.0038,-49.0856,49.0856,-750.0,650.0,False,dense_cartesian
2013,mirror,regen,573.0038,229.0856,130.9144,-750.0,-650.0,False,dense_cartesian
2014,mirror,motoring,562.1758,-48.1221,48.1221,-725.0,650.0,False,dense_cartesian
2014,mirror,regen,562.1758,228.1221,131.8779,-725.0,-650.0,False,dense_cartesian
2015,mirror,motoring,551.5131,-47.1211,47.1211,-700.0,650.0,False,dense_cartesian
2015,mirror,regen,551.5131,227.1211,132.8789,-700.0,-650.0,False,dense_cartesian
2016,mirror,motoring,541.0253,-46.0809,46.0809,-675.0,650.0,False,dense_cartesian
2016,mirror,regen,541.0253,226.0809,133.9191,-675.0,-650.0,False,dense_cartesian
2017,mirror,motoring,530.7228,-45.0,45.0,-650.0,650.0,False,dense_cartesian
2017,mirror,regen,530.7228,225.0,135.0,-650.0,-650.0,False,dense_cartesian
2018,mirror,motoring,520.6166,-43.8767,43.8767,-625.0,650.0,False,dense_cartesian
2018,mirror,regen,520.6166,223.8767,136.1233,-625.0,-650.0,False,dense_cartesian
2019,mirror,motoring,510.7184,-42.7094,42.7094,-600.0,650.0,False,dense_cartesian
2019,mirror,regen,510.7184,222.7094,137.2906,-600.0,-650.0,False,dense_cartesian
2020,mirror,motoring,501.0406,-41.4965,41.4965,-575.0,650.0,False,dense_cartesian
2020,mirror,regen,501.0406,221.4965,138.5035,-575.0,-650.0,False,dense_cartesian
2021,mirror,motoring,491.596,-40.2364,40.2364,-550.0,650.0,False,dense_cartesian
2021,mirror,regen,491.596,220.2364,139.7636,-550.0,-650.0,False,dense_cartesian
2022,mirror,motoring,482.3985,-38.9275,38.9275,-525.0,650.0,False,dense_cartesian
2022,mirror,regen,482.3985,218.9275,141.0725,-525.0,-650.0,False,dense_cartesian
2023,mirror,motoring,473.4624,-37.5686,37.5686,-500.0,650.0,False,dense_cartesian
2023,mirror,regen,473.4624,217.5686,142.4314,-500.0,-650.0,False,dense_cartesian
2024,mirror,motoring,464.8028,-36.1582,36.1582,-475.0,650.0,False,dense_cartesian
2024,mirror,regen,464.8028,216.1582,143.8418,-475.0,-650.0,False,dense_cartesian
2025,mirror,motoring,456.4355,-34.6952,34.6952,-450.0,650.0,False,dense_cartesian
2025,mirror,regen,456.4355,214.6952,145.3048,-450.0,-650.0,False,dense_cartesian
2026,mirror,motoring,448.3767,-33.1785,33.1785,-425.0,650.0,False,dense_cartesian
2026,mirror,regen,448.3767,213.1785,146.8215,-425.0,-650.0,False,dense_cartesian
2027,mirror,motoring,440.6435,-31.6075,31.6075,-400.0,650.0,False,dense_cartesian
2027,mirror,regen,440.6435,211.6075,148.3925,-400.0,-650.0,False,dense_cartesian
2028,mirror,motoring,433.2532,-29.9816,29.9816,-375.0,650.0,False,dense_cartesian
2028,mirror,regen,433.2532,209.9816,150.0184,-375.0,-650.0,False,dense_cartesian
2029,mirror,motoring,426.2237,-28.3008,28.3008,-350.0,650.0,False,dense_cartesian
2029,mirror,regen,426.2237,208.3008,151.6992,-350.0,-650.0,False,dense_cartesian
2030,mirror,motoring,419.5732,-26.5651,26.5651,-325.0,650.0,False,dense_cartesian
2030,mirror,regen,419.5732,206.5651,153.4349,-325.0,-650.0,False,dense_cartesian
2031,mirror,motoring,413.3199,-24.7751,24.7751,-300.0,650.0,False,dense_cartesian
2031,mirror,regen,413.3199,204.7751,155.2249,-300.0,-650.0,False,dense_cartesian
2032,mirror,motoring,407.4821,-22.9321,22.9321,-275.0,650.0,False,dense_cartesian
2032,mirror,regen,407.4821,202.9321,157.0679,-275.0,-650.0,False,dense_cartesian
2033,mirror,motoring,402.0779,-21.0375,21.0375,-250.0,650.0,False,dense_cartesian
2033,mirror,regen,402.0779,201.0375,158.9625,-250.0,-650.0,False,dense_cartesian
2034,mirror,motoring,397.1251,-19.0935,19.0935,-225.0,650.0,False,dense_cartesian
2034,mirror,regen,397.1251,199.0935,160.9065,-225.0,-650.0,False,dense_cartesian
2035,mirror,motoring,392.6406,-17.1027,17.1027,-200.0,650.0,False,dense_cartesian
2035,mirror,regen,392.6406,197.1027,162.8973,-200.0,-650.0,False,dense_cartesian
2036,mirror,motoring,388.6408,-15.0685,15.0685,-175.0,650.0,False,dense_cartesian
2036,mirror,regen,388.6408,195.0685,164.9315,-175.0,-650.0,False,dense_cartesian
2037,mirror,motoring,385.1407,-12.9946,12.9946,-150.0,650.0,False,dense_cartesian
2037,mirror,regen,385.1407,192.9946,167.0054,-150.0,-650.0,False,dense_cartesian
2038,mirror,motoring,382.154,-10.8855,10.8855,-125.0,650.0,False,dense_cartesian
2038,mirror,regen,382.154,190.8855,169.1145,-125.0,-650.0,False,dense_cartesian
2039,mirror,motoring,379.6929,-8.7462,8.7462,-100.0,650.0,False,dense_cartesian
2039,mirror,regen,379.6929,188.7462,171.2538,-100.0,-650.0,False,dense_cartesian
2040,mirror,motoring,377.7676,-6.5819,6.5819,-75.0,650.0,False,dense_cartesian
2040,mirror,regen,377.7676,186.5819,173.4181,-75.0,-650.0,False,dense_cartesian
2041,mirror,motoring,376.3863,-4.3987,4.3987,-50.0,650.0,False,dense_cartesian
2041,mirror,regen,376.3863,184.3987,175.6013,-50.0,-650.0,False,dense_cartesian
2042,mirror,motoring,375.5551,-2.2026,2.2026,-25.0,650.0,False,dense_cartesian
2042,mirror,regen,375.5551,182.2026,177.7974,-25.0,-650.0,False,dense_cartesian
2043,mirror,motoring,375.2777,0.0,0.0,0.0,650.0,False,dense_cartesian
2043,mirror,regen,375.2777,180.0,180.0,0.0,-650.0,False,dense_cartesian
2044,mirror,motoring,375.5551,2.2026,-2.2026,25.0,650.0,False,dense_cartesian
2044,mirror,regen,375.5551,177.7974,182.2026,25.0,-650.0,False,dense_cartesian
2045,mirror,motoring,376.3863,4.3987,-4.3987,50.0,650.0,False,dense_cartesian
2045,mirror,regen,376.3863,175.6013,184.3987,50.0,-650.0,False,dense_cartesian
2046,mirror,motoring,377.7676,6.5819,-6.5819,75.0,650.0,False,dense_cartesian
2046,mirror,regen,377.7676,173.4181,186.5819,75.0,-650.0,False,dense_cartesian
2047,mirror,motoring,379.6929,8.7462,-8.7462,100.0,650.0,False,dense_cartesian
2047,mirror,regen,379.6929,171.2538,188.7462,100.0,-650.0,False,dense_cartesian
2048,mirror,motoring,382.154,10.8855,-10.8855,125.0,650.0,False,dense_cartesian
2048,mirror,regen,382.154,169.1145,190.8855,125.0,-650.0,False,dense_cartesian
2049,mirror,motoring,385.1407,12.9946,-12.9946,150.0,650.0,False,dense_cartesian
2049,mirror,regen,385.1407,167.0054,192.9946,150.0,-650.0,False,dense_cartesian
2050,mirror,motoring,388.6408,15.0685,-15.0685,175.0,650.0,False,dense_cartesian
2050,mirror,regen,388.6408,164.9315,195.0685,175.0,-650.0,False,dense_cartesian
2051,mirror,motoring,392.6406,17.1027,-17.1027,200.0,650.0,False,dense_cartesian
2051,mirror,regen,392.6406,162.8973,197.1027,200.0,-650.0,False,dense_cartesian
2052,mirror,motoring,397.1251,19.0935,-19.0935,225.0,650.0,False,dense_cartesian
2052,mirror,regen,397.1251,160.9065,199.0935,225.0,-650.0,False,dense_cartesian
2053,mirror,motoring,402.0779,21.0375,-21.0375,250.0,650.0,False,dense_cartesian
2053,mirror,regen,402.0779,158.9625,201.0375,250.0,-650.0,False,dense_cartesian
2054,mirror,motoring,407.4821,22.9321,-22.9321,275.0,650.0,False,dense_cartesian
2054,mirror,regen,407.4821,157.0679,202.9321,275.0,-650.0,False,dense_cartesian
2055,mirror,motoring,413.3199,24.7751,-24.7751,300.0,650.0,False,dense_cartesian
2055,mirror,regen,413.3199,155.2249,204.7751,300.0,-650.0,False,dense_cartesian
2056,mirror,motoring,419.5732,26.5651,-26.5651,325.0,650.0,False,dense_cartesian
2056,mirror,regen,419.5732,153.4349,206.5651,325.0,-650.0,False,dense_cartesian
2057,mirror,motoring,426.2237,28.3008,-28.3008,350.0,650.0,False,dense_cartesian
2057,mirror,regen,426.2237,151.6992,208.3008,350.0,-650.0,False,dense_cartesian
2058,mirror,motoring,433.2532,29.9816,-29.9816,375.0,650.0,False,dense_cartesian
2058,mirror,regen,433.2532,150.0184,209.9816,375.0,-650.0,False,dense_cartesian
2059,mirror,motoring,440.6435,31.6075,-31.6075,400.0,650.0,False,dense_cartesian
2059,mirror,regen,440.6435,148.3925,211.6075,400.0,-650.0,False,dense_cartesian
2060,mirror,motoring,448.3767,33.1785,-33.1785,425.0,650.0,False,dense_cartesian
2060,mirror,regen,448.3767,146.8215,213.1785,425.0,-650.0,False,dense_cartesian
2061,mirror,motoring,456.4355,34.6952,-34.6952,450.0,650.0,False,dense_cartesian
2061,mirror,regen,456.4355,145.3048,214.6952,450.0,-650.0,False,dense_cartesian
2062,mirror,motoring,464.8028,36.1582,-36.1582,475.0,650.0,False,dense_cartesian
2062,mirror,regen,464.8028,143.8418,216.1582,475.0,-650.0,False,dense_cartesian
2063,mirror,motoring,473.4624,37.5686,-37.5686,500.0,650.0,False,dense_cartesian
2063,mirror,regen,473.4624,142.4314,217.5686,500.0,-650.0,False,dense_cartesian
2064,mirror,motoring,482.3985,38.9275,-38.9275,525.0,650.0,False,dense_cartesian
2064,mirror,regen,482.3985,141.0725,218.9275,525.0,-650.0,False,dense_cartesian
2065,mirror,motoring,491.596,40.2364,-40.2364,550.0,650.0,False,dense_cartesian
2065,mirror,regen,491.596,139.7636,220.2364,550.0,-650.0,False,dense_cartesian
2066,mirror,motoring,501.0406,41.4965,-41.4965,575.0,650.0,False,dense_cartesian
2066,mirror,regen,501.0406,138.5035,221.4965,575.0,-650.0,False,dense_cartesian
2067,mirror,motoring,510.7184,42.7094,-42.7094,600.0,650.0,False,dense_cartesian
2067,mirror,regen,510.7184,137.2906,222.7094,600.0,-650.0,False,dense_cartesian
2068,mirror,motoring,520.6166,43.8767,-43.8767,625.0,650.0,False,dense_cartesian
2068,mirror,regen,520.6166,136.1233,223.8767,625.0,-650.0,False,dense_cartesian
2069,mirror,motoring,530.7228,45.0,-45.0,650.0,650.0,False,dense_cartesian
2069,mirror,regen,530.7228,135.0,225.0,650.0,-650.0,False,dense_cartesian
2070,mirror,motoring,541.0253,46.0809,-46.0809,675.0,650.0,False,dense_cartesian
2070,mirror,regen,541.0253,133.9191,226.0809,675.0,-650.0,False,dense_cartesian
2071,mirror,motoring,551.5131,47.1211,-47.1211,700.0,650.0,False,dense_cartesian
2071,mirror,regen,551.5131,132.8789,227.1211,700.0,-650.0,False,dense_cartesian
2072,mirror,motoring,562.1758,48.1221,-48.1221,725.0,650.0,False,dense_cartesian
2072,mirror,regen,562.1758,131.8779,228.1221,725.0,-650.0,False,dense_cartesian
2073,mirror,motoring,573.0038,49.0856,-49.0856,750.0,650.0,False,dense_cartesian
2073,mirror,regen,573.0038,130.9144,229.0856,750.0,-650.0,False,dense_cartesian
2074,mirror,motoring,583.9877,50.0131,-50.0131,775.0,650.0,False,dense_cartesian
2074,mirror,regen,583.9877,129.9869,230.0131,775.0,-650.0,False,dense_cartesian
2075,mirror,motoring,595.119,50.9061,-50.9061,800.0,650.0,False,dense_cartesian
2075,mirror,regen,595.119,129.0939,230.9061,800.0,-650.0,False,dense_cartesian
2076,mirror,motoring,606.3896,51.7662,-51.7662,825.0,650.0,False,dense_cartesian
2076,mirror,regen,606.3896,128.2338,231.7662,825.0,-650.0,False,dense_cartesian
2077,mirror,motoring,617.7918,52.5946,-52.5946,850.0,650.0,False,dense_cartesian
2077,mirror,regen,617.7918,127.4054,232.5946,850.0,-650.0,False,dense_cartesian
2078,mirror,motoring,615.4267,-50.7106,50.7106,-825.0,675.0,False,dense_cartesian
2078,mirror,regen,615.4267,230.7106,129.2894,-825.0,-675.0,False,dense_cartesian
2079,mirror,motoring,604.3247,-49.844,49.844,-800.0,675.0,False,dense_cartesian
2079,mirror,regen,604.3247,229.844,130.156,-800.0,-675.0,False,dense_cartesian
2080,mirror,motoring,593.3661,-48.9452,48.9452,-775.0,675.0,False,dense_cartesian
2080,mirror,regen,593.3661,228.9452,131.0548,-775.0,-675.0,False,dense_cartesian
2081,mirror,motoring,582.559,-48.0128,48.0128,-750.0,675.0,False,dense_cartesian
2081,mirror,regen,582.559,228.0128,131.9872,-750.0,-675.0,False,dense_cartesian
2082,mirror,motoring,571.912,-47.0454,47.0454,-725.0,675.0,False,dense_cartesian
2082,mirror,regen,571.912,227.0454,132.9546,-725.0,-675.0,False,dense_cartesian
2083,mirror,motoring,561.4342,-46.0416,46.0416,-700.0,675.0,False,dense_cartesian
2083,mirror,regen,561.4342,226.0416,133.9584,-700.0,-675.0,False,dense_cartesian
2084,mirror,motoring,551.1352,-45.0,45.0,-675.0,675.0,False,dense_cartesian
2084,mirror,regen,551.1352,225.0,135.0,-675.0,-675.0,False,dense_cartesian
2085,mirror,motoring,541.0253,-43.9191,43.9191,-650.0,675.0,False,dense_cartesian
2085,mirror,regen,541.0253,223.9191,136.0809,-650.0,-675.0,False,dense_cartesian
2086,mirror,motoring,531.1152,-42.7974,42.7974,-625.0,675.0,False,dense_cartesian
2086,mirror,regen,531.1152,222.7974,137.2026,-625.0,-675.0,False,dense_cartesian
2087,mirror,motoring,521.4163,-41.6335,41.6335,-600.0,675.0,False,dense_cartesian
2087,mirror,regen,521.4163,221.6335,138.3665,-600.0,-675.0,False,dense_cartesian
2088,mirror,motoring,511.9408,-40.4261,40.4261,-575.0,675.0,False,dense_cartesian
2088,mirror,regen,511.9408,220.4261,139.5739,-575.0,-675.0,False,dense_cartesian
2089,mirror,motoring,502.701,-39.1737,39.1737,-550.0,675.0,False,dense_cartesian
2089,mirror,regen,502.701,219.1737,140.8263,-550.0,-675.0,False,dense_cartesian
2090,mirror,motoring,493.7104,-37.875,37.875,-525.0,675.0,False,dense_cartesian
2090,mirror,regen,493.7104,217.875,142.125,-525.0,-675.0,False,dense_cartesian
2091,mirror,motoring,484.9828,-36.5289,36.5289,-500.0,675.0,False,dense_cartesian
2091,mirror,regen,484.9828,216.5289,143.4711,-500.0,-675.0,False,dense_cartesian
2092,mirror,motoring,476.5326,-35.1342,35.1342,-475.0,675.0,False,dense_cartesian
2092,mirror,regen,476.5326,215.1342,144.8658,-475.0,-675.0,False,dense_cartesian
2093,mirror,motoring,468.3748,-33.6901,33.6901,-450.0,675.0,False,dense_cartesian
2093,mirror,regen,468.3748,213.6901,146.3099,-450.0,-675.0,False,dense_cartesian
2094,mirror,motoring,460.5251,-32.1957,32.1957,-425.0,675.0,False,dense_cartesian
2094,mirror,regen,460.5251,212.1957,147.8043,-425.0,-675.0,False,dense_cartesian
2095,mirror,motoring,452.9993,-30.6507,30.6507,-400.0,675.0,False,dense_cartesian
2095,mirror,regen,452.9993,210.6507,149.3493,-400.0,-675.0,False,dense_cartesian
2096,mirror,motoring,445.8139,-29.0546,29.0546,-375.0,675.0,False,dense_cartesian
2096,mirror,regen,445.8139,209.0546,150.9454,-375.0,-675.0,False,dense_cartesian
2097,mirror,motoring,438.9856,-27.4076,27.4076,-350.0,675.0,False,dense_cartesian
2097,mirror,regen,438.9856,207.4076,152.5924,-350.0,-675.0,False,dense_cartesian
2098,mirror,motoring,432.5313,-25.71,25.71,-325.0,675.0,False,dense_cartesian
2098,mirror,regen,432.5313,205.71,154.29,-325.0,-675.0,False,dense_cartesian
2099,mirror,motoring,426.4681,-23.9625,23.9625,-300.0,675.0,False,dense_cartesian
2099,mirror,regen,426.4681,203.9625,156.0375,-300.0,-675.0,False,dense_cartesian
2100,mirror,motoring,420.8127,-22.1663,22.1663,-275.0,675.0,False,dense_cartesian
2100,mirror,regen,420.8127,202.1663,157.8337,-275.0,-675.0,False,dense_cartesian
2101,mirror,motoring,415.5819,-20.3231,20.3231,-250.0,675.0,False,dense_cartesian
2101,mirror,regen,415.5819,200.3231,159.6769,-250.0,-675.0,False,dense_cartesian
2102,mirror,motoring,410.7919,-18.4349,18.4349,-225.0,675.0,False,dense_cartesian
2102,mirror,regen,410.7919,198.4349,161.5651,-225.0,-675.0,False,dense_cartesian
2103,mirror,motoring,406.4583,-16.5044,16.5044,-200.0,675.0,False,dense_cartesian
2103,mirror,regen,406.4583,196.5044,163.4956,-200.0,-675.0,False,dense_cartesian
2104,mirror,motoring,402.5957,-14.5345,14.5345,-175.0,675.0,False,dense_cartesian
2104,mirror,regen,402.5957,194.5345,165.4655,-175.0,-675.0,False,dense_cartesian
2105,mirror,motoring,399.218,-12.5288,12.5288,-150.0,675.0,False,dense_cartesian
2105,mirror,regen,399.218,192.5288,167.4712,-150.0,-675.0,False,dense_cartesian
2106,mirror,motoring,396.3374,-10.4915,10.4915,-125.0,675.0,False,dense_cartesian
2106,mirror,regen,396.3374,190.4915,169.5085,-125.0,-675.0,False,dense_cartesian
2107,mirror,motoring,393.9649,-8.427,8.427,-100.0,675.0,False,dense_cartesian
2107,mirror,regen,393.9649,188.427,171.573,-100.0,-675.0,False,dense_cartesian
2108,mirror,motoring,392.1097,-6.3402,6.3402,-75.0,675.0,False,dense_cartesian
2108,mirror,regen,392.1097,186.3402,173.6598,-75.0,-675.0,False,dense_cartesian
2109,mirror,motoring,390.7791,-4.2364,4.2364,-50.0,675.0,False,dense_cartesian
2109,mirror,regen,390.7791,184.2364,175.7636,-50.0,-675.0,False,dense_cartesian
2110,mirror,motoring,389.9786,-2.1211,2.1211,-25.0,675.0,False,dense_cartesian
2110,mirror,regen,389.9786,182.1211,177.8789,-25.0,-675.0,False,dense_cartesian
2111,mirror,motoring,389.7114,0.0,0.0,0.0,675.0,False,dense_cartesian
2111,mirror,regen,389.7114,180.0,180.0,0.0,-675.0,False,dense_cartesian
2112,mirror,motoring,389.9786,2.1211,-2.1211,25.0,675.0,False,dense_cartesian
2112,mirror,regen,389.9786,177.8789,182.1211,25.0,-675.0,False,dense_cartesian
2113,mirror,motoring,390.7791,4.2364,-4.2364,50.0,675.0,False,dense_cartesian
2113,mirror,regen,390.7791,175.7636,184.2364,50.0,-675.0,False,dense_cartesian
2114,mirror,motoring,392.1097,6.3402,-6.3402,75.0,675.0,False,dense_cartesian
2114,mirror,regen,392.1097,173.6598,186.3402,75.0,-675.0,False,dense_cartesian
2115,mirror,motoring,393.9649,8.427,-8.427,100.0,675.0,False,dense_cartesian
2115,mirror,regen,393.9649,171.573,188.427,100.0,-675.0,False,dense_cartesian
2116,mirror,motoring,396.3374,10.4915,-10.4915,125.0,675.0,False,dense_cartesian
2116,mirror,regen,396.3374,169.5085,190.4915,125.0,-675.0,False,dense_cartesian
2117,mirror,motoring,399.218,12.5288,-12.5288,150.0,675.0,False,dense_cartesian
2117,mirror,regen,399.218,167.4712,192.5288,150.0,-675.0,False,dense_cartesian
2118,mirror,motoring,402.5957,14.5345,-14.5345,175.0,675.0,False,dense_cartesian
2118,mirror,regen,402.5957,165.4655,194.5345,175.0,-675.0,False,dense_cartesian
2119,mirror,motoring,406.4583,16.5044,-16.5044,200.0,675.0,False,dense_cartesian
2119,mirror,regen,406.4583,163.4956,196.5044,200.0,-675.0,False,dense_cartesian
2120,mirror,motoring,410.7919,18.4349,-18.4349,225.0,675.0,False,dense_cartesian
2120,mirror,regen,410.7919,161.5651,198.4349,225.0,-675.0,False,dense_cartesian
2121,mirror,motoring,415.5819,20.3231,-20.3231,250.0,675.0,False,dense_cartesian
2121,mirror,regen,415.5819,159.6769,200.3231,250.0,-675.0,False,dense_cartesian
2122,mirror,motoring,420.8127,22.1663,-22.1663,275.0,675.0,False,dense_cartesian
2122,mirror,regen,420.8127,157.8337,202.1663,275.0,-675.0,False,dense_cartesian
2123,mirror,motoring,426.4681,23.9625,-23.9625,300.0,675.0,False,dense_cartesian
2123,mirror,regen,426.4681,156.0375,203.9625,300.0,-675.0,False,dense_cartesian
2124,mirror,motoring,432.5313,25.71,-25.71,325.0,675.0,False,dense_cartesian
2124,mirror,regen,432.5313,154.29,205.71,325.0,-675.0,False,dense_cartesian
2125,mirror,motoring,438.9856,27.4076,-27.4076,350.0,675.0,False,dense_cartesian
2125,mirror,regen,438.9856,152.5924,207.4076,350.0,-675.0,False,dense_cartesian
2126,mirror,motoring,445.8139,29.0546,-29.0546,375.0,675.0,False,dense_cartesian
2126,mirror,regen,445.8139,150.9454,209.0546,375.0,-675.0,False,dense_cartesian
2127,mirror,motoring,452.9993,30.6507,-30.6507,400.0,675.0,False,dense_cartesian
2127,mirror,regen,452.9993,149.3493,210.6507,400.0,-675.0,False,dense_cartesian
2128,mirror,motoring,460.5251,32.1957,-32.1957,425.0,675.0,False,dense_cartesian
2128,mirror,regen,460.5251,147.8043,212.1957,425.0,-675.0,False,dense_cartesian
2129,mirror,motoring,468.3748,33.6901,-33.6901,450.0,675.0,False,dense_cartesian
2129,mirror,regen,468.3748,146.3099,213.6901,450.0,-675.0,False,dense_cartesian
2130,mirror,motoring,476.5326,35.1342,-35.1342,475.0,675.0,False,dense_cartesian
2130,mirror,regen,476.5326,144.8658,215.1342,475.0,-675.0,False,dense_cartesian
2131,mirror,motoring,484.9828,36.5289,-36.5289,500.0,675.0,False,dense_cartesian
2131,mirror,regen,484.9828,143.4711,216.5289,500.0,-675.0,False,dense_cartesian
2132,mirror,motoring,493.7104,37.875,-37.875,525.0,675.0,False,dense_cartesian
2132,mirror,regen,493.7104,142.125,217.875,525.0,-675.0,False,dense_cartesian
2133,mirror,motoring,502.701,39.1737,-39.1737,550.0,675.0,False,dense_cartesian
2133,mirror,regen,502.701,140.8263,219.1737,550.0,-675.0,False,dense_cartesian
2134,mirror,motoring,511.9408,40.4261,-40.4261,575.0,675.0,False,dense_cartesian
2134,mirror,regen,511.9408,139.5739,220.4261,575.0,-675.0,False,dense_cartesian
2135,mirror,motoring,521.4163,41.6335,-41.6335,600.0,675.0,False,dense_cartesian
2135,mirror,regen,521.4163,138.3665,221.6335,600.0,-675.0,False,dense_cartesian
2136,mirror,motoring,531.1152,42.7974,-42.7974,625.0,675.0,False,dense_cartesian
2136,mirror,regen,531.1152,137.2026,222.7974,625.0,-675.0,False,dense_cartesian
2137,mirror,motoring,541.0253,43.9191,-43.9191,650.0,675.0,False,dense_cartesian
2137,mirror,regen,541.0253,136.0809,223.9191,650.0,-675.0,False,dense_cartesian
2138,mirror,motoring,551.1352,45.0,-45.0,675.0,675.0,False,dense_cartesian
2138,mirror,regen,551.1352,135.0,225.0,675.0,-675.0,False,dense_cartesian
2139,mirror,motoring,561.4342,46.0416,-46.0416,700.0,675.0,False,dense_cartesian
2139,mirror,regen,561.4342,133.9584,226.0416,700.0,-675.0,False,dense_cartesian
2140,mirror,motoring,571.912,47.0454,-47.0454,725.0,675.0,False,dense_cartesian
2140,mirror,regen,571.912,132.9546,227.0454,725.0,-675.0,False,dense_cartesian
2141,mirror,motoring,582.559,48.0128,-48.0128,750.0,675.0,False,dense_cartesian
2141,mirror,regen,582.559,131.9872,228.0128,750.0,-675.0,False,dense_cartesian
2142,mirror,motoring,593.3661,48.9452,-48.9452,775.0,675.0,False,dense_cartesian
2142,mirror,regen,593.3661,131.0548,228.9452,775.0,-675.0,False,dense_cartesian
2143,mirror,motoring,604.3247,49.844,-49.844,800.0,675.0,False,dense_cartesian
2143,mirror,regen,604.3247,130.156,229.844,800.0,-675.0,False,dense_cartesian
2144,mirror,motoring,615.4267,50.7106,-50.7106,825.0,675.0,False,dense_cartesian
2144,mirror,regen,615.4267,129.2894,230.7106,825.0,-675.0,False,dense_cartesian
2145,mirror,motoring,613.7318,-48.8141,48.8141,-800.0,700.0,False,dense_cartesian
2145,mirror,regen,613.7318,228.8141,131.1859,-800.0,-700.0,False,dense_cartesian
2146,mirror,motoring,602.9442,-47.9108,47.9108,-775.0,700.0,False,dense_cartesian
2146,mirror,regen,602.9442,227.9108,132.0892,-775.0,-700.0,False,dense_cartesian
2147,mirror,motoring,592.3119,-46.9749,46.9749,-750.0,700.0,False,dense_cartesian
2147,mirror,regen,592.3119,226.9749,133.0251,-750.0,-700.0,False,dense_cartesian
2148,mirror,motoring,581.8433,-46.0051,46.0051,-725.0,700.0,False,dense_cartesian
2148,mirror,regen,581.8433,226.0051,133.9949,-725.0,-700.0,False,dense_cartesian
2149,mirror,motoring,571.5476,-45.0,45.0,-700.0,700.0,False,dense_cartesian
2149,mirror,regen,571.5476,225.0,135.0,-700.0,-700.0,False,dense_cartesian
2150,mirror,motoring,561.4342,-43.9584,43.9584,-675.0,700.0,False,dense_cartesian
2150,mirror,regen,561.4342,223.9584,136.0416,-675.0,-700.0,False,dense_cartesian
2151,mirror,motoring,551.5131,-42.8789,42.8789,-650.0,700.0,False,dense_cartesian
2151,mirror,regen,551.5131,222.8789,137.1211,-650.0,-700.0,False,dense_cartesian
2152,mirror,motoring,541.7949,-41.7603,41.7603,-625.0,700.0,False,dense_cartesian
2152,mirror,regen,541.7949,221.7603,138.2397,-625.0,-700.0,False,dense_cartesian
2153,mirror,motoring,532.2906,-40.6013,40.6013,-600.0,700.0,False,dense_cartesian
2153,mirror,regen,532.2906,220.6013,139.3987,-600.0,-700.0,False,dense_cartesian
2154,mirror,motoring,523.0121,-39.4007,39.4007,-575.0,700.0,False,dense_cartesian
2154,mirror,regen,523.0121,219.4007,140.5993,-575.0,-700.0,False,dense_cartesian
2155,mirror,motoring,513.9715,-38.1572,38.1572,-550.0,700.0,False,dense_cartesian
2155,mirror,regen,513.9715,218.1572,141.8428,-550.0,-700.0,False,dense_cartesian
2156,mirror,motoring,505.1815,-36.8699,36.8699,-525.0,700.0,False,dense_cartesian
2156,mirror,regen,505.1815,216.8699,143.1301,-525.0,-700.0,False,dense_cartesian
2157,mirror,motoring,496.6555,-35.5377,35.5377,-500.0,700.0,False,dense_cartesian
2157,mirror,regen,496.6555,215.5377,144.4623,-500.0,-700.0,False,dense_cartesian
2158,mirror,motoring,488.4073,-34.1597,34.1597,-475.0,700.0,False,dense_cartesian
2158,mirror,regen,488.4073,214.1597,145.8403,-475.0,-700.0,False,dense_cartesian
2159,mirror,motoring,480.4512,-32.7352,32.7352,-450.0,700.0,False,dense_cartesian
2159,mirror,regen,480.4512,212.7352,147.2648,-450.0,-700.0,False,dense_cartesian
2160,mirror,motoring,472.8019,-31.2637,31.2637,-425.0,700.0,False,dense_cartesian
2160,mirror,regen,472.8019,211.2637,148.7363,-425.0,-700.0,False,dense_cartesian
2161,mirror,motoring,465.4747,-29.7449,29.7449,-400.0,700.0,False,dense_cartesian
2161,mirror,regen,465.4747,209.7449,150.2551,-400.0,-700.0,False,dense_cartesian
2162,mirror,motoring,458.4848,-28.1786,28.1786,-375.0,700.0,False,dense_cartesian
2162,mirror,regen,458.4848,208.1786,151.8214,-375.0,-700.0,False,dense_cartesian
2163,mirror,motoring,451.8481,-26.5651,26.5651,-350.0,700.0,False,dense_cartesian
2163,mirror,regen,451.8481,206.5651,153.4349,-350.0,-700.0,False,dense_cartesian
2164,mirror,motoring,445.5801,-24.9048,24.9048,-325.0,700.0,False,dense_cartesian
2164,mirror,regen,445.5801,204.9048,155.0952,-325.0,-700.0,False,dense_cartesian
2165,mirror,motoring,439.6969,-23.1986,23.1986,-300.0,700.0,False,dense_cartesian
2165,mirror,regen,439.6969,203.1986,156.8014,-300.0,-700.0,False,dense_cartesian
2166,mirror,motoring,434.2138,-21.4477,21.4477,-275.0,700.0,False,dense_cartesian
2166,mirror,regen,434.2138,201.4477,158.5523,-275.0,-700.0,False,dense_cartesian
2167,mirror,motoring,429.1464,-19.6538,19.6538,-250.0,700.0,False,dense_cartesian
2167,mirror,regen,429.1464,199.6538,160.3462,-250.0,-700.0,False,dense_cartesian
2168,mirror,motoring,424.5095,-17.8189,17.8189,-225.0,700.0,False,dense_cartesian
2168,mirror,regen,424.5095,197.8189,162.1811,-225.0,-700.0,False,dense_cartesian
2169,mirror,motoring,420.3173,-15.9454,15.9454,-200.0,700.0,False,dense_cartesian
2169,mirror,regen,420.3173,195.9454,164.0546,-200.0,-700.0,False,dense_cartesian
2170,mirror,motoring,416.5833,-14.0362,14.0362,-175.0,700.0,False,dense_cartesian
2170,mirror,regen,416.5833,194.0362,165.9638,-175.0,-700.0,False,dense_cartesian
2171,mirror,motoring,413.3199,-12.0948,12.0948,-150.0,700.0,False,dense_cartesian
2171,mirror,regen,413.3199,192.0948,167.9052,-150.0,-700.0,False,dense_cartesian
2172,mirror,motoring,410.5383,-10.1247,10.1247,-125.0,700.0,False,dense_cartesian
2172,mirror,regen,410.5383,190.1247,169.8753,-125.0,-700.0,False,dense_cartesian
2173,mirror,motoring,408.2483,-8.1301,8.1301,-100.0,700.0,False,dense_cartesian
2173,mirror,regen,408.2483,188.1301,171.8699,-100.0,-700.0,False,dense_cartesian
2174,mirror,motoring,406.4583,-6.1155,6.1155,-75.0,700.0,False,dense_cartesian
2174,mirror,regen,406.4583,186.1155,173.8845,-75.0,-700.0,False,dense_cartesian
2175,mirror,motoring,405.1749,-4.0856,4.0856,-50.0,700.0,False,dense_cartesian
2175,mirror,regen,405.1749,184.0856,175.9144,-50.0,-700.0,False,dense_cartesian
2176,mirror,motoring,404.4029,-2.0454,2.0454,-25.0,700.0,False,dense_cartesian
2176,mirror,regen,404.4029,182.0454,177.9546,-25.0,-700.0,False,dense_cartesian
2177,mirror,motoring,404.1452,0.0,0.0,0.0,700.0,False,dense_cartesian
2177,mirror,regen,404.1452,180.0,180.0,0.0,-700.0,False,dense_cartesian
2178,mirror,motoring,404.4029,2.0454,-2.0454,25.0,700.0,False,dense_cartesian
2178,mirror,regen,404.4029,177.9546,182.0454,25.0,-700.0,False,dense_cartesian
2179,mirror,motoring,405.1749,4.0856,-4.0856,50.0,700.0,False,dense_cartesian
2179,mirror,regen,405.1749,175.9144,184.0856,50.0,-700.0,False,dense_cartesian
2180,mirror,motoring,406.4583,6.1155,-6.1155,75.0,700.0,False,dense_cartesian
2180,mirror,regen,406.4583,173.8845,186.1155,75.0,-700.0,False,dense_cartesian
2181,mirror,motoring,408.2483,8.1301,-8.1301,100.0,700.0,False,dense_cartesian
2181,mirror,regen,408.2483,171.8699,188.1301,100.0,-700.0,False,dense_cartesian
2182,mirror,motoring,410.5383,10.1247,-10.1247,125.0,700.0,False,dense_cartesian
2182,mirror,regen,410.5383,169.8753,190.1247,125.0,-700.0,False,dense_cartesian
2183,mirror,motoring,413.3199,12.0948,-12.0948,150.0,700.0,False,dense_cartesian
2183,mirror,regen,413.3199,167.9052,192.0948,150.0,-700.0,False,dense_cartesian
2184,mirror,motoring,416.5833,14.0362,-14.0362,175.0,700.0,False,dense_cartesian
2184,mirror,regen,416.5833,165.9638,194.0362,175.0,-700.0,False,dense_cartesian
2185,mirror,motoring,420.3173,15.9454,-15.9454,200.0,700.0,False,dense_cartesian
2185,mirror,regen,420.3173,164.0546,195.9454,200.0,-700.0,False,dense_cartesian
2186,mirror,motoring,424.5095,17.8189,-17.8189,225.0,700.0,False,dense_cartesian
2186,mirror,regen,424.5095,162.1811,197.8189,225.0,-700.0,False,dense_cartesian
2187,mirror,motoring,429.1464,19.6538,-19.6538,250.0,700.0,False,dense_cartesian
2187,mirror,regen,429.1464,160.3462,199.6538,250.0,-700.0,False,dense_cartesian
2188,mirror,motoring,434.2138,21.4477,-21.4477,275.0,700.0,False,dense_cartesian
2188,mirror,regen,434.2138,158.5523,201.4477,275.0,-700.0,False,dense_cartesian
2189,mirror,motoring,439.6969,23.1986,-23.1986,300.0,700.0,False,dense_cartesian
2189,mirror,regen,439.6969,156.8014,203.1986,300.0,-700.0,False,dense_cartesian
2190,mirror,motoring,445.5801,24.9048,-24.9048,325.0,700.0,False,dense_cartesian
2190,mirror,regen,445.5801,155.0952,204.9048,325.0,-700.0,False,dense_cartesian
2191,mirror,motoring,451.8481,26.5651,-26.5651,350.0,700.0,False,dense_cartesian
2191,mirror,regen,451.8481,153.4349,206.5651,350.0,-700.0,False,dense_cartesian
2192,mirror,motoring,458.4848,28.1786,-28.1786,375.0,700.0,False,dense_cartesian
2192,mirror,regen,458.4848,151.8214,208.1786,375.0,-700.0,False,dense_cartesian
2193,mirror,motoring,465.4747,29.7449,-29.7449,400.0,700.0,False,dense_cartesian
2193,mirror,regen,465.4747,150.2551,209.7449,400.0,-700.0,False,dense_cartesian
2194,mirror,motoring,472.8019,31.2637,-31.2637,425.0,700.0,False,dense_cartesian
2194,mirror,regen,472.8019,148.7363,211.2637,425.0,-700.0,False,dense_cartesian
2195,mirror,motoring,480.4512,32.7352,-32.7352,450.0,700.0,False,dense_cartesian
2195,mirror,regen,480.4512,147.2648,212.7352,450.0,-700.0,False,dense_cartesian
2196,mirror,motoring,488.4073,34.1597,-34.1597,475.0,700.0,False,dense_cartesian
2196,mirror,regen,488.4073,145.8403,214.1597,475.0,-700.0,False,dense_cartesian
2197,mirror,motoring,496.6555,35.5377,-35.5377,500.0,700.0,False,dense_cartesian
2197,mirror,regen,496.6555,144.4623,215.5377,500.0,-700.0,False,dense_cartesian
2198,mirror,motoring,505.1815,36.8699,-36.8699,525.0,700.0,False,dense_cartesian
2198,mirror,regen,505.1815,143.1301,216.8699,525.0,-700.0,False,dense_cartesian
2199,mirror,motoring,513.9715,38.1572,-38.1572,550.0,700.0,False,dense_cartesian
2199,mirror,regen,513.9715,141.8428,218.1572,550.0,-700.0,False,dense_cartesian
2200,mirror,motoring,523.0121,39.4007,-39.4007,575.0,700.0,False,dense_cartesian
2200,mirror,regen,523.0121,140.5993,219.4007,575.0,-700.0,False,dense_cartesian
2201,mirror,motoring,532.2906,40.6013,-40.6013,600.0,700.0,False,dense_cartesian
2201,mirror,regen,532.2906,139.3987,220.6013,600.0,-700.0,False,dense_cartesian
2202,mirror,motoring,541.7949,41.7603,-41.7603,625.0,700.0,False,dense_cartesian
2202,mirror,regen,541.7949,138.2397,221.7603,625.0,-700.0,False,dense_cartesian
2203,mirror,motoring,551.5131,42.8789,-42.8789,650.0,700.0,False,dense_cartesian
2203,mirror,regen,551.5131,137.1211,222.8789,650.0,-700.0,False,dense_cartesian
2204,mirror,motoring,561.4342,43.9584,-43.9584,675.0,700.0,False,dense_cartesian
2204,mirror,regen,561.4342,136.0416,223.9584,675.0,-700.0,False,dense_cartesian
2205,mirror,motoring,571.5476,45.0,-45.0,700.0,700.0,False,dense_cartesian
2205,mirror,regen,571.5476,135.0,225.0,700.0,-700.0,False,dense_cartesian
2206,mirror,motoring,581.8433,46.0051,-46.0051,725.0,700.0,False,dense_cartesian
2206,mirror,regen,581.8433,133.9949,226.0051,725.0,-700.0,False,dense_cartesian
2207,mirror,motoring,592.3119,46.9749,-46.9749,750.0,700.0,False,dense_cartesian
2207,mirror,regen,592.3119,133.0251,226.9749,750.0,-700.0,False,dense_cartesian
2208,mirror,motoring,602.9442,47.9108,-47.9108,775.0,700.0,False,dense_cartesian
2208,mirror,regen,602.9442,132.0892,227.9108,775.0,-700.0,False,dense_cartesian
2209,mirror,motoring,613.7318,48.8141,-48.8141,800.0,700.0,False,dense_cartesian
2209,mirror,regen,613.7318,131.1859,228.8141,800.0,-700.0,False,dense_cartesian
2210,mirror,motoring,612.7125,-46.9092,46.9092,-775.0,725.0,False,dense_cartesian
2210,mirror,regen,612.7125,226.9092,133.0908,-775.0,-725.0,False,dense_cartesian
2211,mirror,motoring,602.2527,-45.971,45.971,-750.0,725.0,False,dense_cartesian
2211,mirror,regen,602.2527,225.971,134.029,-750.0,-725.0,False,dense_cartesian
2212,mirror,motoring,591.96,-45.0,45.0,-725.0,725.0,False,dense_cartesian
2212,mirror,regen,591.96,225.0,135.0,-725.0,-725.0,False,dense_cartesian
2213,mirror,motoring,581.8433,-43.9949,43.9949,-700.0,725.0,False,dense_cartesian
2213,mirror,regen,581.8433,223.9949,136.0051,-700.0,-725.0,False,dense_cartesian
2214,mirror,motoring,571.912,-42.9546,42.9546,-675.0,725.0,False,dense_cartesian
2214,mirror,regen,571.912,222.9546,137.0454,-675.0,-725.0,False,dense_cartesian
2215,mirror,motoring,562.1758,-41.8779,41.8779,-650.0,725.0,False,dense_cartesian
2215,mirror,regen,562.1758,221.8779,138.1221,-650.0,-725.0,False,dense_cartesian
2216,mirror,motoring,552.6452,-40.7636,40.7636,-625.0,725.0,False,dense_cartesian
2216,mirror,regen,552.6452,220.7636,139.2364,-625.0,-725.0,False,dense_cartesian
2217,mirror,motoring,543.3308,-39.6107,39.6107,-600.0,725.0,False,dense_cartesian
2217,mirror,regen,543.3308,219.6107,140.3893,-600.0,-725.0,False,dense_cartesian
2218,mirror,motoring,534.244,-38.4181,38.4181,-575.0,725.0,False,dense_cartesian
2218,mirror,regen,534.244,218.4181,141.5819,-575.0,-725.0,False,dense_cartesian
2219,mirror,motoring,525.3967,-37.1847,37.1847,-550.0,725.0,False,dense_cartesian
2219,mirror,regen,525.3967,217.1847,142.8153,-550.0,-725.0,False,dense_cartesian
2220,mirror,motoring,516.8011,-35.9097,35.9097,-525.0,725.0,False,dense_cartesian
2220,mirror,regen,516.8011,215.9097,144.0903,-525.0,-725.0,False,dense_cartesian
2221,mirror,motoring,508.4699,-34.5923,34.5923,-500.0,725.0,False,dense_cartesian
2221,mirror,regen,508.4699,214.5923,145.4077,-500.0,-725.0,False,dense_cartesian
2222,mirror,motoring,500.4165,-33.2317,33.2317,-475.0,725.0,False,dense_cartesian
2222,mirror,regen,500.4165,213.2317,146.7683,-475.0,-725.0,False,dense_cartesian
2223,mirror,motoring,492.6544,-31.8274,31.8274,-450.0,725.0,False,dense_cartesian
2223,mirror,regen,492.6544,211.8274,148.1726,-450.0,-725.0,False,dense_cartesian
2224,mirror,motoring,485.1976,-30.3791,30.3791,-425.0,725.0,False,dense_cartesian
2224,mirror,regen,485.1976,210.3791,149.6209,-425.0,-725.0,False,dense_cartesian
2225,mirror,motoring,478.0603,-28.8866,28.8866,-400.0,725.0,False,dense_cartesian
2225,mirror,regen,478.0603,208.8866,151.1134,-400.0,-725.0,False,dense_cartesian
2226,mirror,motoring,471.2572,-27.3499,27.3499,-375.0,725.0,False,dense_cartesian
2226,mirror,regen,471.2572,207.3499,152.6501,-375.0,-725.0,False,dense_cartesian
2227,mirror,motoring,464.8028,-25.7693,25.7693,-350.0,725.0,False,dense_cartesian
2227,mirror,regen,464.8028,205.7693,154.2307,-350.0,-725.0,False,dense_cartesian
2228,mirror,motoring,458.712,-24.1455,24.1455,-325.0,725.0,False,dense_cartesian
2228,mirror,regen,458.712,204.1455,155.8545,-325.0,-725.0,False,dense_cartesian
2229,mirror,motoring,452.9993,-22.4794,22.4794,-300.0,725.0,False,dense_cartesian
2229,mirror,regen,452.9993,202.4794,157.5206,-300.0,-725.0,False,dense_cartesian
2230,mirror,motoring,447.6792,-20.7723,20.7723,-275.0,725.0,False,dense_cartesian
2230,mirror,regen,447.6792,200.7723,159.2277,-275.0,-725.0,False,dense_cartesian
2231,mirror,motoring,442.7659,-19.0256,19.0256,-250.0,725.0,False,dense_cartesian
2231,mirror,regen,442.7659,199.0256,160.9744,-250.0,-725.0,False,dense_cartesian
2232,mirror,motoring,438.2731,-17.2415,17.2415,-225.0,725.0,False,dense_cartesian
2232,mirror,regen,438.2731,197.2415,162.7585,-225.0,-725.0,False,dense_cartesian
2233,mirror,motoring,434.2138,-15.4222,15.4222,-200.0,725.0,False,dense_cartesian
2233,mirror,regen,434.2138,195.4222,164.5778,-200.0,-725.0,False,dense_cartesian
2234,mirror,motoring,430.6004,-13.5704,13.5704,-175.0,725.0,False,dense_cartesian
2234,mirror,regen,430.6004,193.5704,166.4296,-175.0,-725.0,False,dense_cartesian
2235,mirror,motoring,427.444,-11.6894,11.6894,-150.0,725.0,False,dense_cartesian
2235,mirror,regen,427.444,191.6894,168.3106,-150.0,-725.0,False,dense_cartesian
2236,mirror,motoring,424.7548,-9.7824,9.7824,-125.0,725.0,False,dense_cartesian
2236,mirror,regen,424.7548,189.7824,170.2176,-125.0,-725.0,False,dense_cartesian
2237,mirror,motoring,422.5419,-7.8533,7.8533,-100.0,725.0,False,dense_cartesian
2237,mirror,regen,422.5419,187.8533,172.1467,-100.0,-725.0,False,dense_cartesian
2238,mirror,motoring,420.8127,-5.9061,5.9061,-75.0,725.0,False,dense_cartesian
2238,mirror,regen,420.8127,185.9061,174.0939,-75.0,-725.0,False,dense_cartesian
2239,mirror,motoring,419.5732,-3.9452,3.9452,-50.0,725.0,False,dense_cartesian
2239,mirror,regen,419.5732,183.9452,176.0548,-50.0,-725.0,False,dense_cartesian
2240,mirror,motoring,418.8277,-1.9749,1.9749,-25.0,725.0,False,dense_cartesian
2240,mirror,regen,418.8277,181.9749,178.0251,-25.0,-725.0,False,dense_cartesian
2241,mirror,motoring,418.5789,0.0,0.0,0.0,725.0,False,dense_cartesian
2241,mirror,regen,418.5789,180.0,180.0,0.0,-725.0,False,dense_cartesian
2242,mirror,motoring,418.8277,1.9749,-1.9749,25.0,725.0,False,dense_cartesian
2242,mirror,regen,418.8277,178.0251,181.9749,25.0,-725.0,False,dense_cartesian
2243,mirror,motoring,419.5732,3.9452,-3.9452,50.0,725.0,False,dense_cartesian
2243,mirror,regen,419.5732,176.0548,183.9452,50.0,-725.0,False,dense_cartesian
2244,mirror,motoring,420.8127,5.9061,-5.9061,75.0,725.0,False,dense_cartesian
2244,mirror,regen,420.8127,174.0939,185.9061,75.0,-725.0,False,dense_cartesian
2245,mirror,motoring,422.5419,7.8533,-7.8533,100.0,725.0,False,dense_cartesian
2245,mirror,regen,422.5419,172.1467,187.8533,100.0,-725.0,False,dense_cartesian
2246,mirror,motoring,424.7548,9.7824,-9.7824,125.0,725.0,False,dense_cartesian
2246,mirror,regen,424.7548,170.2176,189.7824,125.0,-725.0,False,dense_cartesian
2247,mirror,motoring,427.444,11.6894,-11.6894,150.0,725.0,False,dense_cartesian
2247,mirror,regen,427.444,168.3106,191.6894,150.0,-725.0,False,dense_cartesian
2248,mirror,motoring,430.6004,13.5704,-13.5704,175.0,725.0,False,dense_cartesian
2248,mirror,regen,430.6004,166.4296,193.5704,175.0,-725.0,False,dense_cartesian
2249,mirror,motoring,434.2138,15.4222,-15.4222,200.0,725.0,False,dense_cartesian
2249,mirror,regen,434.2138,164.5778,195.4222,200.0,-725.0,False,dense_cartesian
2250,mirror,motoring,438.2731,17.2415,-17.2415,225.0,725.0,False,dense_cartesian
2250,mirror,regen,438.2731,162.7585,197.2415,225.0,-725.0,False,dense_cartesian
2251,mirror,motoring,442.7659,19.0256,-19.0256,250.0,725.0,False,dense_cartesian
2251,mirror,regen,442.7659,160.9744,199.0256,250.0,-725.0,False,dense_cartesian
2252,mirror,motoring,447.6792,20.7723,-20.7723,275.0,725.0,False,dense_cartesian
2252,mirror,regen,447.6792,159.2277,200.7723,275.0,-725.0,False,dense_cartesian
2253,mirror,motoring,452.9993,22.4794,-22.4794,300.0,725.0,False,dense_cartesian
2253,mirror,regen,452.9993,157.5206,202.4794,300.0,-725.0,False,dense_cartesian
2254,mirror,motoring,458.712,24.1455,-24.1455,325.0,725.0,False,dense_cartesian
2254,mirror,regen,458.712,155.8545,204.1455,325.0,-725.0,False,dense_cartesian
2255,mirror,motoring,464.8028,25.7693,-25.7693,350.0,725.0,False,dense_cartesian
2255,mirror,regen,464.8028,154.2307,205.7693,350.0,-725.0,False,dense_cartesian
2256,mirror,motoring,471.2572,27.3499,-27.3499,375.0,725.0,False,dense_cartesian
2256,mirror,regen,471.2572,152.6501,207.3499,375.0,-725.0,False,dense_cartesian
2257,mirror,motoring,478.0603,28.8866,-28.8866,400.0,725.0,False,dense_cartesian
2257,mirror,regen,478.0603,151.1134,208.8866,400.0,-725.0,False,dense_cartesian
2258,mirror,motoring,485.1976,30.3791,-30.3791,425.0,725.0,False,dense_cartesian
2258,mirror,regen,485.1976,149.6209,210.3791,425.0,-725.0,False,dense_cartesian
2259,mirror,motoring,492.6544,31.8274,-31.8274,450.0,725.0,False,dense_cartesian
2259,mirror,regen,492.6544,148.1726,211.8274,450.0,-725.0,False,dense_cartesian
2260,mirror,motoring,500.4165,33.2317,-33.2317,475.0,725.0,False,dense_cartesian
2260,mirror,regen,500.4165,146.7683,213.2317,475.0,-725.0,False,dense_cartesian
2261,mirror,motoring,508.4699,34.5923,-34.5923,500.0,725.0,False,dense_cartesian
2261,mirror,regen,508.4699,145.4077,214.5923,500.0,-725.0,False,dense_cartesian
2262,mirror,motoring,516.8011,35.9097,-35.9097,525.0,725.0,False,dense_cartesian
2262,mirror,regen,516.8011,144.0903,215.9097,525.0,-725.0,False,dense_cartesian
2263,mirror,motoring,525.3967,37.1847,-37.1847,550.0,725.0,False,dense_cartesian
2263,mirror,regen,525.3967,142.8153,217.1847,550.0,-725.0,False,dense_cartesian
2264,mirror,motoring,534.244,38.4181,-38.4181,575.0,725.0,False,dense_cartesian
2264,mirror,regen,534.244,141.5819,218.4181,575.0,-725.0,False,dense_cartesian
2265,mirror,motoring,543.3308,39.6107,-39.6107,600.0,725.0,False,dense_cartesian
2265,mirror,regen,543.3308,140.3893,219.6107,600.0,-725.0,False,dense_cartesian
2266,mirror,motoring,552.6452,40.7636,-40.7636,625.0,725.0,False,dense_cartesian
2266,mirror,regen,552.6452,139.2364,220.7636,625.0,-725.0,False,dense_cartesian
2267,mirror,motoring,562.1758,41.8779,-41.8779,650.0,725.0,False,dense_cartesian
2267,mirror,regen,562.1758,138.1221,221.8779,650.0,-725.0,False,dense_cartesian
2268,mirror,motoring,571.912,42.9546,-42.9546,675.0,725.0,False,dense_cartesian
2268,mirror,regen,571.912,137.0454,222.9546,675.0,-725.0,False,dense_cartesian
2269,mirror,motoring,581.8433,43.9949,-43.9949,700.0,725.0,False,dense_cartesian
2269,mirror,regen,581.8433,136.0051,223.9949,700.0,-725.0,False,dense_cartesian
2270,mirror,motoring,591.96,45.0,-45.0,725.0,725.0,False,dense_cartesian
2270,mirror,regen,591.96,135.0,225.0,725.0,-725.0,False,dense_cartesian
2271,mirror,motoring,602.2527,45.971,-45.971,750.0,725.0,False,dense_cartesian
2271,mirror,regen,602.2527,134.029,225.971,750.0,-725.0,False,dense_cartesian
2272,mirror,motoring,612.7125,46.9092,-46.9092,775.0,725.0,False,dense_cartesian
2272,mirror,regen,612.7125,133.0908,226.9092,775.0,-725.0,False,dense_cartesian
2273,mirror,motoring,612.3724,-45.0,45.0,-750.0,750.0,False,dense_cartesian
2273,mirror,regen,612.3724,225.0,135.0,-750.0,-750.0,False,dense_cartesian
2274,mirror,motoring,602.2527,-44.029,44.029,-725.0,750.0,False,dense_cartesian
2274,mirror,regen,602.2527,224.029,135.971,-725.0,-750.0,False,dense_cartesian
2275,mirror,motoring,592.3119,-43.0251,43.0251,-700.0,750.0,False,dense_cartesian
2275,mirror,regen,592.3119,223.0251,136.9749,-700.0,-750.0,False,dense_cartesian
2276,mirror,motoring,582.559,-41.9872,41.9872,-675.0,750.0,False,dense_cartesian
2276,mirror,regen,582.559,221.9872,138.0128,-675.0,-750.0,False,dense_cartesian
2277,mirror,motoring,573.0038,-40.9144,40.9144,-650.0,750.0,False,dense_cartesian
2277,mirror,regen,573.0038,220.9144,139.0856,-650.0,-750.0,False,dense_cartesian
2278,mirror,motoring,563.6562,-39.8056,39.8056,-625.0,750.0,False,dense_cartesian
2278,mirror,regen,563.6562,219.8056,140.1944,-625.0,-750.0,False,dense_cartesian
2279,mirror,motoring,554.5268,-38.6598,38.6598,-600.0,750.0,False,dense_cartesian
2279,mirror,regen,554.5268,218.6598,141.3402,-600.0,-750.0,False,dense_cartesian
2280,mirror,motoring,545.6266,-37.4762,37.4762,-575.0,750.0,False,dense_cartesian
2280,mirror,regen,545.6266,217.4762,142.5238,-575.0,-750.0,False,dense_cartesian
2281,mirror,motoring,536.9668,-36.2538,36.2538,-550.0,750.0,False,dense_cartesian
2281,mirror,regen,536.9668,216.2538,143.7462,-550.0,-750.0,False,dense_cartesian
2282,mirror,motoring,528.5594,-34.992,34.992,-525.0,750.0,False,dense_cartesian
2282,mirror,regen,528.5594,214.992,145.008,-525.0,-750.0,False,dense_cartesian
2283,mirror,motoring,520.4165,-33.6901,33.6901,-500.0,750.0,False,dense_cartesian
2283,mirror,regen,520.4165,213.6901,146.3099,-500.0,-750.0,False,dense_cartesian
2284,mirror,motoring,512.5508,-32.3474,32.3474,-475.0,750.0,False,dense_cartesian
2284,mirror,regen,512.5508,212.3474,147.6526,-475.0,-750.0,False,dense_cartesian
2285,mirror,motoring,504.9752,-30.9638,30.9638,-450.0,750.0,False,dense_cartesian
2285,mirror,regen,504.9752,210.9638,149.0362,-450.0,-750.0,False,dense_cartesian
2286,mirror,motoring,497.7031,-29.5388,29.5388,-425.0,750.0,False,dense_cartesian
2286,mirror,regen,497.7031,209.5388,150.4612,-425.0,-750.0,False,dense_cartesian
2287,mirror,motoring,490.7477,-28.0725,28.0725,-400.0,750.0,False,dense_cartesian
2287,mirror,regen,490.7477,208.0725,151.9275,-400.0,-750.0,False,dense_cartesian
2288,mirror,motoring,484.1229,-26.5651,26.5651,-375.0,750.0,False,dense_cartesian
2288,mirror,regen,484.1229,206.5651,153.4349,-375.0,-750.0,False,dense_cartesian
2289,mirror,motoring,477.8424,-25.0169,25.0169,-350.0,750.0,False,dense_cartesian
2289,mirror,regen,477.8424,205.0169,154.9831,-350.0,-750.0,False,dense_cartesian
2290,mirror,motoring,471.9198,-23.4287,23.4287,-325.0,750.0,False,dense_cartesian
2290,mirror,regen,471.9198,203.4287,156.5713,-325.0,-750.0,False,dense_cartesian
2291,mirror,motoring,466.369,-21.8014,21.8014,-300.0,750.0,False,dense_cartesian
2291,mirror,regen,466.369,201.8014,158.1986,-300.0,-750.0,False,dense_cartesian
2292,mirror,motoring,461.2031,-20.1363,20.1363,-275.0,750.0,False,dense_cartesian
2292,mirror,regen,461.2031,200.1363,159.8637,-275.0,-750.0,False,dense_cartesian
2293,mirror,motoring,456.4355,-18.4349,18.4349,-250.0,750.0,False,dense_cartesian
2293,mirror,regen,456.4355,198.4349,161.5651,-250.0,-750.0,False,dense_cartesian
2294,mirror,motoring,452.0785,-16.6992,16.6992,-225.0,750.0,False,dense_cartesian
2294,mirror,regen,452.0785,196.6992,163.3008,-225.0,-750.0,False,dense_cartesian
2295,mirror,motoring,448.1443,-14.9314,14.9314,-200.0,750.0,False,dense_cartesian
2295,mirror,regen,448.1443,194.9314,165.0686,-200.0,-750.0,False,dense_cartesian
2296,mirror,motoring,444.6441,-13.134,13.134,-175.0,750.0,False,dense_cartesian
2296,mirror,regen,444.6441,193.134,166.866,-175.0,-750.0,False,dense_cartesian
2297,mirror,motoring,441.588,-11.3099,11.3099,-150.0,750.0,False,dense_cartesian
2297,mirror,regen,441.588,191.3099,168.6901,-150.0,-750.0,False,dense_cartesian
2298,mirror,motoring,438.9856,-9.4623,9.4623,-125.0,750.0,False,dense_cartesian
2298,mirror,regen,438.9856,189.4623,170.5377,-125.0,-750.0,False,dense_cartesian
2299,mirror,motoring,436.8447,-7.5946,7.5946,-100.0,750.0,False,dense_cartesian
2299,mirror,regen,436.8447,187.5946,172.4054,-100.0,-750.0,False,dense_cartesian
2300,mirror,motoring,435.1724,-5.7106,5.7106,-75.0,750.0,False,dense_cartesian
2300,mirror,regen,435.1724,185.7106,174.2894,-75.0,-750.0,False,dense_cartesian
2301,mirror,motoring,433.9739,-3.8141,3.8141,-50.0,750.0,False,dense_cartesian
2301,mirror,regen,433.9739,183.8141,176.1859,-50.0,-750.0,False,dense_cartesian
2302,mirror,motoring,433.2532,-1.9092,1.9092,-25.0,750.0,False,dense_cartesian
2302,mirror,regen,433.2532,181.9092,178.0908,-25.0,-750.0,False,dense_cartesian
2303,mirror,motoring,433.0127,0.0,0.0,0.0,750.0,False,dense_cartesian
2303,mirror,regen,433.0127,180.0,180.0,0.0,-750.0,False,dense_cartesian
2304,mirror,motoring,433.2532,1.9092,-1.9092,25.0,750.0,False,dense_cartesian
2304,mirror,regen,433.2532,178.0908,181.9092,25.0,-750.0,False,dense_cartesian
2305,mirror,motoring,433.9739,3.8141,-3.8141,50.0,750.0,False,dense_cartesian
2305,mirror,regen,433.9739,176.1859,183.8141,50.0,-750.0,False,dense_cartesian
2306,mirror,motoring,435.1724,5.7106,-5.7106,75.0,750.0,False,dense_cartesian
2306,mirror,regen,435.1724,174.2894,185.7106,75.0,-750.0,False,dense_cartesian
2307,mirror,motoring,436.8447,7.5946,-7.5946,100.0,750.0,False,dense_cartesian
2307,mirror,regen,436.8447,172.4054,187.5946,100.0,-750.0,False,dense_cartesian
2308,mirror,motoring,438.9856,9.4623,-9.4623,125.0,750.0,False,dense_cartesian
2308,mirror,regen,438.9856,170.5377,189.4623,125.0,-750.0,False,dense_cartesian
2309,mirror,motoring,441.588,11.3099,-11.3099,150.0,750.0,False,dense_cartesian
2309,mirror,regen,441.588,168.6901,191.3099,150.0,-750.0,False,dense_cartesian
2310,mirror,motoring,444.6441,13.134,-13.134,175.0,750.0,False,dense_cartesian
2310,mirror,regen,444.6441,166.866,193.134,175.0,-750.0,False,dense_cartesian
2311,mirror,motoring,448.1443,14.9314,-14.9314,200.0,750.0,False,dense_cartesian
2311,mirror,regen,448.1443,165.0686,194.9314,200.0,-750.0,False,dense_cartesian
2312,mirror,motoring,452.0785,16.6992,-16.6992,225.0,750.0,False,dense_cartesian
2312,mirror,regen,452.0785,163.3008,196.6992,225.0,-750.0,False,dense_cartesian
2313,mirror,motoring,456.4355,18.4349,-18.4349,250.0,750.0,False,dense_cartesian
2313,mirror,regen,456.4355,161.5651,198.4349,250.0,-750.0,False,dense_cartesian
2314,mirror,motoring,461.2031,20.1363,-20.1363,275.0,750.0,False,dense_cartesian
2314,mirror,regen,461.2031,159.8637,200.1363,275.0,-750.0,False,dense_cartesian
2315,mirror,motoring,466.369,21.8014,-21.8014,300.0,750.0,False,dense_cartesian
2315,mirror,regen,466.369,158.1986,201.8014,300.0,-750.0,False,dense_cartesian
2316,mirror,motoring,471.9198,23.4287,-23.4287,325.0,750.0,False,dense_cartesian
2316,mirror,regen,471.9198,156.5713,203.4287,325.0,-750.0,False,dense_cartesian
2317,mirror,motoring,477.8424,25.0169,-25.0169,350.0,750.0,False,dense_cartesian
2317,mirror,regen,477.8424,154.9831,205.0169,350.0,-750.0,False,dense_cartesian
2318,mirror,motoring,484.1229,26.5651,-26.5651,375.0,750.0,False,dense_cartesian
2318,mirror,regen,484.1229,153.4349,206.5651,375.0,-750.0,False,dense_cartesian
2319,mirror,motoring,490.7477,28.0725,-28.0725,400.0,750.0,False,dense_cartesian
2319,mirror,regen,490.7477,151.9275,208.0725,400.0,-750.0,False,dense_cartesian
2320,mirror,motoring,497.7031,29.5388,-29.5388,425.0,750.0,False,dense_cartesian
2320,mirror,regen,497.7031,150.4612,209.5388,425.0,-750.0,False,dense_cartesian
2321,mirror,motoring,504.9752,30.9638,-30.9638,450.0,750.0,False,dense_cartesian
2321,mirror,regen,504.9752,149.0362,210.9638,450.0,-750.0,False,dense_cartesian
2322,mirror,motoring,512.5508,32.3474,-32.3474,475.0,750.0,False,dense_cartesian
2322,mirror,regen,512.5508,147.6526,212.3474,475.0,-750.0,False,dense_cartesian
2323,mirror,motoring,520.4165,33.6901,-33.6901,500.0,750.0,False,dense_cartesian
2323,mirror,regen,520.4165,146.3099,213.6901,500.0,-750.0,False,dense_cartesian
2324,mirror,motoring,528.5594,34.992,-34.992,525.0,750.0,False,dense_cartesian
2324,mirror,regen,528.5594,145.008,214.992,525.0,-750.0,False,dense_cartesian
2325,mirror,motoring,536.9668,36.2538,-36.2538,550.0,750.0,False,dense_cartesian
2325,mirror,regen,536.9668,143.7462,216.2538,550.0,-750.0,False,dense_cartesian
2326,mirror,motoring,545.6266,37.4762,-37.4762,575.0,750.0,False,dense_cartesian
2326,mirror,regen,545.6266,142.5238,217.4762,575.0,-750.0,False,dense_cartesian
2327,mirror,motoring,554.5268,38.6598,-38.6598,600.0,750.0,False,dense_cartesian
2327,mirror,regen,554.5268,141.3402,218.6598,600.0,-750.0,False,dense_cartesian
2328,mirror,motoring,563.6562,39.8056,-39.8056,625.0,750.0,False,dense_cartesian
2328,mirror,regen,563.6562,140.1944,219.8056,625.0,-750.0,False,dense_cartesian
2329,mirror,motoring,573.0038,40.9144,-40.9144,650.0,750.0,False,dense_cartesian
2329,mirror,regen,573.0038,139.0856,220.9144,650.0,-750.0,False,dense_cartesian
2330,mirror,motoring,582.559,41.9872,-41.9872,675.0,750.0,False,dense_cartesian
2330,mirror,regen,582.559,138.0128,221.9872,675.0,-750.0,False,dense_cartesian
2331,mirror,motoring,592.3119,43.0251,-43.0251,700.0,750.0,False,dense_cartesian
2331,mirror,regen,592.3119,136.9749,223.0251,700.0,-750.0,False,dense_cartesian
2332,mirror,motoring,602.2527,44.029,-44.029,725.0,750.0,False,dense_cartesian
2332,mirror,regen,602.2527,135.971,224.029,725.0,-750.0,False,dense_cartesian
2333,mirror,motoring,612.3724,45.0,-45.0,750.0,750.0,False,dense_cartesian
2333,mirror,regen,612.3724,135.0,225.0,750.0,-750.0,False,dense_cartesian
2334,mirror,motoring,612.7125,-43.0908,43.0908,-725.0,775.0,False,dense_cartesian
2334,mirror,regen,612.7125,223.0908,136.9092,-725.0,-775.0,False,dense_cartesian
2335,mirror,motoring,602.9442,-42.0892,42.0892,-700.0,775.0,False,dense_cartesian
2335,mirror,regen,602.9442,222.0892,137.9108,-700.0,-775.0,False,dense_cartesian
2336,mirror,motoring,593.3661,-41.0548,41.0548,-675.0,775.0,False,dense_cartesian
2336,mirror,regen,593.3661,221.0548,138.9452,-675.0,-775.0,False,dense_cartesian
2337,mirror,motoring,583.9877,-39.9869,39.9869,-650.0,775.0,False,dense_cartesian
2337,mirror,regen,583.9877,219.9869,140.0131,-650.0,-775.0,False,dense_cartesian
2338,mirror,motoring,574.8188,-38.8845,38.8845,-625.0,775.0,False,dense_cartesian
2338,mirror,regen,574.8188,218.8845,141.1155,-625.0,-775.0,False,dense_cartesian
2339,mirror,motoring,565.8695,-37.7468,37.7468,-600.0,775.0,False,dense_cartesian
2339,mirror,regen,565.8695,217.7468,142.2532,-600.0,-775.0,False,dense_cartesian
2340,mirror,motoring,557.1505,-36.573,36.573,-575.0,775.0,False,dense_cartesian
2340,mirror,regen,557.1505,216.573,143.427,-575.0,-775.0,False,dense_cartesian
2341,mirror,motoring,548.6726,-35.3625,35.3625,-550.0,775.0,False,dense_cartesian
2341,mirror,regen,548.6726,215.3625,144.6375,-550.0,-775.0,False,dense_cartesian
2342,mirror,motoring,540.4473,-34.1145,34.1145,-525.0,775.0,False,dense_cartesian
2342,mirror,regen,540.4473,214.1145,145.8855,-525.0,-775.0,False,dense_cartesian
2343,mirror,motoring,532.4863,-32.8285,32.8285,-500.0,775.0,False,dense_cartesian
2343,mirror,regen,532.4863,212.8285,147.1715,-500.0,-775.0,False,dense_cartesian
2344,mirror,motoring,524.8015,-31.5043,31.5043,-475.0,775.0,False,dense_cartesian
2344,mirror,regen,524.8015,211.5043,148.4957,-475.0,-775.0,False,dense_cartesian
2345,mirror,motoring,517.4054,-30.1414,30.1414,-450.0,775.0,False,dense_cartesian
2345,mirror,regen,517.4054,210.1414,149.8586,-450.0,-775.0,False,dense_cartesian
2346,mirror,motoring,510.3104,-28.7398,28.7398,-425.0,775.0,False,dense_cartesian
2346,mirror,regen,510.3104,208.7398,151.2602,-425.0,-775.0,False,dense_cartesian
2347,mirror,motoring,503.5292,-27.2996,27.2996,-400.0,775.0,False,dense_cartesian
2347,mirror,regen,503.5292,207.2996,152.7004,-400.0,-775.0,False,dense_cartesian
2348,mirror,motoring,497.0748,-25.821,25.821,-375.0,775.0,False,dense_cartesian
2348,mirror,regen,497.0748,205.821,154.179,-375.0,-775.0,False,dense_cartesian
2349,mirror,motoring,490.9599,-24.3045,24.3045,-350.0,775.0,False,dense_cartesian
2349,mirror,regen,490.9599,204.3045,155.6955,-350.0,-775.0,False,dense_cartesian
2350,mirror,motoring,485.1976,-22.751,22.751,-325.0,775.0,False,dense_cartesian
2350,mirror,regen,485.1976,202.751,157.249,-325.0,-775.0,False,dense_cartesian
2351,mirror,motoring,479.8003,-21.1613,21.1613,-300.0,775.0,False,dense_cartesian
2351,mirror,regen,479.8003,201.1613,158.8387,-300.0,-775.0,False,dense_cartesian
2352,mirror,motoring,474.7807,-19.5367,19.5367,-275.0,775.0,False,dense_cartesian
2352,mirror,regen,474.7807,199.5367,160.4633,-275.0,-775.0,False,dense_cartesian
2353,mirror,motoring,470.1507,-17.8787,17.8787,-250.0,775.0,False,dense_cartesian
2353,mirror,regen,470.1507,197.8787,162.1213,-250.0,-775.0,False,dense_cartesian
2354,mirror,motoring,465.922,-16.1892,16.1892,-225.0,775.0,False,dense_cartesian
2354,mirror,regen,465.922,196.1892,163.8108,-225.0,-775.0,False,dense_cartesian
2355,mirror,motoring,462.1057,-14.4703,14.4703,-200.0,775.0,False,dense_cartesian
2355,mirror,regen,462.1057,194.4703,165.5297,-200.0,-775.0,False,dense_cartesian
2356,mirror,motoring,458.712,-12.7244,12.7244,-175.0,775.0,False,dense_cartesian
2356,mirror,regen,458.712,192.7244,167.2756,-175.0,-775.0,False,dense_cartesian
2357,mirror,motoring,455.7503,-10.9541,10.9541,-150.0,775.0,False,dense_cartesian
2357,mirror,regen,455.7503,190.9541,169.0459,-150.0,-775.0,False,dense_cartesian
2358,mirror,motoring,453.2292,-9.1623,9.1623,-125.0,775.0,False,dense_cartesian
2358,mirror,regen,453.2292,189.1623,170.8377,-125.0,-775.0,False,dense_cartesian
2359,mirror,motoring,451.1559,-7.3524,7.3524,-100.0,775.0,False,dense_cartesian
2359,mirror,regen,451.1559,187.3524,172.6476,-100.0,-775.0,False,dense_cartesian
2360,mirror,motoring,449.5368,-5.5275,5.5275,-75.0,775.0,False,dense_cartesian
2360,mirror,regen,449.5368,185.5275,174.4725,-75.0,-775.0,False,dense_cartesian
2361,mirror,motoring,448.3767,-3.6914,3.6914,-50.0,775.0,False,dense_cartesian
2361,mirror,regen,448.3767,183.6914,176.3086,-50.0,-775.0,False,dense_cartesian
2362,mirror,motoring,447.6792,-1.8476,1.8476,-25.0,775.0,False,dense_cartesian
2362,mirror,regen,447.6792,181.8476,178.1524,-25.0,-775.0,False,dense_cartesian
2363,mirror,motoring,447.4465,0.0,0.0,0.0,775.0,False,dense_cartesian
2363,mirror,regen,447.4465,180.0,180.0,0.0,-775.0,False,dense_cartesian
2364,mirror,motoring,447.6792,1.8476,-1.8476,25.0,775.0,False,dense_cartesian
2364,mirror,regen,447.6792,178.1524,181.8476,25.0,-775.0,False,dense_cartesian
2365,mirror,motoring,448.3767,3.6914,-3.6914,50.0,775.0,False,dense_cartesian
2365,mirror,regen,448.3767,176.3086,183.6914,50.0,-775.0,False,dense_cartesian
2366,mirror,motoring,449.5368,5.5275,-5.5275,75.0,775.0,False,dense_cartesian
2366,mirror,regen,449.5368,174.4725,185.5275,75.0,-775.0,False,dense_cartesian
2367,mirror,motoring,451.1559,7.3524,-7.3524,100.0,775.0,False,dense_cartesian
2367,mirror,regen,451.1559,172.6476,187.3524,100.0,-775.0,False,dense_cartesian
2368,mirror,motoring,453.2292,9.1623,-9.1623,125.0,775.0,False,dense_cartesian
2368,mirror,regen,453.2292,170.8377,189.1623,125.0,-775.0,False,dense_cartesian
2369,mirror,motoring,455.7503,10.9541,-10.9541,150.0,775.0,False,dense_cartesian
2369,mirror,regen,455.7503,169.0459,190.9541,150.0,-775.0,False,dense_cartesian
2370,mirror,motoring,458.712,12.7244,-12.7244,175.0,775.0,False,dense_cartesian
2370,mirror,regen,458.712,167.2756,192.7244,175.0,-775.0,False,dense_cartesian
2371,mirror,motoring,462.1057,14.4703,-14.4703,200.0,775.0,False,dense_cartesian
2371,mirror,regen,462.1057,165.5297,194.4703,200.0,-775.0,False,dense_cartesian
2372,mirror,motoring,465.922,16.1892,-16.1892,225.0,775.0,False,dense_cartesian
2372,mirror,regen,465.922,163.8108,196.1892,225.0,-775.0,False,dense_cartesian
2373,mirror,motoring,470.1507,17.8787,-17.8787,250.0,775.0,False,dense_cartesian
2373,mirror,regen,470.1507,162.1213,197.8787,250.0,-775.0,False,dense_cartesian
2374,mirror,motoring,474.7807,19.5367,-19.5367,275.0,775.0,False,dense_cartesian
2374,mirror,regen,474.7807,160.4633,199.5367,275.0,-775.0,False,dense_cartesian
2375,mirror,motoring,479.8003,21.1613,-21.1613,300.0,775.0,False,dense_cartesian
2375,mirror,regen,479.8003,158.8387,201.1613,300.0,-775.0,False,dense_cartesian
2376,mirror,motoring,485.1976,22.751,-22.751,325.0,775.0,False,dense_cartesian
2376,mirror,regen,485.1976,157.249,202.751,325.0,-775.0,False,dense_cartesian
2377,mirror,motoring,490.9599,24.3045,-24.3045,350.0,775.0,False,dense_cartesian
2377,mirror,regen,490.9599,155.6955,204.3045,350.0,-775.0,False,dense_cartesian
2378,mirror,motoring,497.0748,25.821,-25.821,375.0,775.0,False,dense_cartesian
2378,mirror,regen,497.0748,154.179,205.821,375.0,-775.0,False,dense_cartesian
2379,mirror,motoring,503.5292,27.2996,-27.2996,400.0,775.0,False,dense_cartesian
2379,mirror,regen,503.5292,152.7004,207.2996,400.0,-775.0,False,dense_cartesian
2380,mirror,motoring,510.3104,28.7398,-28.7398,425.0,775.0,False,dense_cartesian
2380,mirror,regen,510.3104,151.2602,208.7398,425.0,-775.0,False,dense_cartesian
2381,mirror,motoring,517.4054,30.1414,-30.1414,450.0,775.0,False,dense_cartesian
2381,mirror,regen,517.4054,149.8586,210.1414,450.0,-775.0,False,dense_cartesian
2382,mirror,motoring,524.8015,31.5043,-31.5043,475.0,775.0,False,dense_cartesian
2382,mirror,regen,524.8015,148.4957,211.5043,475.0,-775.0,False,dense_cartesian
2383,mirror,motoring,532.4863,32.8285,-32.8285,500.0,775.0,False,dense_cartesian
2383,mirror,regen,532.4863,147.1715,212.8285,500.0,-775.0,False,dense_cartesian
2384,mirror,motoring,540.4473,34.1145,-34.1145,525.0,775.0,False,dense_cartesian
2384,mirror,regen,540.4473,145.8855,214.1145,525.0,-775.0,False,dense_cartesian
2385,mirror,motoring,548.6726,35.3625,-35.3625,550.0,775.0,False,dense_cartesian
2385,mirror,regen,548.6726,144.6375,215.3625,550.0,-775.0,False,dense_cartesian
2386,mirror,motoring,557.1505,36.573,-36.573,575.0,775.0,False,dense_cartesian
2386,mirror,regen,557.1505,143.427,216.573,575.0,-775.0,False,dense_cartesian
2387,mirror,motoring,565.8695,37.7468,-37.7468,600.0,775.0,False,dense_cartesian
2387,mirror,regen,565.8695,142.2532,217.7468,600.0,-775.0,False,dense_cartesian
2388,mirror,motoring,574.8188,38.8845,-38.8845,625.0,775.0,False,dense_cartesian
2388,mirror,regen,574.8188,141.1155,218.8845,625.0,-775.0,False,dense_cartesian
2389,mirror,motoring,583.9877,39.9869,-39.9869,650.0,775.0,False,dense_cartesian
2389,mirror,regen,583.9877,140.0131,219.9869,650.0,-775.0,False,dense_cartesian
2390,mirror,motoring,593.3661,41.0548,-41.0548,675.0,775.0,False,dense_cartesian
2390,mirror,regen,593.3661,138.9452,221.0548,675.0,-775.0,False,dense_cartesian
2391,mirror,motoring,602.9442,42.0892,-42.0892,700.0,775.0,False,dense_cartesian
2391,mirror,regen,602.9442,137.9108,222.0892,700.0,-775.0,False,dense_cartesian
2392,mirror,motoring,612.7125,43.0908,-43.0908,725.0,775.0,False,dense_cartesian
2392,mirror,regen,612.7125,136.9092,223.0908,725.0,-775.0,False,dense_cartesian
2393,mirror,motoring,613.7318,-41.1859,41.1859,-700.0,800.0,False,dense_cartesian
2393,mirror,regen,613.7318,221.1859,138.8141,-700.0,-800.0,False,dense_cartesian
2394,mirror,motoring,604.3247,-40.156,40.156,-675.0,800.0,False,dense_cartesian
2394,mirror,regen,604.3247,220.156,139.844,-675.0,-800.0,False,dense_cartesian
2395,mirror,motoring,595.119,-39.0939,39.0939,-650.0,800.0,False,dense_cartesian
2395,mirror,regen,595.119,219.0939,140.9061,-650.0,-800.0,False,dense_cartesian
2396,mirror,motoring,586.1243,-37.9987,37.9987,-625.0,800.0,False,dense_cartesian
2396,mirror,regen,586.1243,217.9987,142.0013,-625.0,-800.0,False,dense_cartesian
2397,mirror,motoring,577.3503,-36.8699,36.8699,-600.0,800.0,False,dense_cartesian
2397,mirror,regen,577.3503,216.8699,143.1301,-600.0,-800.0,False,dense_cartesian
2398,mirror,motoring,568.8072,-35.7067,35.7067,-575.0,800.0,False,dense_cartesian
2398,mirror,regen,568.8072,215.7067,144.2933,-575.0,-800.0,False,dense_cartesian
2399,mirror,motoring,560.5057,-34.5085,34.5085,-550.0,800.0,False,dense_cartesian
2399,mirror,regen,560.5057,214.5085,145.4915,-550.0,-800.0,False,dense_cartesian
2400,mirror,motoring,552.4566,-33.2749,33.2749,-525.0,800.0,False,dense_cartesian
2400,mirror,regen,552.4566,213.2749,146.7251,-525.0,-800.0,False,dense_cartesian
2401,mirror,motoring,544.6712,-32.0054,32.0054,-500.0,800.0,False,dense_cartesian
2401,mirror,regen,544.6712,212.0054,147.9946,-500.0,-800.0,False,dense_cartesian
2402,mirror,motoring,537.1607,-30.6997,30.6997,-475.0,800.0,False,dense_cartesian
2402,mirror,regen,537.1607,210.6997,149.3003,-475.0,-800.0,False,dense_cartesian
2403,mirror,motoring,529.9371,-29.3578,29.3578,-450.0,800.0,False,dense_cartesian
2403,mirror,regen,529.9371,209.3578,150.6422,-450.0,-800.0,False,dense_cartesian
2404,mirror,motoring,523.0121,-27.9795,27.9795,-425.0,800.0,False,dense_cartesian
2404,mirror,regen,523.0121,207.9795,152.0205,-425.0,-800.0,False,dense_cartesian
2405,mirror,motoring,516.3978,-26.5651,26.5651,-400.0,800.0,False,dense_cartesian
2405,mirror,regen,516.3978,206.5651,153.4349,-400.0,-800.0,False,dense_cartesian
2406,mirror,motoring,510.1062,-25.1148,25.1148,-375.0,800.0,False,dense_cartesian
2406,mirror,regen,510.1062,205.1148,154.8852,-375.0,-800.0,False,dense_cartesian
2407,mirror,motoring,504.1494,-23.6294,23.6294,-350.0,800.0,False,dense_cartesian
2407,mirror,regen,504.1494,203.6294,156.3706,-350.0,-800.0,False,dense_cartesian
2408,mirror,motoring,498.5395,-22.1094,22.1094,-325.0,800.0,False,dense_cartesian
2408,mirror,regen,498.5395,202.1094,157.8906,-325.0,-800.0,False,dense_cartesian
2409,mirror,motoring,493.2883,-20.556,20.556,-300.0,800.0,False,dense_cartesian
2409,mirror,regen,493.2883,200.556,159.444,-300.0,-800.0,False,dense_cartesian
2410,mirror,motoring,488.4073,-18.9704,18.9704,-275.0,800.0,False,dense_cartesian
2410,mirror,regen,488.4073,198.9704,161.0296,-275.0,-800.0,False,dense_cartesian
2411,mirror,motoring,483.9077,-17.354,17.354,-250.0,800.0,False,dense_cartesian
2411,mirror,regen,483.9077,197.354,162.646,-250.0,-800.0,False,dense_cartesian
2412,mirror,motoring,479.8003,-15.7086,15.7086,-225.0,800.0,False,dense_cartesian
2412,mirror,regen,479.8003,195.7086,164.2914,-225.0,-800.0,False,dense_cartesian
2413,mirror,motoring,476.0952,-14.0362,14.0362,-200.0,800.0,False,dense_cartesian
2413,mirror,regen,476.0952,194.0362,165.9638,-200.0,-800.0,False,dense_cartesian
2414,mirror,motoring,472.8019,-12.3391,12.3391,-175.0,800.0,False,dense_cartesian
2414,mirror,regen,472.8019,192.3391,167.6609,-175.0,-800.0,False,dense_cartesian
2415,mirror,motoring,469.9291,-10.6197,10.6197,-150.0,800.0,False,dense_cartesian
2415,mirror,regen,469.9291,190.6197,169.3803,-150.0,-800.0,False,dense_cartesian
2416,mirror,motoring,467.4844,-8.8807,8.8807,-125.0,800.0,False,dense_cartesian
2416,mirror,regen,467.4844,188.8807,171.1193,-125.0,-800.0,False,dense_cartesian
2417,mirror,motoring,465.4747,-7.125,7.125,-100.0,800.0,False,dense_cartesian
2417,mirror,regen,465.4747,187.125,172.875,-100.0,-800.0,False,dense_cartesian
2418,mirror,motoring,463.9055,-5.3558,5.3558,-75.0,800.0,False,dense_cartesian
2418,mirror,regen,463.9055,185.3558,174.6442,-75.0,-800.0,False,dense_cartesian
2419,mirror,motoring,462.7814,-3.5763,3.5763,-50.0,800.0,False,dense_cartesian
2419,mirror,regen,462.7814,183.5763,176.4237,-50.0,-800.0,False,dense_cartesian
2420,mirror,motoring,462.1057,-1.7899,1.7899,-25.0,800.0,False,dense_cartesian
2420,mirror,regen,462.1057,181.7899,178.2101,-25.0,-800.0,False,dense_cartesian
2421,mirror,motoring,461.8802,0.0,0.0,0.0,800.0,False,dense_cartesian
2421,mirror,regen,461.8802,180.0,180.0,0.0,-800.0,False,dense_cartesian
2422,mirror,motoring,462.1057,1.7899,-1.7899,25.0,800.0,False,dense_cartesian
2422,mirror,regen,462.1057,178.2101,181.7899,25.0,-800.0,False,dense_cartesian
2423,mirror,motoring,462.7814,3.5763,-3.5763,50.0,800.0,False,dense_cartesian
2423,mirror,regen,462.7814,176.4237,183.5763,50.0,-800.0,False,dense_cartesian
2424,mirror,motoring,463.9055,5.3558,-5.3558,75.0,800.0,False,dense_cartesian
2424,mirror,regen,463.9055,174.6442,185.3558,75.0,-800.0,False,dense_cartesian
2425,mirror,motoring,465.4747,7.125,-7.125,100.0,800.0,False,dense_cartesian
2425,mirror,regen,465.4747,172.875,187.125,100.0,-800.0,False,dense_cartesian
2426,mirror,motoring,467.4844,8.8807,-8.8807,125.0,800.0,False,dense_cartesian
2426,mirror,regen,467.4844,171.1193,188.8807,125.0,-800.0,False,dense_cartesian
2427,mirror,motoring,469.9291,10.6197,-10.6197,150.0,800.0,False,dense_cartesian
2427,mirror,regen,469.9291,169.3803,190.6197,150.0,-800.0,False,dense_cartesian
2428,mirror,motoring,472.8019,12.3391,-12.3391,175.0,800.0,False,dense_cartesian
2428,mirror,regen,472.8019,167.6609,192.3391,175.0,-800.0,False,dense_cartesian
2429,mirror,motoring,476.0952,14.0362,-14.0362,200.0,800.0,False,dense_cartesian
2429,mirror,regen,476.0952,165.9638,194.0362,200.0,-800.0,False,dense_cartesian
2430,mirror,motoring,479.8003,15.7086,-15.7086,225.0,800.0,False,dense_cartesian
2430,mirror,regen,479.8003,164.2914,195.7086,225.0,-800.0,False,dense_cartesian
2431,mirror,motoring,483.9077,17.354,-17.354,250.0,800.0,False,dense_cartesian
2431,mirror,regen,483.9077,162.646,197.354,250.0,-800.0,False,dense_cartesian
2432,mirror,motoring,488.4073,18.9704,-18.9704,275.0,800.0,False,dense_cartesian
2432,mirror,regen,488.4073,161.0296,198.9704,275.0,-800.0,False,dense_cartesian
2433,mirror,motoring,493.2883,20.556,-20.556,300.0,800.0,False,dense_cartesian
2433,mirror,regen,493.2883,159.444,200.556,300.0,-800.0,False,dense_cartesian
2434,mirror,motoring,498.5395,22.1094,-22.1094,325.0,800.0,False,dense_cartesian
2434,mirror,regen,498.5395,157.8906,202.1094,325.0,-800.0,False,dense_cartesian
2435,mirror,motoring,504.1494,23.6294,-23.6294,350.0,800.0,False,dense_cartesian
2435,mirror,regen,504.1494,156.3706,203.6294,350.0,-800.0,False,dense_cartesian
2436,mirror,motoring,510.1062,25.1148,-25.1148,375.0,800.0,False,dense_cartesian
2436,mirror,regen,510.1062,154.8852,205.1148,375.0,-800.0,False,dense_cartesian
2437,mirror,motoring,516.3978,26.5651,-26.5651,400.0,800.0,False,dense_cartesian
2437,mirror,regen,516.3978,153.4349,206.5651,400.0,-800.0,False,dense_cartesian
2438,mirror,motoring,523.0121,27.9795,-27.9795,425.0,800.0,False,dense_cartesian
2438,mirror,regen,523.0121,152.0205,207.9795,425.0,-800.0,False,dense_cartesian
2439,mirror,motoring,529.9371,29.3578,-29.3578,450.0,800.0,False,dense_cartesian
2439,mirror,regen,529.9371,150.6422,209.3578,450.0,-800.0,False,dense_cartesian
2440,mirror,motoring,537.1607,30.6997,-30.6997,475.0,800.0,False,dense_cartesian
2440,mirror,regen,537.1607,149.3003,210.6997,475.0,-800.0,False,dense_cartesian
2441,mirror,motoring,544.6712,32.0054,-32.0054,500.0,800.0,False,dense_cartesian
2441,mirror,regen,544.6712,147.9946,212.0054,500.0,-800.0,False,dense_cartesian
2442,mirror,motoring,552.4566,33.2749,-33.2749,525.0,800.0,False,dense_cartesian
2442,mirror,regen,552.4566,146.7251,213.2749,525.0,-800.0,False,dense_cartesian
2443,mirror,motoring,560.5057,34.5085,-34.5085,550.0,800.0,False,dense_cartesian
2443,mirror,regen,560.5057,145.4915,214.5085,550.0,-800.0,False,dense_cartesian
2444,mirror,motoring,568.8072,35.7067,-35.7067,575.0,800.0,False,dense_cartesian
2444,mirror,regen,568.8072,144.2933,215.7067,575.0,-800.0,False,dense_cartesian
2445,mirror,motoring,577.3503,36.8699,-36.8699,600.0,800.0,False,dense_cartesian
2445,mirror,regen,577.3503,143.1301,216.8699,600.0,-800.0,False,dense_cartesian
2446,mirror,motoring,586.1243,37.9987,-37.9987,625.0,800.0,False,dense_cartesian
2446,mirror,regen,586.1243,142.0013,217.9987,625.0,-800.0,False,dense_cartesian
2447,mirror,motoring,595.119,39.0939,-39.0939,650.0,800.0,False,dense_cartesian
2447,mirror,regen,595.119,140.9061,219.0939,650.0,-800.0,False,dense_cartesian
2448,mirror,motoring,604.3247,40.156,-40.156,675.0,800.0,False,dense_cartesian
2448,mirror,regen,604.3247,139.844,220.156,675.0,-800.0,False,dense_cartesian
2449,mirror,motoring,613.7318,41.1859,-41.1859,700.0,800.0,False,dense_cartesian
2449,mirror,regen,613.7318,138.8141,221.1859,700.0,-800.0,False,dense_cartesian
2450,mirror,motoring,615.4267,-39.2894,39.2894,-675.0,825.0,False,dense_cartesian
2450,mirror,regen,615.4267,219.2894,140.7106,-675.0,-825.0,False,dense_cartesian
2451,mirror,motoring,606.3896,-38.2338,38.2338,-650.0,825.0,False,dense_cartesian
2451,mirror,regen,606.3896,218.2338,141.7662,-650.0,-825.0,False,dense_cartesian
2452,mirror,motoring,597.5645,-37.1467,37.1467,-625.0,825.0,False,dense_cartesian
2452,mirror,regen,597.5645,217.1467,142.8533,-625.0,-825.0,False,dense_cartesian
2453,mirror,motoring,588.9609,-36.0274,36.0274,-600.0,825.0,False,dense_cartesian
2453,mirror,regen,588.9609,216.0274,143.9726,-600.0,-825.0,False,dense_cartesian
2454,mirror,motoring,580.5888,-34.8753,34.8753,-575.0,825.0,False,dense_cartesian
2454,mirror,regen,580.5888,214.8753,145.1247,-575.0,-825.0,False,dense_cartesian
2455,mirror,motoring,572.4581,-33.6901,33.6901,-550.0,825.0,False,dense_cartesian
2455,mirror,regen,572.4581,213.6901,146.3099,-550.0,-825.0,False,dense_cartesian
2456,mirror,motoring,564.5795,-32.4712,32.4712,-525.0,825.0,False,dense_cartesian
2456,mirror,regen,564.5795,212.4712,147.5288,-525.0,-825.0,False,dense_cartesian
2457,mirror,motoring,556.9635,-31.2184,31.2184,-500.0,825.0,False,dense_cartesian
2457,mirror,regen,556.9635,211.2184,148.7816,-500.0,-825.0,False,dense_cartesian
2458,mirror,motoring,549.6211,-29.9315,29.9315,-475.0,825.0,False,dense_cartesian
2458,mirror,regen,549.6211,209.9315,150.0685,-475.0,-825.0,False,dense_cartesian
2459,mirror,motoring,542.5634,-28.6105,28.6105,-450.0,825.0,False,dense_cartesian
2459,mirror,regen,542.5634,208.6105,151.3895,-450.0,-825.0,False,dense_cartesian
2460,mirror,motoring,535.8016,-27.2553,27.2553,-425.0,825.0,False,dense_cartesian
2460,mirror,regen,535.8016,207.2553,152.7447,-425.0,-825.0,False,dense_cartesian
2461,mirror,motoring,529.3471,-25.8664,25.8664,-400.0,825.0,False,dense_cartesian
2461,mirror,regen,529.3471,205.8664,154.1336,-400.0,-825.0,False,dense_cartesian
2462,mirror,motoring,523.2112,-24.444,24.444,-375.0,825.0,False,dense_cartesian
2462,mirror,regen,523.2112,204.444,155.556,-375.0,-825.0,False,dense_cartesian
2463,mirror,motoring,517.4054,-22.9887,22.9887,-350.0,825.0,False,dense_cartesian
2463,mirror,regen,517.4054,202.9887,157.0113,-350.0,-825.0,False,dense_cartesian
2464,mirror,motoring,511.9408,-21.5014,21.5014,-325.0,825.0,False,dense_cartesian
2464,mirror,regen,511.9408,201.5014,158.4986,-325.0,-825.0,False,dense_cartesian
2465,mirror,motoring,506.8284,-19.9831,19.9831,-300.0,825.0,False,dense_cartesian
2465,mirror,regen,506.8284,199.9831,160.0169,-300.0,-825.0,False,dense_cartesian
2466,mirror,motoring,502.079,-18.4349,18.4349,-275.0,825.0,False,dense_cartesian
2466,mirror,regen,502.079,198.4349,161.5651,-275.0,-825.0,False,dense_cartesian
2467,mirror,motoring,497.7031,-16.8584,16.8584,-250.0,825.0,False,dense_cartesian
2467,mirror,regen,497.7031,196.8584,163.1416,-250.0,-825.0,False,dense_cartesian
2468,mirror,motoring,493.7104,-15.2551,15.2551,-225.0,825.0,False,dense_cartesian
2468,mirror,regen,493.7104,195.2551,164.7449,-225.0,-825.0,False,dense_cartesian
2469,mirror,motoring,490.1105,-13.627,13.627,-200.0,825.0,False,dense_cartesian
2469,mirror,regen,490.1105,193.627,166.373,-200.0,-825.0,False,dense_cartesian
2470,mirror,motoring,486.912,-11.9761,11.9761,-175.0,825.0,False,dense_cartesian
2470,mirror,regen,486.912,191.9761,168.0239,-175.0,-825.0,False,dense_cartesian
2471,mirror,motoring,484.1229,-10.3048,10.3048,-150.0,825.0,False,dense_cartesian
2471,mirror,regen,484.1229,190.3048,169.6952,-150.0,-825.0,False,dense_cartesian
2472,mirror,motoring,481.7503,-8.6156,8.6156,-125.0,825.0,False,dense_cartesian
2472,mirror,regen,481.7503,188.6156,171.3844,-125.0,-825.0,False,dense_cartesian
2473,mirror,motoring,479.8003,-6.9112,6.9112,-100.0,825.0,False,dense_cartesian
2473,mirror,regen,479.8003,186.9112,173.0888,-100.0,-825.0,False,dense_cartesian
2474,mirror,motoring,478.2782,-5.1944,5.1944,-75.0,825.0,False,dense_cartesian
2474,mirror,regen,478.2782,185.1944,174.8056,-75.0,-825.0,False,dense_cartesian
2475,mirror,motoring,477.1879,-3.4682,3.4682,-50.0,825.0,False,dense_cartesian
2475,mirror,regen,477.1879,183.4682,176.5318,-50.0,-825.0,False,dense_cartesian
2476,mirror,motoring,476.5326,-1.7357,1.7357,-25.0,825.0,False,dense_cartesian
2476,mirror,regen,476.5326,181.7357,178.2643,-25.0,-825.0,False,dense_cartesian
2477,mirror,motoring,476.314,0.0,0.0,0.0,825.0,False,dense_cartesian
2477,mirror,regen,476.314,180.0,180.0,0.0,-825.0,False,dense_cartesian
2478,mirror,motoring,476.5326,1.7357,-1.7357,25.0,825.0,False,dense_cartesian
2478,mirror,regen,476.5326,178.2643,181.7357,25.0,-825.0,False,dense_cartesian
2479,mirror,motoring,477.1879,3.4682,-3.4682,50.0,825.0,False,dense_cartesian
2479,mirror,regen,477.1879,176.5318,183.4682,50.0,-825.0,False,dense_cartesian
2480,mirror,motoring,478.2782,5.1944,-5.1944,75.0,825.0,False,dense_cartesian
2480,mirror,regen,478.2782,174.8056,185.1944,75.0,-825.0,False,dense_cartesian
2481,mirror,motoring,479.8003,6.9112,-6.9112,100.0,825.0,False,dense_cartesian
2481,mirror,regen,479.8003,173.0888,186.9112,100.0,-825.0,False,dense_cartesian
2482,mirror,motoring,481.7503,8.6156,-8.6156,125.0,825.0,False,dense_cartesian
2482,mirror,regen,481.7503,171.3844,188.6156,125.0,-825.0,False,dense_cartesian
2483,mirror,motoring,484.1229,10.3048,-10.3048,150.0,825.0,False,dense_cartesian
2483,mirror,regen,484.1229,169.6952,190.3048,150.0,-825.0,False,dense_cartesian
2484,mirror,motoring,486.912,11.9761,-11.9761,175.0,825.0,False,dense_cartesian
2484,mirror,regen,486.912,168.0239,191.9761,175.0,-825.0,False,dense_cartesian
2485,mirror,motoring,490.1105,13.627,-13.627,200.0,825.0,False,dense_cartesian
2485,mirror,regen,490.1105,166.373,193.627,200.0,-825.0,False,dense_cartesian
2486,mirror,motoring,493.7104,15.2551,-15.2551,225.0,825.0,False,dense_cartesian
2486,mirror,regen,493.7104,164.7449,195.2551,225.0,-825.0,False,dense_cartesian
2487,mirror,motoring,497.7031,16.8584,-16.8584,250.0,825.0,False,dense_cartesian
2487,mirror,regen,497.7031,163.1416,196.8584,250.0,-825.0,False,dense_cartesian
2488,mirror,motoring,502.079,18.4349,-18.4349,275.0,825.0,False,dense_cartesian
2488,mirror,regen,502.079,161.5651,198.4349,275.0,-825.0,False,dense_cartesian
2489,mirror,motoring,506.8284,19.9831,-19.9831,300.0,825.0,False,dense_cartesian
2489,mirror,regen,506.8284,160.0169,199.9831,300.0,-825.0,False,dense_cartesian
2490,mirror,motoring,511.9408,21.5014,-21.5014,325.0,825.0,False,dense_cartesian
2490,mirror,regen,511.9408,158.4986,201.5014,325.0,-825.0,False,dense_cartesian
2491,mirror,motoring,517.4054,22.9887,-22.9887,350.0,825.0,False,dense_cartesian
2491,mirror,regen,517.4054,157.0113,202.9887,350.0,-825.0,False,dense_cartesian
2492,mirror,motoring,523.2112,24.444,-24.444,375.0,825.0,False,dense_cartesian
2492,mirror,regen,523.2112,155.556,204.444,375.0,-825.0,False,dense_cartesian
2493,mirror,motoring,529.3471,25.8664,-25.8664,400.0,825.0,False,dense_cartesian
2493,mirror,regen,529.3471,154.1336,205.8664,400.0,-825.0,False,dense_cartesian
2494,mirror,motoring,535.8016,27.2553,-27.2553,425.0,825.0,False,dense_cartesian
2494,mirror,regen,535.8016,152.7447,207.2553,425.0,-825.0,False,dense_cartesian
2495,mirror,motoring,542.5634,28.6105,-28.6105,450.0,825.0,False,dense_cartesian
2495,mirror,regen,542.5634,151.3895,208.6105,450.0,-825.0,False,dense_cartesian
2496,mirror,motoring,549.6211,29.9315,-29.9315,475.0,825.0,False,dense_cartesian
2496,mirror,regen,549.6211,150.0685,209.9315,475.0,-825.0,False,dense_cartesian
2497,mirror,motoring,556.9635,31.2184,-31.2184,500.0,825.0,False,dense_cartesian
2497,mirror,regen,556.9635,148.7816,211.2184,500.0,-825.0,False,dense_cartesian
2498,mirror,motoring,564.5795,32.4712,-32.4712,525.0,825.0,False,dense_cartesian
2498,mirror,regen,564.5795,147.5288,212.4712,525.0,-825.0,False,dense_cartesian
2499,mirror,motoring,572.4581,33.6901,-33.6901,550.0,825.0,False,dense_cartesian
2499,mirror,regen,572.4581,146.3099,213.6901,550.0,-825.0,False,dense_cartesian
2500,mirror,motoring,580.5888,34.8753,-34.8753,575.0,825.0,False,dense_cartesian
2500,mirror,regen,580.5888,145.1247,214.8753,575.0,-825.0,False,dense_cartesian
2501,mirror,motoring,588.9609,36.0274,-36.0274,600.0,825.0,False,dense_cartesian
2501,mirror,regen,588.9609,143.9726,216.0274,600.0,-825.0,False,dense_cartesian
2502,mirror,motoring,597.5645,37.1467,-37.1467,625.0,825.0,False,dense_cartesian
2502,mirror,regen,597.5645,142.8533,217.1467,625.0,-825.0,False,dense_cartesian
2503,mirror,motoring,606.3896,38.2338,-38.2338,650.0,825.0,False,dense_cartesian
2503,mirror,regen,606.3896,141.7662,218.2338,650.0,-825.0,False,dense_cartesian
2504,mirror,motoring,615.4267,39.2894,-39.2894,675.0,825.0,False,dense_cartesian
2504,mirror,regen,615.4267,140.7106,219.2894,675.0,-825.0,False,dense_cartesian
2505,mirror,motoring,617.7918,-37.4054,37.4054,-650.0,850.0,False,dense_cartesian
2505,mirror,regen,617.7918,217.4054,142.5946,-650.0,-850.0,False,dense_cartesian
2506,mirror,motoring,609.1319,-36.3268,36.3268,-625.0,850.0,False,dense_cartesian
2506,mirror,regen,609.1319,216.3268,143.6732,-625.0,-850.0,False,dense_cartesian
2507,mirror,motoring,600.694,-35.2176,35.2176,-600.0,850.0,False,dense_cartesian
2507,mirror,regen,600.694,215.2176,144.7824,-600.0,-850.0,False,dense_cartesian
2508,mirror,motoring,592.4877,-34.0772,34.0772,-575.0,850.0,False,dense_cartesian
2508,mirror,regen,592.4877,214.0772,145.9228,-575.0,-850.0,False,dense_cartesian
2509,mirror,motoring,584.5226,-32.9052,32.9052,-550.0,850.0,False,dense_cartesian
2509,mirror,regen,584.5226,212.9052,147.0948,-550.0,-850.0,False,dense_cartesian
2510,mirror,motoring,576.8087,-31.7014,31.7014,-525.0,850.0,False,dense_cartesian
2510,mirror,regen,576.8087,211.7014,148.2986,-525.0,-850.0,False,dense_cartesian
2511,mirror,motoring,569.3564,-30.4655,30.4655,-500.0,850.0,False,dense_cartesian
2511,mirror,regen,569.3564,210.4655,149.5345,-500.0,-850.0,False,dense_cartesian
2512,mirror,motoring,562.1758,-29.1975,29.1975,-475.0,850.0,False,dense_cartesian
2512,mirror,regen,562.1758,209.1975,150.8025,-475.0,-850.0,False,dense_cartesian
2513,mirror,motoring,555.2777,-27.8973,27.8973,-450.0,850.0,False,dense_cartesian
2513,mirror,regen,555.2777,207.8973,152.1027,-450.0,-850.0,False,dense_cartesian
2514,mirror,motoring,548.6726,-26.5651,26.5651,-425.0,850.0,False,dense_cartesian
2514,mirror,regen,548.6726,206.5651,153.4349,-425.0,-850.0,False,dense_cartesian
2515,mirror,motoring,542.3713,-25.2011,25.2011,-400.0,850.0,False,dense_cartesian
2515,mirror,regen,542.3713,205.2011,154.7989,-400.0,-850.0,False,dense_cartesian
2516,mirror,motoring,536.3845,-23.8059,23.8059,-375.0,850.0,False,dense_cartesian
2516,mirror,regen,536.3845,203.8059,156.1941,-375.0,-850.0,False,dense_cartesian
2517,mirror,motoring,530.7228,-22.3801,22.3801,-350.0,850.0,False,dense_cartesian
2517,mirror,regen,530.7228,202.3801,157.6199,-350.0,-850.0,False,dense_cartesian
2518,mirror,motoring,525.3967,-20.9245,20.9245,-325.0,850.0,False,dense_cartesian
2518,mirror,regen,525.3967,200.9245,159.0755,-325.0,-850.0,False,dense_cartesian
2519,mirror,motoring,520.4165,-19.44,19.44,-300.0,850.0,False,dense_cartesian
2519,mirror,regen,520.4165,199.44,160.56,-300.0,-850.0,False,dense_cartesian
2520,mirror,motoring,515.7923,-17.9279,17.9279,-275.0,850.0,False,dense_cartesian
2520,mirror,regen,515.7923,197.9279,162.0721,-275.0,-850.0,False,dense_cartesian
2521,mirror,motoring,511.5336,-16.3895,16.3895,-250.0,850.0,False,dense_cartesian
2521,mirror,regen,511.5336,196.3895,163.6105,-250.0,-850.0,False,dense_cartesian
2522,mirror,motoring,507.6498,-14.8265,14.8265,-225.0,850.0,False,dense_cartesian
2522,mirror,regen,507.6498,194.8265,165.1735,-225.0,-850.0,False,dense_cartesian
2523,mirror,motoring,504.1494,-13.2405,13.2405,-200.0,850.0,False,dense_cartesian
2523,mirror,regen,504.1494,193.2405,166.7595,-200.0,-850.0,False,dense_cartesian
2524,mirror,motoring,501.0406,-11.6336,11.6336,-175.0,850.0,False,dense_cartesian
2524,mirror,regen,501.0406,191.6336,168.3664,-175.0,-850.0,False,dense_cartesian
2525,mirror,motoring,498.3305,-10.008,10.008,-150.0,850.0,False,dense_cartesian
2525,mirror,regen,498.3305,190.008,169.992,-150.0,-850.0,False,dense_cartesian
2526,mirror,motoring,496.0259,-8.3659,8.3659,-125.0,850.0,False,dense_cartesian
2526,mirror,regen,496.0259,188.3659,171.6341,-125.0,-850.0,False,dense_cartesian
2527,mirror,motoring,494.1322,-6.7098,6.7098,-100.0,850.0,False,dense_cartesian
2527,mirror,regen,494.1322,186.7098,173.2902,-100.0,-850.0,False,dense_cartesian
2528,mirror,motoring,492.6544,-5.0425,5.0425,-75.0,850.0,False,dense_cartesian
2528,mirror,regen,492.6544,185.0425,174.9575,-75.0,-850.0,False,dense_cartesian
2529,mirror,motoring,491.596,-3.3665,3.3665,-50.0,850.0,False,dense_cartesian
2529,mirror,regen,491.596,183.3665,176.6335,-50.0,-850.0,False,dense_cartesian
2530,mirror,motoring,490.9599,-1.6847,1.6847,-25.0,850.0,False,dense_cartesian
2530,mirror,regen,490.9599,181.6847,178.3153,-25.0,-850.0,False,dense_cartesian
2531,mirror,motoring,490.7477,0.0,0.0,0.0,850.0,False,dense_cartesian
2531,mirror,regen,490.7477,180.0,180.0,0.0,-850.0,False,dense_cartesian
2532,mirror,motoring,490.9599,1.6847,-1.6847,25.0,850.0,False,dense_cartesian
2532,mirror,regen,490.9599,178.3153,181.6847,25.0,-850.0,False,dense_cartesian
2533,mirror,motoring,491.596,3.3665,-3.3665,50.0,850.0,False,dense_cartesian
2533,mirror,regen,491.596,176.6335,183.3665,50.0,-850.0,False,dense_cartesian
2534,mirror,motoring,492.6544,5.0425,-5.0425,75.0,850.0,False,dense_cartesian
2534,mirror,regen,492.6544,174.9575,185.0425,75.0,-850.0,False,dense_cartesian
2535,mirror,motoring,494.1322,6.7098,-6.7098,100.0,850.0,False,dense_cartesian
2535,mirror,regen,494.1322,173.2902,186.7098,100.0,-850.0,False,dense_cartesian
2536,mirror,motoring,496.0259,8.3659,-8.3659,125.0,850.0,False,dense_cartesian
2536,mirror,regen,496.0259,171.6341,188.3659,125.0,-850.0,False,dense_cartesian
2537,mirror,motoring,498.3305,10.008,-10.008,150.0,850.0,False,dense_cartesian
2537,mirror,regen,498.3305,169.992,190.008,150.0,-850.0,False,dense_cartesian
2538,mirror,motoring,501.0406,11.6336,-11.6336,175.0,850.0,False,dense_cartesian
2538,mirror,regen,501.0406,168.3664,191.6336,175.0,-850.0,False,dense_cartesian
2539,mirror,motoring,504.1494,13.2405,-13.2405,200.0,850.0,False,dense_cartesian
2539,mirror,regen,504.1494,166.7595,193.2405,200.0,-850.0,False,dense_cartesian
2540,mirror,motoring,507.6498,14.8265,-14.8265,225.0,850.0,False,dense_cartesian
2540,mirror,regen,507.6498,165.1735,194.8265,225.0,-850.0,False,dense_cartesian
2541,mirror,motoring,511.5336,16.3895,-16.3895,250.0,850.0,False,dense_cartesian
2541,mirror,regen,511.5336,163.6105,196.3895,250.0,-850.0,False,dense_cartesian
2542,mirror,motoring,515.7923,17.9279,-17.9279,275.0,850.0,False,dense_cartesian
2542,mirror,regen,515.7923,162.0721,197.9279,275.0,-850.0,False,dense_cartesian
2543,mirror,motoring,520.4165,19.44,-19.44,300.0,850.0,False,dense_cartesian
2543,mirror,regen,520.4165,160.56,199.44,300.0,-850.0,False,dense_cartesian
2544,mirror,motoring,525.3967,20.9245,-20.9245,325.0,850.0,False,dense_cartesian
2544,mirror,regen,525.3967,159.0755,200.9245,325.0,-850.0,False,dense_cartesian
2545,mirror,motoring,530.7228,22.3801,-22.3801,350.0,850.0,False,dense_cartesian
2545,mirror,regen,530.7228,157.6199,202.3801,350.0,-850.0,False,dense_cartesian
2546,mirror,motoring,536.3845,23.8059,-23.8059,375.0,850.0,False,dense_cartesian
2546,mirror,regen,536.3845,156.1941,203.8059,375.0,-850.0,False,dense_cartesian
2547,mirror,motoring,542.3713,25.2011,-25.2011,400.0,850.0,False,dense_cartesian
2547,mirror,regen,542.3713,154.7989,205.2011,400.0,-850.0,False,dense_cartesian
2548,mirror,motoring,548.6726,26.5651,-26.5651,425.0,850.0,False,dense_cartesian
2548,mirror,regen,548.6726,153.4349,206.5651,425.0,-850.0,False,dense_cartesian
2549,mirror,motoring,555.2777,27.8973,-27.8973,450.0,850.0,False,dense_cartesian
2549,mirror,regen,555.2777,152.1027,207.8973,450.0,-850.0,False,dense_cartesian
2550,mirror,motoring,562.1758,29.1975,-29.1975,475.0,850.0,False,dense_cartesian
2550,mirror,regen,562.1758,150.8025,209.1975,475.0,-850.0,False,dense_cartesian
2551,mirror,motoring,569.3564,30.4655,-30.4655,500.0,850.0,False,dense_cartesian
2551,mirror,regen,569.3564,149.5345,210.4655,500.0,-850.0,False,dense_cartesian
2552,mirror,motoring,576.8087,31.7014,-31.7014,525.0,850.0,False,dense_cartesian
2552,mirror,regen,576.8087,148.2986,211.7014,525.0,-850.0,False,dense_cartesian
2553,mirror,motoring,584.5226,32.9052,-32.9052,550.0,850.0,False,dense_cartesian
2553,mirror,regen,584.5226,147.0948,212.9052,550.0,-850.0,False,dense_cartesian
2554,mirror,motoring,592.4877,34.0772,-34.0772,575.0,850.0,False,dense_cartesian
2554,mirror,regen,592.4877,145.9228,214.0772,575.0,-850.0,False,dense_cartesian
2555,mirror,motoring,600.694,35.2176,-35.2176,600.0,850.0,False,dense_cartesian
2555,mirror,regen,600.694,144.7824,215.2176,600.0,-850.0,False,dense_cartesian
2556,mirror,motoring,609.1319,36.3268,-36.3268,625.0,850.0,False,dense_cartesian
2556,mirror,regen,609.1319,143.6732,216.3268,625.0,-850.0,False,dense_cartesian
2557,mirror,motoring,617.7918,37.4054,-37.4054,650.0,850.0,False,dense_cartesian
2557,mirror,regen,617.7918,142.5946,217.4054,650.0,-850.0,False,dense_cartesian
2558,mirror,motoring,612.5425,-34.439,34.439,-600.0,875.0,False,dense_cartesian
2558,mirror,regen,612.5425,214.439,145.561,-600.0,-875.0,False,dense_cartesian
2559,mirror,motoring,604.497,-33.3106,33.3106,-575.0,875.0,False,dense_cartesian
2559,mirror,regen,604.497,213.3106,146.6894,-575.0,-875.0,False,dense_cartesian
2560,mirror,motoring,596.6923,-32.1523,32.1523,-550.0,875.0,False,dense_cartesian
2560,mirror,regen,596.6923,212.1523,147.8477,-550.0,-875.0,False,dense_cartesian
2561,mirror,motoring,589.1378,-30.9638,30.9638,-525.0,875.0,False,dense_cartesian
2561,mirror,regen,589.1378,210.9638,149.0362,-525.0,-875.0,False,dense_cartesian
2562,mirror,motoring,581.8433,-29.7449,29.7449,-500.0,875.0,False,dense_cartesian
2562,mirror,regen,581.8433,209.7449,150.2551,-500.0,-875.0,False,dense_cartesian
2563,mirror,motoring,574.8188,-28.4956,28.4956,-475.0,875.0,False,dense_cartesian
2563,mirror,regen,574.8188,208.4956,151.5044,-475.0,-875.0,False,dense_cartesian
2564,mirror,motoring,568.0742,-27.2161,27.2161,-450.0,875.0,False,dense_cartesian
2564,mirror,regen,568.0742,207.2161,152.7839,-450.0,-875.0,False,dense_cartesian
2565,mirror,motoring,561.6197,-25.9065,25.9065,-425.0,875.0,False,dense_cartesian
2565,mirror,regen,561.6197,205.9065,154.0935,-425.0,-875.0,False,dense_cartesian
2566,mirror,motoring,555.4653,-24.5672,24.5672,-400.0,875.0,False,dense_cartesian
2566,mirror,regen,555.4653,204.5672,155.4328,-400.0,-875.0,False,dense_cartesian
2567,mirror,motoring,549.6211,-23.1986,23.1986,-375.0,875.0,False,dense_cartesian
2567,mirror,regen,549.6211,203.1986,156.8014,-375.0,-875.0,False,dense_cartesian
2568,mirror,motoring,544.0971,-21.8014,21.8014,-350.0,875.0,False,dense_cartesian
2568,mirror,regen,544.0971,201.8014,158.1986,-350.0,-875.0,False,dense_cartesian
2569,mirror,motoring,538.9032,-20.3764,20.3764,-325.0,875.0,False,dense_cartesian
2569,mirror,regen,538.9032,200.3764,159.6236,-325.0,-875.0,False,dense_cartesian
2570,mirror,motoring,534.049,-18.9246,18.9246,-300.0,875.0,False,dense_cartesian
2570,mirror,regen,534.049,198.9246,161.0754,-300.0,-875.0,False,dense_cartesian
2571,mirror,motoring,529.5438,-17.4472,17.4472,-275.0,875.0,False,dense_cartesian
2571,mirror,regen,529.5438,197.4472,162.5528,-275.0,-875.0,False,dense_cartesian
2572,mirror,motoring,525.3967,-15.9454,15.9454,-250.0,875.0,False,dense_cartesian
2572,mirror,regen,525.3967,195.9454,164.0546,-250.0,-875.0,False,dense_cartesian
2573,mirror,motoring,521.6161,-14.4208,14.4208,-225.0,875.0,False,dense_cartesian
2573,mirror,regen,521.6161,194.4208,165.5792,-225.0,-875.0,False,dense_cartesian
2574,mirror,motoring,518.2101,-12.875,12.875,-200.0,875.0,False,dense_cartesian
2574,mirror,regen,518.2101,192.875,167.125,-200.0,-875.0,False,dense_cartesian
2575,mirror,motoring,515.1861,-11.3099,11.3099,-175.0,875.0,False,dense_cartesian
2575,mirror,regen,515.1861,191.3099,168.6901,-175.0,-875.0,False,dense_cartesian
2576,mirror,motoring,512.5508,-9.7276,9.7276,-150.0,875.0,False,dense_cartesian
2576,mirror,regen,512.5508,189.7276,170.2724,-150.0,-875.0,False,dense_cartesian
2577,mirror,motoring,510.3104,-8.1301,8.1301,-125.0,875.0,False,dense_cartesian
2577,mirror,regen,510.3104,188.1301,171.8699,-125.0,-875.0,False,dense_cartesian
2578,mirror,motoring,508.4699,-6.5198,6.5198,-100.0,875.0,False,dense_cartesian
2578,mirror,regen,508.4699,186.5198,173.4802,-100.0,-875.0,False,dense_cartesian
2579,mirror,motoring,507.0339,-4.8991,4.8991,-75.0,875.0,False,dense_cartesian
2579,mirror,regen,507.0339,184.8991,175.1009,-75.0,-875.0,False,dense_cartesian
2580,mirror,motoring,506.0056,-3.2705,3.2705,-50.0,875.0,False,dense_cartesian
2580,mirror,regen,506.0056,183.2705,176.7295,-50.0,-875.0,False,dense_cartesian
2581,mirror,motoring,505.3876,-1.6366,1.6366,-25.0,875.0,False,dense_cartesian
2581,mirror,regen,505.3876,181.6366,178.3634,-25.0,-875.0,False,dense_cartesian
2582,mirror,motoring,505.1815,0.0,0.0,0.0,875.0,False,dense_cartesian
2582,mirror,regen,505.1815,180.0,180.0,0.0,-875.0,False,dense_cartesian
2583,mirror,motoring,505.3876,1.6366,-1.6366,25.0,875.0,False,dense_cartesian
2583,mirror,regen,505.3876,178.3634,181.6366,25.0,-875.0,False,dense_cartesian
2584,mirror,motoring,506.0056,3.2705,-3.2705,50.0,875.0,False,dense_cartesian
2584,mirror,regen,506.0056,176.7295,183.2705,50.0,-875.0,False,dense_cartesian
2585,mirror,motoring,507.0339,4.8991,-4.8991,75.0,875.0,False,dense_cartesian
2585,mirror,regen,507.0339,175.1009,184.8991,75.0,-875.0,False,dense_cartesian
2586,mirror,motoring,508.4699,6.5198,-6.5198,100.0,875.0,False,dense_cartesian
2586,mirror,regen,508.4699,173.4802,186.5198,100.0,-875.0,False,dense_cartesian
2587,mirror,motoring,510.3104,8.1301,-8.1301,125.0,875.0,False,dense_cartesian
2587,mirror,regen,510.3104,171.8699,188.1301,125.0,-875.0,False,dense_cartesian
2588,mirror,motoring,512.5508,9.7276,-9.7276,150.0,875.0,False,dense_cartesian
2588,mirror,regen,512.5508,170.2724,189.7276,150.0,-875.0,False,dense_cartesian
2589,mirror,motoring,515.1861,11.3099,-11.3099,175.0,875.0,False,dense_cartesian
2589,mirror,regen,515.1861,168.6901,191.3099,175.0,-875.0,False,dense_cartesian
2590,mirror,motoring,518.2101,12.875,-12.875,200.0,875.0,False,dense_cartesian
2590,mirror,regen,518.2101,167.125,192.875,200.0,-875.0,False,dense_cartesian
2591,mirror,motoring,521.6161,14.4208,-14.4208,225.0,875.0,False,dense_cartesian
2591,mirror,regen,521.6161,165.5792,194.4208,225.0,-875.0,False,dense_cartesian
2592,mirror,motoring,525.3967,15.9454,-15.9454,250.0,875.0,False,dense_cartesian
2592,mirror,regen,525.3967,164.0546,195.9454,250.0,-875.0,False,dense_cartesian
2593,mirror,motoring,529.5438,17.4472,-17.4472,275.0,875.0,False,dense_cartesian
2593,mirror,regen,529.5438,162.5528,197.4472,275.0,-875.0,False,dense_cartesian
2594,mirror,motoring,534.049,18.9246,-18.9246,300.0,875.0,False,dense_cartesian
2594,mirror,regen,534.049,161.0754,198.9246,300.0,-875.0,False,dense_cartesian
2595,mirror,motoring,538.9032,20.3764,-20.3764,325.0,875.0,False,dense_cartesian
2595,mirror,regen,538.9032,159.6236,200.3764,325.0,-875.0,False,dense_cartesian
2596,mirror,motoring,544.0971,21.8014,-21.8014,350.0,875.0,False,dense_cartesian
2596,mirror,regen,544.0971,158.1986,201.8014,350.0,-875.0,False,dense_cartesian
2597,mirror,motoring,549.6211,23.1986,-23.1986,375.0,875.0,False,dense_cartesian
2597,mirror,regen,549.6211,156.8014,203.1986,375.0,-875.0,False,dense_cartesian
2598,mirror,motoring,555.4653,24.5672,-24.5672,400.0,875.0,False,dense_cartesian
2598,mirror,regen,555.4653,155.4328,204.5672,400.0,-875.0,False,dense_cartesian
2599,mirror,motoring,561.6197,25.9065,-25.9065,425.0,875.0,False,dense_cartesian
2599,mirror,regen,561.6197,154.0935,205.9065,425.0,-875.0,False,dense_cartesian
2600,mirror,motoring,568.0742,27.2161,-27.2161,450.0,875.0,False,dense_cartesian
2600,mirror,regen,568.0742,152.7839,207.2161,450.0,-875.0,False,dense_cartesian
2601,mirror,motoring,574.8188,28.4956,-28.4956,475.0,875.0,False,dense_cartesian
2601,mirror,regen,574.8188,151.5044,208.4956,475.0,-875.0,False,dense_cartesian
2602,mirror,motoring,581.8433,29.7449,-29.7449,500.0,875.0,False,dense_cartesian
2602,mirror,regen,581.8433,150.2551,209.7449,500.0,-875.0,False,dense_cartesian
2603,mirror,motoring,589.1378,30.9638,-30.9638,525.0,875.0,False,dense_cartesian
2603,mirror,regen,589.1378,149.0362,210.9638,525.0,-875.0,False,dense_cartesian
2604,mirror,motoring,596.6923,32.1523,-32.1523,550.0,875.0,False,dense_cartesian
2604,mirror,regen,596.6923,147.8477,212.1523,550.0,-875.0,False,dense_cartesian
2605,mirror,motoring,604.497,33.3106,-33.3106,575.0,875.0,False,dense_cartesian
2605,mirror,regen,604.497,146.6894,213.3106,575.0,-875.0,False,dense_cartesian
2606,mirror,motoring,612.5425,34.439,-34.439,600.0,875.0,False,dense_cartesian
2606,mirror,regen,612.5425,145.561,214.439,600.0,-875.0,False,dense_cartesian
2607,mirror,motoring,616.6104,-32.5741,32.5741,-575.0,900.0,False,dense_cartesian
2607,mirror,regen,616.6104,212.5741,147.4259,-575.0,-900.0,False,dense_cartesian
2608,mirror,motoring,608.9609,-31.4296,31.4296,-550.0,900.0,False,dense_cartesian
2608,mirror,regen,608.9609,211.4296,148.5704,-550.0,-900.0,False,dense_cartesian
2609,mirror,motoring,601.5605,-30.2564,30.2564,-525.0,900.0,False,dense_cartesian
2609,mirror,regen,601.5605,210.2564,149.7436,-525.0,-900.0,False,dense_cartesian
2610,mirror,motoring,594.4185,-29.0546,29.0546,-500.0,900.0,False,dense_cartesian
2610,mirror,regen,594.4185,209.0546,150.9454,-500.0,-900.0,False,dense_cartesian
2611,mirror,motoring,587.5443,-27.8241,27.8241,-475.0,900.0,False,dense_cartesian
2611,mirror,regen,587.5443,207.8241,152.1759,-475.0,-900.0,False,dense_cartesian
2612,mirror,motoring,580.9475,-26.5651,26.5651,-450.0,900.0,False,dense_cartesian
2612,mirror,regen,580.9475,206.5651,153.4349,-450.0,-900.0,False,dense_cartesian
2613,mirror,motoring,574.6376,-25.2777,25.2777,-425.0,900.0,False,dense_cartesian
2613,mirror,regen,574.6376,205.2777,154.7223,-425.0,-900.0,False,dense_cartesian
2614,mirror,motoring,568.6241,-23.9625,23.9625,-400.0,900.0,False,dense_cartesian
2614,mirror,regen,568.6241,203.9625,156.0375,-400.0,-900.0,False,dense_cartesian
2615,mirror,motoring,562.9165,-22.6199,22.6199,-375.0,900.0,False,dense_cartesian
2615,mirror,regen,562.9165,202.6199,157.3801,-375.0,-900.0,False,dense_cartesian
2616,mirror,motoring,557.5243,-21.2505,21.2505,-350.0,900.0,False,dense_cartesian
2616,mirror,regen,557.5243,201.2505,158.7495,-350.0,-900.0,False,dense_cartesian
2617,mirror,motoring,552.4566,-19.8552,19.8552,-325.0,900.0,False,dense_cartesian
2617,mirror,regen,552.4566,199.8552,160.1448,-325.0,-900.0,False,dense_cartesian
2618,mirror,motoring,547.7226,-18.4349,18.4349,-300.0,900.0,False,dense_cartesian
2618,mirror,regen,547.7226,198.4349,161.5651,-300.0,-900.0,False,dense_cartesian
2619,mirror,motoring,543.3308,-16.9908,16.9908,-275.0,900.0,False,dense_cartesian
2619,mirror,regen,543.3308,196.9908,163.0092,-275.0,-900.0,False,dense_cartesian
2620,mirror,motoring,539.2897,-15.5241,15.5241,-250.0,900.0,False,dense_cartesian
2620,mirror,regen,539.2897,195.5241,164.4759,-250.0,-900.0,False,dense_cartesian
2621,mirror,motoring,535.6071,-14.0362,14.0362,-225.0,900.0,False,dense_cartesian
2621,mirror,regen,535.6071,194.0362,165.9638,-225.0,-900.0,False,dense_cartesian
2622,mirror,motoring,532.2906,-12.5288,12.5288,-200.0,900.0,False,dense_cartesian
2622,mirror,regen,532.2906,192.5288,167.4712,-200.0,-900.0,False,dense_cartesian
2623,mirror,motoring,529.3471,-11.0035,11.0035,-175.0,900.0,False,dense_cartesian
2623,mirror,regen,529.3471,191.0035,168.9965,-175.0,-900.0,False,dense_cartesian
2624,mirror,motoring,526.7827,-9.4623,9.4623,-150.0,900.0,False,dense_cartesian
2624,mirror,regen,526.7827,189.4623,170.5377,-150.0,-900.0,False,dense_cartesian
2625,mirror,motoring,524.603,-7.9072,7.9072,-125.0,900.0,False,dense_cartesian
2625,mirror,regen,524.603,187.9072,172.0928,-125.0,-900.0,False,dense_cartesian
2626,mirror,motoring,522.8129,-6.3402,6.3402,-100.0,900.0,False,dense_cartesian
2626,mirror,regen,522.8129,186.3402,173.6598,-100.0,-900.0,False,dense_cartesian
2627,mirror,motoring,521.4163,-4.7636,4.7636,-75.0,900.0,False,dense_cartesian
2627,mirror,regen,521.4163,184.7636,175.2364,-75.0,-900.0,False,dense_cartesian
2628,mirror,motoring,520.4165,-3.1798,3.1798,-50.0,900.0,False,dense_cartesian
2628,mirror,regen,520.4165,183.1798,176.8202,-50.0,-900.0,False,dense_cartesian
2629,mirror,motoring,519.8157,-1.5911,1.5911,-25.0,900.0,False,dense_cartesian
2629,mirror,regen,519.8157,181.5911,178.4089,-25.0,-900.0,False,dense_cartesian
2630,mirror,motoring,519.6152,0.0,0.0,0.0,900.0,False,dense_cartesian
2630,mirror,regen,519.6152,180.0,180.0,0.0,-900.0,False,dense_cartesian
2631,mirror,motoring,519.8157,1.5911,-1.5911,25.0,900.0,False,dense_cartesian
2631,mirror,regen,519.8157,178.4089,181.5911,25.0,-900.0,False,dense_cartesian
2632,mirror,motoring,520.4165,3.1798,-3.1798,50.0,900.0,False,dense_cartesian
2632,mirror,regen,520.4165,176.8202,183.1798,50.0,-900.0,False,dense_cartesian
2633,mirror,motoring,521.4163,4.7636,-4.7636,75.0,900.0,False,dense_cartesian
2633,mirror,regen,521.4163,175.2364,184.7636,75.0,-900.0,False,dense_cartesian
2634,mirror,motoring,522.8129,6.3402,-6.3402,100.0,900.0,False,dense_cartesian
2634,mirror,regen,522.8129,173.6598,186.3402,100.0,-900.0,False,dense_cartesian
2635,mirror,motoring,524.603,7.9072,-7.9072,125.0,900.0,False,dense_cartesian
2635,mirror,regen,524.603,172.0928,187.9072,125.0,-900.0,False,dense_cartesian
2636,mirror,motoring,526.7827,9.4623,-9.4623,150.0,900.0,False,dense_cartesian
2636,mirror,regen,526.7827,170.5377,189.4623,150.0,-900.0,False,dense_cartesian
2637,mirror,motoring,529.3471,11.0035,-11.0035,175.0,900.0,False,dense_cartesian
2637,mirror,regen,529.3471,168.9965,191.0035,175.0,-900.0,False,dense_cartesian
2638,mirror,motoring,532.2906,12.5288,-12.5288,200.0,900.0,False,dense_cartesian
2638,mirror,regen,532.2906,167.4712,192.5288,200.0,-900.0,False,dense_cartesian
2639,mirror,motoring,535.6071,14.0362,-14.0362,225.0,900.0,False,dense_cartesian
2639,mirror,regen,535.6071,165.9638,194.0362,225.0,-900.0,False,dense_cartesian
2640,mirror,motoring,539.2897,15.5241,-15.5241,250.0,900.0,False,dense_cartesian
2640,mirror,regen,539.2897,164.4759,195.5241,250.0,-900.0,False,dense_cartesian
2641,mirror,motoring,543.3308,16.9908,-16.9908,275.0,900.0,False,dense_cartesian
2641,mirror,regen,543.3308,163.0092,196.9908,275.0,-900.0,False,dense_cartesian
2642,mirror,motoring,547.7226,18.4349,-18.4349,300.0,900.0,False,dense_cartesian
2642,mirror,regen,547.7226,161.5651,198.4349,300.0,-900.0,False,dense_cartesian
2643,mirror,motoring,552.4566,19.8552,-19.8552,325.0,900.0,False,dense_cartesian
2643,mirror,regen,552.4566,160.1448,199.8552,325.0,-900.0,False,dense_cartesian
2644,mirror,motoring,557.5243,21.2505,-21.2505,350.0,900.0,False,dense_cartesian
2644,mirror,regen,557.5243,158.7495,201.2505,350.0,-900.0,False,dense_cartesian
2645,mirror,motoring,562.9165,22.6199,-22.6199,375.0,900.0,False,dense_cartesian
2645,mirror,regen,562.9165,157.3801,202.6199,375.0,-900.0,False,dense_cartesian
2646,mirror,motoring,568.6241,23.9625,-23.9625,400.0,900.0,False,dense_cartesian
2646,mirror,regen,568.6241,156.0375,203.9625,400.0,-900.0,False,dense_cartesian
2647,mirror,motoring,574.6376,25.2777,-25.2777,425.0,900.0,False,dense_cartesian
2647,mirror,regen,574.6376,154.7223,205.2777,425.0,-900.0,False,dense_cartesian
2648,mirror,motoring,580.9475,26.5651,-26.5651,450.0,900.0,False,dense_cartesian
2648,mirror,regen,580.9475,153.4349,206.5651,450.0,-900.0,False,dense_cartesian
2649,mirror,motoring,587.5443,27.8241,-27.8241,475.0,900.0,False,dense_cartesian
2649,mirror,regen,587.5443,152.1759,207.8241,475.0,-900.0,False,dense_cartesian
2650,mirror,motoring,594.4185,29.0546,-29.0546,500.0,900.0,False,dense_cartesian
2650,mirror,regen,594.4185,150.9454,209.0546,500.0,-900.0,False,dense_cartesian
2651,mirror,motoring,601.5605,30.2564,-30.2564,525.0,900.0,False,dense_cartesian
2651,mirror,regen,601.5605,149.7436,210.2564,525.0,-900.0,False,dense_cartesian
2652,mirror,motoring,608.9609,31.4296,-31.4296,550.0,900.0,False,dense_cartesian
2652,mirror,regen,608.9609,148.5704,211.4296,550.0,-900.0,False,dense_cartesian
2653,mirror,motoring,616.6104,32.5741,-32.5741,575.0,900.0,False,dense_cartesian
2653,mirror,regen,616.6104,147.4259,212.5741,575.0,-900.0,False,dense_cartesian
2654,mirror,motoring,614.0711,-29.5778,29.5778,-525.0,925.0,False,dense_cartesian
2654,mirror,regen,614.0711,209.5778,150.4222,-525.0,-925.0,False,dense_cartesian
2655,mirror,motoring,607.0763,-28.393,28.393,-500.0,925.0,False,dense_cartesian
2655,mirror,regen,607.0763,208.393,151.607,-500.0,-925.0,False,dense_cartesian
2656,mirror,motoring,600.3471,-27.1811,27.1811,-475.0,925.0,False,dense_cartesian
2656,mirror,regen,600.3471,207.1811,152.8189,-475.0,-925.0,False,dense_cartesian
2657,mirror,motoring,593.8925,-25.9423,25.9423,-450.0,925.0,False,dense_cartesian
2657,mirror,regen,593.8925,205.9423,154.0577,-450.0,-925.0,False,dense_cartesian
2658,mirror,motoring,587.7216,-24.6769,24.6769,-425.0,925.0,False,dense_cartesian
2658,mirror,regen,587.7216,204.6769,155.3231,-425.0,-925.0,False,dense_cartesian
2659,mirror,motoring,581.8433,-23.3852,23.3852,-400.0,925.0,False,dense_cartesian
2659,mirror,regen,581.8433,203.3852,156.6148,-400.0,-925.0,False,dense_cartesian
2660,mirror,motoring,576.2667,-22.0679,22.0679,-375.0,925.0,False,dense_cartesian
2660,mirror,regen,576.2667,202.0679,157.9321,-375.0,-925.0,False,dense_cartesian
2661,mirror,motoring,571.0006,-20.7256,20.7256,-350.0,925.0,False,dense_cartesian
2661,mirror,regen,571.0006,200.7256,159.2744,-350.0,-925.0,False,dense_cartesian
2662,mirror,motoring,566.0536,-19.359,19.359,-325.0,925.0,False,dense_cartesian
2662,mirror,regen,566.0536,199.359,160.641,-325.0,-925.0,False,dense_cartesian
2663,mirror,motoring,561.4342,-17.9691,17.9691,-300.0,925.0,False,dense_cartesian
2663,mirror,regen,561.4342,197.9691,162.0309,-300.0,-925.0,False,dense_cartesian
2664,mirror,motoring,557.1505,-16.5571,16.5571,-275.0,925.0,False,dense_cartesian
2664,mirror,regen,557.1505,196.5571,163.4429,-275.0,-925.0,False,dense_cartesian
2665,mirror,motoring,553.2103,-15.124,15.124,-250.0,925.0,False,dense_cartesian
2665,mirror,regen,553.2103,195.124,164.876,-250.0,-925.0,False,dense_cartesian
2666,mirror,motoring,549.6211,-13.6713,13.6713,-225.0,925.0,False,dense_cartesian
2666,mirror,regen,549.6211,193.6713,166.3287,-225.0,-925.0,False,dense_cartesian
2667,mirror,motoring,546.3897,-12.2005,12.2005,-200.0,925.0,False,dense_cartesian
2667,mirror,regen,546.3897,192.2005,167.7995,-200.0,-925.0,False,dense_cartesian
2668,mirror,motoring,543.5225,-10.7131,10.7131,-175.0,925.0,False,dense_cartesian
2668,mirror,regen,543.5225,190.7131,169.2869,-175.0,-925.0,False,dense_cartesian
2669,mirror,motoring,541.0253,-9.211,9.211,-150.0,925.0,False,dense_cartesian
2669,mirror,regen,541.0253,189.211,170.789,-150.0,-925.0,False,dense_cartesian
2670,mirror,motoring,538.9032,-7.6961,7.6961,-125.0,925.0,False,dense_cartesian
2670,mirror,regen,538.9032,187.6961,172.3039,-125.0,-925.0,False,dense_cartesian
2671,mirror,motoring,537.1607,-6.1702,6.1702,-100.0,925.0,False,dense_cartesian
2671,mirror,regen,537.1607,186.1702,173.8298,-100.0,-925.0,False,dense_cartesian
2672,mirror,motoring,535.8016,-4.6355,4.6355,-75.0,925.0,False,dense_cartesian
2672,mirror,regen,535.8016,184.6355,175.3645,-75.0,-925.0,False,dense_cartesian
2673,mirror,motoring,534.8286,-3.0941,3.0941,-50.0,925.0,False,dense_cartesian
2673,mirror,regen,534.8286,183.0941,176.9059,-50.0,-925.0,False,dense_cartesian
2674,mirror,motoring,534.244,-1.5482,1.5482,-25.0,925.0,False,dense_cartesian
2674,mirror,regen,534.244,181.5482,178.4518,-25.0,-925.0,False,dense_cartesian
2675,mirror,motoring,534.049,0.0,0.0,0.0,925.0,False,dense_cartesian
2675,mirror,regen,534.049,180.0,180.0,0.0,-925.0,False,dense_cartesian
2676,mirror,motoring,534.244,1.5482,-1.5482,25.0,925.0,False,dense_cartesian
2676,mirror,regen,534.244,178.4518,181.5482,25.0,-925.0,False,dense_cartesian
2677,mirror,motoring,534.8286,3.0941,-3.0941,50.0,925.0,False,dense_cartesian
2677,mirror,regen,534.8286,176.9059,183.0941,50.0,-925.0,False,dense_cartesian
2678,mirror,motoring,535.8016,4.6355,-4.6355,75.0,925.0,False,dense_cartesian
2678,mirror,regen,535.8016,175.3645,184.6355,75.0,-925.0,False,dense_cartesian
2679,mirror,motoring,537.1607,6.1702,-6.1702,100.0,925.0,False,dense_cartesian
2679,mirror,regen,537.1607,173.8298,186.1702,100.0,-925.0,False,dense_cartesian
2680,mirror,motoring,538.9032,7.6961,-7.6961,125.0,925.0,False,dense_cartesian
2680,mirror,regen,538.9032,172.3039,187.6961,125.0,-925.0,False,dense_cartesian
2681,mirror,motoring,541.0253,9.211,-9.211,150.0,925.0,False,dense_cartesian
2681,mirror,regen,541.0253,170.789,189.211,150.0,-925.0,False,dense_cartesian
2682,mirror,motoring,543.5225,10.7131,-10.7131,175.0,925.0,False,dense_cartesian
2682,mirror,regen,543.5225,169.2869,190.7131,175.0,-925.0,False,dense_cartesian
2683,mirror,motoring,546.3897,12.2005,-12.2005,200.0,925.0,False,dense_cartesian
2683,mirror,regen,546.3897,167.7995,192.2005,200.0,-925.0,False,dense_cartesian
2684,mirror,motoring,549.6211,13.6713,-13.6713,225.0,925.0,False,dense_cartesian
2684,mirror,regen,549.6211,166.3287,193.6713,225.0,-925.0,False,dense_cartesian
2685,mirror,motoring,553.2103,15.124,-15.124,250.0,925.0,False,dense_cartesian
2685,mirror,regen,553.2103,164.876,195.124,250.0,-925.0,False,dense_cartesian
2686,mirror,motoring,557.1505,16.5571,-16.5571,275.0,925.0,False,dense_cartesian
2686,mirror,regen,557.1505,163.4429,196.5571,275.0,-925.0,False,dense_cartesian
2687,mirror,motoring,561.4342,17.9691,-17.9691,300.0,925.0,False,dense_cartesian
2687,mirror,regen,561.4342,162.0309,197.9691,300.0,-925.0,False,dense_cartesian
2688,mirror,motoring,566.0536,19.359,-19.359,325.0,925.0,False,dense_cartesian
2688,mirror,regen,566.0536,160.641,199.359,325.0,-925.0,False,dense_cartesian
2689,mirror,motoring,571.0006,20.7256,-20.7256,350.0,925.0,False,dense_cartesian
2689,mirror,regen,571.0006,159.2744,200.7256,350.0,-925.0,False,dense_cartesian
2690,mirror,motoring,576.2667,22.0679,-22.0679,375.0,925.0,False,dense_cartesian
2690,mirror,regen,576.2667,157.9321,202.0679,375.0,-925.0,False,dense_cartesian
2691,mirror,motoring,581.8433,23.3852,-23.3852,400.0,925.0,False,dense_cartesian
2691,mirror,regen,581.8433,156.6148,203.3852,400.0,-925.0,False,dense_cartesian
2692,mirror,motoring,587.7216,24.6769,-24.6769,425.0,925.0,False,dense_cartesian
2692,mirror,regen,587.7216,155.3231,204.6769,425.0,-925.0,False,dense_cartesian
2693,mirror,motoring,593.8925,25.9423,-25.9423,450.0,925.0,False,dense_cartesian
2693,mirror,regen,593.8925,154.0577,205.9423,450.0,-925.0,False,dense_cartesian
2694,mirror,motoring,600.3471,27.1811,-27.1811,475.0,925.0,False,dense_cartesian
2694,mirror,regen,600.3471,152.8189,207.1811,475.0,-925.0,False,dense_cartesian
2695,mirror,motoring,607.0763,28.393,-28.393,500.0,925.0,False,dense_cartesian
2695,mirror,regen,607.0763,151.607,208.393,500.0,-925.0,False,dense_cartesian
2696,mirror,motoring,614.0711,29.5778,-29.5778,525.0,925.0,False,dense_cartesian
2696,mirror,regen,614.0711,150.4222,209.5778,525.0,-925.0,False,dense_cartesian
2697,mirror,motoring,619.8118,-27.7585,27.7585,-500.0,950.0,False,dense_cartesian
2697,mirror,regen,619.8118,207.7585,152.2415,-500.0,-950.0,False,dense_cartesian
2698,mirror,motoring,613.2224,-26.5651,26.5651,-475.0,950.0,False,dense_cartesian
2698,mirror,regen,613.2224,206.5651,153.4349,-475.0,-950.0,False,dense_cartesian
2699,mirror,motoring,606.9047,-25.3462,25.3462,-450.0,950.0,False,dense_cartesian
2699,mirror,regen,606.9047,205.3462,154.6538,-450.0,-950.0,False,dense_cartesian
2700,mirror,motoring,600.8674,-24.1022,24.1022,-425.0,950.0,False,dense_cartesian
2700,mirror,regen,600.8674,204.1022,155.8978,-425.0,-950.0,False,dense_cartesian
2701,mirror,motoring,595.119,-22.8337,22.8337,-400.0,950.0,False,dense_cartesian
2701,mirror,regen,595.119,202.8337,157.1663,-400.0,-950.0,False,dense_cartesian
2702,mirror,motoring,589.668,-21.541,21.541,-375.0,950.0,False,dense_cartesian
2702,mirror,regen,589.668,201.541,158.459,-375.0,-950.0,False,dense_cartesian
2703,mirror,motoring,584.5226,-20.2249,20.2249,-350.0,950.0,False,dense_cartesian
2703,mirror,regen,584.5226,200.2249,159.7751,-350.0,-950.0,False,dense_cartesian
2704,mirror,motoring,579.691,-18.8861,18.8861,-325.0,950.0,False,dense_cartesian
2704,mirror,regen,579.691,198.8861,161.1139,-325.0,-950.0,False,dense_cartesian
2705,mirror,motoring,575.1811,-17.5256,17.5256,-300.0,950.0,False,dense_cartesian
2705,mirror,regen,575.1811,197.5256,162.4744,-300.0,-950.0,False,dense_cartesian
2706,mirror,motoring,571.0006,-16.1443,16.1443,-275.0,950.0,False,dense_cartesian
2706,mirror,regen,571.0006,196.1443,163.8557,-275.0,-950.0,False,dense_cartesian
2707,mirror,motoring,567.1567,-14.7436,14.7436,-250.0,950.0,False,dense_cartesian
2707,mirror,regen,567.1567,194.7436,165.2564,-250.0,-950.0,False,dense_cartesian
2708,mirror,motoring,563.6562,-13.3245,13.3245,-225.0,950.0,False,dense_cartesian
2708,mirror,regen,563.6562,193.3245,166.6755,-225.0,-950.0,False,dense_cartesian
2709,mirror,motoring,560.5057,-11.8887,11.8887,-200.0,950.0,False,dense_cartesian
2709,mirror,regen,560.5057,191.8887,168.1113,-200.0,-950.0,False,dense_cartesian
2710,mirror,motoring,557.7111,-10.4375,10.4375,-175.0,950.0,False,dense_cartesian
2710,mirror,regen,557.7111,190.4375,169.5625,-175.0,-950.0,False,dense_cartesian
2711,mirror,motoring,555.2777,-8.9726,8.9726,-150.0,950.0,False,dense_cartesian
2711,mirror,regen,555.2777,188.9726,171.0274,-150.0,-950.0,False,dense_cartesian
2712,mirror,motoring,553.2103,-7.4959,7.4959,-125.0,950.0,False,dense_cartesian
2712,mirror,regen,553.2103,187.4959,172.5041,-125.0,-950.0,False,dense_cartesian
2713,mirror,motoring,551.5131,-6.009,6.009,-100.0,950.0,False,dense_cartesian
2713,mirror,regen,551.5131,186.009,173.991,-100.0,-950.0,False,dense_cartesian
2714,mirror,motoring,550.1894,-4.514,4.514,-75.0,950.0,False,dense_cartesian
2714,mirror,regen,550.1894,184.514,175.486,-75.0,-950.0,False,dense_cartesian
2715,mirror,motoring,549.2419,-3.0128,3.0128,-50.0,950.0,False,dense_cartesian
2715,mirror,regen,549.2419,183.0128,176.9872,-50.0,-950.0,False,dense_cartesian
2716,mirror,motoring,548.6726,-1.5074,1.5074,-25.0,950.0,False,dense_cartesian
2716,mirror,regen,548.6726,181.5074,178.4926,-25.0,-950.0,False,dense_cartesian
2717,mirror,motoring,548.4828,0.0,0.0,0.0,950.0,False,dense_cartesian
2717,mirror,regen,548.4828,180.0,180.0,0.0,-950.0,False,dense_cartesian
2718,mirror,motoring,548.6726,1.5074,-1.5074,25.0,950.0,False,dense_cartesian
2718,mirror,regen,548.6726,178.4926,181.5074,25.0,-950.0,False,dense_cartesian
2719,mirror,motoring,549.2419,3.0128,-3.0128,50.0,950.0,False,dense_cartesian
2719,mirror,regen,549.2419,176.9872,183.0128,50.0,-950.0,False,dense_cartesian
2720,mirror,motoring,550.1894,4.514,-4.514,75.0,950.0,False,dense_cartesian
2720,mirror,regen,550.1894,175.486,184.514,75.0,-950.0,False,dense_cartesian
2721,mirror,motoring,551.5131,6.009,-6.009,100.0,950.0,False,dense_cartesian
2721,mirror,regen,551.5131,173.991,186.009,100.0,-950.0,False,dense_cartesian
2722,mirror,motoring,553.2103,7.4959,-7.4959,125.0,950.0,False,dense_cartesian
2722,mirror,regen,553.2103,172.5041,187.4959,125.0,-950.0,False,dense_cartesian
2723,mirror,motoring,555.2777,8.9726,-8.9726,150.0,950.0,False,dense_cartesian
2723,mirror,regen,555.2777,171.0274,188.9726,150.0,-950.0,False,dense_cartesian
2724,mirror,motoring,557.7111,10.4375,-10.4375,175.0,950.0,False,dense_cartesian
2724,mirror,regen,557.7111,169.5625,190.4375,175.0,-950.0,False,dense_cartesian
2725,mirror,motoring,560.5057,11.8887,-11.8887,200.0,950.0,False,dense_cartesian
2725,mirror,regen,560.5057,168.1113,191.8887,200.0,-950.0,False,dense_cartesian
2726,mirror,motoring,563.6562,13.3245,-13.3245,225.0,950.0,False,dense_cartesian
2726,mirror,regen,563.6562,166.6755,193.3245,225.0,-950.0,False,dense_cartesian
2727,mirror,motoring,567.1567,14.7436,-14.7436,250.0,950.0,False,dense_cartesian
2727,mirror,regen,567.1567,165.2564,194.7436,250.0,-950.0,False,dense_cartesian
2728,mirror,motoring,571.0006,16.1443,-16.1443,275.0,950.0,False,dense_cartesian
2728,mirror,regen,571.0006,163.8557,196.1443,275.0,-950.0,False,dense_cartesian
2729,mirror,motoring,575.1811,17.5256,-17.5256,300.0,950.0,False,dense_cartesian
2729,mirror,regen,575.1811,162.4744,197.5256,300.0,-950.0,False,dense_cartesian
2730,mirror,motoring,579.691,18.8861,-18.8861,325.0,950.0,False,dense_cartesian
2730,mirror,regen,579.691,161.1139,198.8861,325.0,-950.0,False,dense_cartesian
2731,mirror,motoring,584.5226,20.2249,-20.2249,350.0,950.0,False,dense_cartesian
2731,mirror,regen,584.5226,159.7751,200.2249,350.0,-950.0,False,dense_cartesian
2732,mirror,motoring,589.668,21.541,-21.541,375.0,950.0,False,dense_cartesian
2732,mirror,regen,589.668,158.459,201.541,375.0,-950.0,False,dense_cartesian
2733,mirror,motoring,595.119,22.8337,-22.8337,400.0,950.0,False,dense_cartesian
2733,mirror,regen,595.119,157.1663,202.8337,400.0,-950.0,False,dense_cartesian
2734,mirror,motoring,600.8674,24.1022,-24.1022,425.0,950.0,False,dense_cartesian
2734,mirror,regen,600.8674,155.8978,204.1022,425.0,-950.0,False,dense_cartesian
2735,mirror,motoring,606.9047,25.3462,-25.3462,450.0,950.0,False,dense_cartesian
2735,mirror,regen,606.9047,154.6538,205.3462,450.0,-950.0,False,dense_cartesian
2736,mirror,motoring,613.2224,26.5651,-26.5651,475.0,950.0,False,dense_cartesian
2736,mirror,regen,613.2224,153.4349,206.5651,475.0,-950.0,False,dense_cartesian
2737,mirror,motoring,619.8118,27.7585,-27.7585,500.0,950.0,False,dense_cartesian
2737,mirror,regen,619.8118,152.2415,207.7585,500.0,-950.0,False,dense_cartesian
2738,mirror,motoring,619.9798,-24.7751,24.7751,-450.0,975.0,False,dense_cartesian
2738,mirror,regen,619.9798,204.7751,155.2249,-450.0,-975.0,False,dense_cartesian
2739,mirror,motoring,614.0711,-23.5523,23.5523,-425.0,975.0,False,dense_cartesian
2739,mirror,regen,614.0711,203.5523,156.4477,-425.0,-975.0,False,dense_cartesian
2740,mirror,motoring,608.4475,-22.3062,22.3062,-400.0,975.0,False,dense_cartesian
2740,mirror,regen,608.4475,202.3062,157.6938,-400.0,-975.0,False,dense_cartesian
2741,mirror,motoring,603.1169,-21.0375,21.0375,-375.0,975.0,False,dense_cartesian
2741,mirror,regen,603.1169,201.0375,158.9625,-375.0,-975.0,False,dense_cartesian
2742,mirror,motoring,598.0872,-19.7468,19.7468,-350.0,975.0,False,dense_cartesian
2742,mirror,regen,598.0872,199.7468,160.2532,-350.0,-975.0,False,dense_cartesian
2743,mirror,motoring,593.3661,-18.4349,18.4349,-325.0,975.0,False,dense_cartesian
2743,mirror,regen,593.3661,198.4349,161.5651,-325.0,-975.0,False,dense_cartesian
2744,mirror,motoring,588.9609,-17.1027,17.1027,-300.0,975.0,False,dense_cartesian
2744,mirror,regen,588.9609,197.1027,162.8973,-300.0,-975.0,False,dense_cartesian
2745,mirror,motoring,584.8789,-15.7512,15.7512,-275.0,975.0,False,dense_cartesian
2745,mirror,regen,584.8789,195.7512,164.2488,-275.0,-975.0,False,dense_cartesian
2746,mirror,motoring,581.1268,-14.3814,14.3814,-250.0,975.0,False,dense_cartesian
2746,mirror,regen,581.1268,194.3814,165.6186,-250.0,-975.0,False,dense_cartesian
2747,mirror,motoring,577.711,-12.9946,12.9946,-225.0,975.0,False,dense_cartesian
2747,mirror,regen,577.711,192.9946,167.0054,-225.0,-975.0,False,dense_cartesian
2748,mirror,motoring,574.6376,-11.5922,11.5922,-200.0,975.0,False,dense_cartesian
2748,mirror,regen,574.6376,191.5922,168.4078,-200.0,-975.0,False,dense_cartesian
2749,mirror,motoring,571.912,-10.1755,10.1755,-175.0,975.0,False,dense_cartesian
2749,mirror,regen,571.912,190.1755,169.8245,-175.0,-975.0,False,dense_cartesian
2750,mirror,motoring,569.5393,-8.7462,8.7462,-150.0,975.0,False,dense_cartesian
2750,mirror,regen,569.5393,188.7462,171.2538,-150.0,-975.0,False,dense_cartesian
2751,mirror,motoring,567.5239,-7.3058,7.3058,-125.0,975.0,False,dense_cartesian
2751,mirror,regen,567.5239,187.3058,172.6942,-125.0,-975.0,False,dense_cartesian
2752,mirror,motoring,565.8695,-5.856,5.856,-100.0,975.0,False,dense_cartesian
2752,mirror,regen,565.8695,185.856,174.144,-100.0,-975.0,False,dense_cartesian
2753,mirror,motoring,564.5795,-4.3987,4.3987,-75.0,975.0,False,dense_cartesian
2753,mirror,regen,564.5795,184.3987,175.6013,-75.0,-975.0,False,dense_cartesian
2754,mirror,motoring,563.6562,-2.9357,2.9357,-50.0,975.0,False,dense_cartesian
2754,mirror,regen,563.6562,182.9357,177.0643,-50.0,-975.0,False,dense_cartesian
2755,mirror,motoring,563.1015,-1.4688,1.4688,-25.0,975.0,False,dense_cartesian
2755,mirror,regen,563.1015,181.4688,178.5312,-25.0,-975.0,False,dense_cartesian
2756,mirror,motoring,562.9165,0.0,0.0,0.0,975.0,False,dense_cartesian
2756,mirror,regen,562.9165,180.0,180.0,0.0,-975.0,False,dense_cartesian
2757,mirror,motoring,563.1015,1.4688,-1.4688,25.0,975.0,False,dense_cartesian
2757,mirror,regen,563.1015,178.5312,181.4688,25.0,-975.0,False,dense_cartesian
2758,mirror,motoring,563.6562,2.9357,-2.9357,50.0,975.0,False,dense_cartesian
2758,mirror,regen,563.6562,177.0643,182.9357,50.0,-975.0,False,dense_cartesian
2759,mirror,motoring,564.5795,4.3987,-4.3987,75.0,975.0,False,dense_cartesian
2759,mirror,regen,564.5795,175.6013,184.3987,75.0,-975.0,False,dense_cartesian
2760,mirror,motoring,565.8695,5.856,-5.856,100.0,975.0,False,dense_cartesian
2760,mirror,regen,565.8695,174.144,185.856,100.0,-975.0,False,dense_cartesian
2761,mirror,motoring,567.5239,7.3058,-7.3058,125.0,975.0,False,dense_cartesian
2761,mirror,regen,567.5239,172.6942,187.3058,125.0,-975.0,False,dense_cartesian
2762,mirror,motoring,569.5393,8.7462,-8.7462,150.0,975.0,False,dense_cartesian
2762,mirror,regen,569.5393,171.2538,188.7462,150.0,-975.0,False,dense_cartesian
2763,mirror,motoring,571.912,10.1755,-10.1755,175.0,975.0,False,dense_cartesian
2763,mirror,regen,571.912,169.8245,190.1755,175.0,-975.0,False,dense_cartesian
2764,mirror,motoring,574.6376,11.5922,-11.5922,200.0,975.0,False,dense_cartesian
2764,mirror,regen,574.6376,168.4078,191.5922,200.0,-975.0,False,dense_cartesian
2765,mirror,motoring,577.711,12.9946,-12.9946,225.0,975.0,False,dense_cartesian
2765,mirror,regen,577.711,167.0054,192.9946,225.0,-975.0,False,dense_cartesian
2766,mirror,motoring,581.1268,14.3814,-14.3814,250.0,975.0,False,dense_cartesian
2766,mirror,regen,581.1268,165.6186,194.3814,250.0,-975.0,False,dense_cartesian
2767,mirror,motoring,584.8789,15.7512,-15.7512,275.0,975.0,False,dense_cartesian
2767,mirror,regen,584.8789,164.2488,195.7512,275.0,-975.0,False,dense_cartesian
2768,mirror,motoring,588.9609,17.1027,-17.1027,300.0,975.0,False,dense_cartesian
2768,mirror,regen,588.9609,162.8973,197.1027,300.0,-975.0,False,dense_cartesian
2769,mirror,motoring,593.3661,18.4349,-18.4349,325.0,975.0,False,dense_cartesian
2769,mirror,regen,593.3661,161.5651,198.4349,325.0,-975.0,False,dense_cartesian
2770,mirror,motoring,598.0872,19.7468,-19.7468,350.0,975.0,False,dense_cartesian
2770,mirror,regen,598.0872,160.2532,199.7468,350.0,-975.0,False,dense_cartesian
2771,mirror,motoring,603.1169,21.0375,-21.0375,375.0,975.0,False,dense_cartesian
2771,mirror,regen,603.1169,158.9625,201.0375,375.0,-975.0,False,dense_cartesian
2772,mirror,motoring,608.4475,22.3062,-22.3062,400.0,975.0,False,dense_cartesian
2772,mirror,regen,608.4475,157.6938,202.3062,400.0,-975.0,False,dense_cartesian
2773,mirror,motoring,614.0711,23.5523,-23.5523,425.0,975.0,False,dense_cartesian
2773,mirror,regen,614.0711,156.4477,203.5523,425.0,-975.0,False,dense_cartesian
2774,mirror,motoring,619.9798,24.7751,-24.7751,450.0,975.0,False,dense_cartesian
2774,mirror,regen,619.9798,155.2249,204.7751,450.0,-975.0,False,dense_cartesian
2775,mirror,motoring,616.6104,-20.556,20.556,-375.0,1000.0,False,dense_cartesian
2775,mirror,regen,616.6104,200.556,159.444,-375.0,-1000.0,False,dense_cartesian
2776,mirror,motoring,611.6916,-19.29,19.29,-350.0,1000.0,False,dense_cartesian
2776,mirror,regen,611.6916,199.29,160.71,-350.0,-1000.0,False,dense_cartesian
2777,mirror,motoring,607.0763,-18.0042,18.0042,-325.0,1000.0,False,dense_cartesian
2777,mirror,regen,607.0763,198.0042,161.9958,-325.0,-1000.0,False,dense_cartesian
2778,mirror,motoring,602.7714,-16.6992,16.6992,-300.0,1000.0,False,dense_cartesian
2778,mirror,regen,602.7714,196.6992,163.3008,-300.0,-1000.0,False,dense_cartesian
2779,mirror,motoring,598.7835,-15.3763,15.3763,-275.0,1000.0,False,dense_cartesian
2779,mirror,regen,598.7835,195.3763,164.6237,-275.0,-1000.0,False,dense_cartesian
2780,mirror,motoring,595.119,-14.0362,14.0362,-250.0,1000.0,False,dense_cartesian
2780,mirror,regen,595.119,194.0362,165.9638,-250.0,-1000.0,False,dense_cartesian
2781,mirror,motoring,591.784,-12.6804,12.6804,-225.0,1000.0,False,dense_cartesian
2781,mirror,regen,591.784,192.6804,167.3196,-225.0,-1000.0,False,dense_cartesian
2782,mirror,motoring,588.7841,-11.3099,11.3099,-200.0,1000.0,False,dense_cartesian
2782,mirror,regen,588.7841,191.3099,168.6901,-200.0,-1000.0,False,dense_cartesian
2783,mirror,motoring,586.1243,-9.9262,9.9262,-175.0,1000.0,False,dense_cartesian
2783,mirror,regen,586.1243,189.9262,170.0738,-175.0,-1000.0,False,dense_cartesian
2784,mirror,motoring,583.8093,-8.5308,8.5308,-150.0,1000.0,False,dense_cartesian
2784,mirror,regen,583.8093,188.5308,171.4692,-150.0,-1000.0,False,dense_cartesian
2785,mirror,motoring,581.8433,-7.125,7.125,-125.0,1000.0,False,dense_cartesian
2785,mirror,regen,581.8433,187.125,172.875,-125.0,-1000.0,False,dense_cartesian
2786,mirror,motoring,580.2298,-5.7106,5.7106,-100.0,1000.0,False,dense_cartesian
2786,mirror,regen,580.2298,185.7106,174.2894,-100.0,-1000.0,False,dense_cartesian
2787,mirror,motoring,578.9718,-4.2892,4.2892,-75.0,1000.0,False,dense_cartesian
2787,mirror,regen,578.9718,184.2892,175.7108,-75.0,-1000.0,False,dense_cartesian
2788,mirror,motoring,578.0715,-2.8624,2.8624,-50.0,1000.0,False,dense_cartesian
2788,mirror,regen,578.0715,182.8624,177.1376,-50.0,-1000.0,False,dense_cartesian
2789,mirror,motoring,577.5307,-1.4321,1.4321,-25.0,1000.0,False,dense_cartesian
2789,mirror,regen,577.5307,181.4321,178.5679,-25.0,-1000.0,False,dense_cartesian
2790,mirror,motoring,577.3503,0.0,0.0,0.0,1000.0,False,dense_cartesian
2790,mirror,regen,577.3503,180.0,180.0,0.0,-1000.0,False,dense_cartesian
2791,mirror,motoring,577.5307,1.4321,-1.4321,25.0,1000.0,False,dense_cartesian
2791,mirror,regen,577.5307,178.5679,181.4321,25.0,-1000.0,False,dense_cartesian
2792,mirror,motoring,578.0715,2.8624,-2.8624,50.0,1000.0,False,dense_cartesian
2792,mirror,regen,578.0715,177.1376,182.8624,50.0,-1000.0,False,dense_cartesian
2793,mirror,motoring,578.9718,4.2892,-4.2892,75.0,1000.0,False,dense_cartesian
2793,mirror,regen,578.9718,175.7108,184.2892,75.0,-1000.0,False,dense_cartesian
2794,mirror,motoring,580.2298,5.7106,-5.7106,100.0,1000.0,False,dense_cartesian
2794,mirror,regen,580.2298,174.2894,185.7106,100.0,-1000.0,False,dense_cartesian
2795,mirror,motoring,581.8433,7.125,-7.125,125.0,1000.0,False,dense_cartesian
2795,mirror,regen,581.8433,172.875,187.125,125.0,-1000.0,False,dense_cartesian
2796,mirror,motoring,583.8093,8.5308,-8.5308,150.0,1000.0,False,dense_cartesian
2796,mirror,regen,583.8093,171.4692,188.5308,150.0,-1000.0,False,dense_cartesian
2797,mirror,motoring,586.1243,9.9262,-9.9262,175.0,1000.0,False,dense_cartesian
2797,mirror,regen,586.1243,170.0738,189.9262,175.0,-1000.0,False,dense_cartesian
2798,mirror,motoring,588.7841,11.3099,-11.3099,200.0,1000.0,False,dense_cartesian
2798,mirror,regen,588.7841,168.6901,191.3099,200.0,-1000.0,False,dense_cartesian
2799,mirror,motoring,591.784,12.6804,-12.6804,225.0,1000.0,False,dense_cartesian
2799,mirror,regen,591.784,167.3196,192.6804,225.0,-1000.0,False,dense_cartesian
2800,mirror,motoring,595.119,14.0362,-14.0362,250.0,1000.0,False,dense_cartesian
2800,mirror,regen,595.119,165.9638,194.0362,250.0,-1000.0,False,dense_cartesian
2801,mirror,motoring,598.7835,15.3763,-15.3763,275.0,1000.0,False,dense_cartesian
2801,mirror,regen,598.7835,164.6237,195.3763,275.0,-1000.0,False,dense_cartesian
2802,mirror,motoring,602.7714,16.6992,-16.6992,300.0,1000.0,False,dense_cartesian
2802,mirror,regen,602.7714,163.3008,196.6992,300.0,-1000.0,False,dense_cartesian
2803,mirror,motoring,607.0763,18.0042,-18.0042,325.0,1000.0,False,dense_cartesian
2803,mirror,regen,607.0763,161.9958,198.0042,325.0,-1000.0,False,dense_cartesian
2804,mirror,motoring,611.6916,19.29,-19.29,350.0,1000.0,False,dense_cartesian
2804,mirror,regen,611.6916,160.71,199.29,350.0,-1000.0,False,dense_cartesian
2805,mirror,motoring,616.6104,20.556,-20.556,375.0,1000.0,False,dense_cartesian
2805,mirror,regen,616.6104,159.444,200.556,375.0,-1000.0,False,dense_cartesian
2806,mirror,motoring,616.6104,-16.3139,16.3139,-300.0,1025.0,False,dense_cartesian
2806,mirror,regen,616.6104,196.3139,163.6861,-300.0,-1025.0,False,dense_cartesian
2807,mirror,motoring,612.7125,-15.0184,15.0184,-275.0,1025.0,False,dense_cartesian
2807,mirror,regen,612.7125,195.0184,164.9816,-275.0,-1025.0,False,dense_cartesian
2808,mirror,motoring,609.1319,-13.707,13.707,-250.0,1025.0,False,dense_cartesian
2808,mirror,regen,609.1319,193.707,166.293,-250.0,-1025.0,False,dense_cartesian
2809,mirror,motoring,605.874,-12.3808,12.3808,-225.0,1025.0,False,dense_cartesian
2809,mirror,regen,605.874,192.3808,167.6192,-225.0,-1025.0,False,dense_cartesian
2810,mirror,motoring,602.9442,-11.0409,11.0409,-200.0,1025.0,False,dense_cartesian
2810,mirror,regen,602.9442,191.0409,168.9591,-200.0,-1025.0,False,dense_cartesian
2811,mirror,motoring,600.3471,-9.6888,9.6888,-175.0,1025.0,False,dense_cartesian
2811,mirror,regen,600.3471,189.6888,170.3112,-175.0,-1025.0,False,dense_cartesian
2812,mirror,motoring,598.0872,-8.3257,8.3257,-150.0,1025.0,False,dense_cartesian
2812,mirror,regen,598.0872,188.3257,171.6743,-150.0,-1025.0,False,dense_cartesian
2813,mirror,motoring,596.1683,-6.953,6.953,-125.0,1025.0,False,dense_cartesian
2813,mirror,regen,596.1683,186.953,173.047,-125.0,-1025.0,False,dense_cartesian
2814,mirror,motoring,594.5937,-5.5722,5.5722,-100.0,1025.0,False,dense_cartesian
2814,mirror,regen,594.5937,185.5722,174.4278,-100.0,-1025.0,False,dense_cartesian
2815,mirror,motoring,593.3661,-4.1849,4.1849,-75.0,1025.0,False,dense_cartesian
2815,mirror,regen,593.3661,184.1849,175.8151,-75.0,-1025.0,False,dense_cartesian
2816,mirror,motoring,592.4877,-2.7927,2.7927,-50.0,1025.0,False,dense_cartesian
2816,mirror,regen,592.4877,182.7927,177.2073,-50.0,-1025.0,False,dense_cartesian
2817,mirror,motoring,591.96,-1.3972,1.3972,-25.0,1025.0,False,dense_cartesian
2817,mirror,regen,591.96,181.3972,178.6028,-25.0,-1025.0,False,dense_cartesian
2818,mirror,motoring,591.784,0.0,0.0,0.0,1025.0,False,dense_cartesian
2818,mirror,regen,591.784,180.0,180.0,0.0,-1025.0,False,dense_cartesian
2819,mirror,motoring,591.96,1.3972,-1.3972,25.0,1025.0,False,dense_cartesian
2819,mirror,regen,591.96,178.6028,181.3972,25.0,-1025.0,False,dense_cartesian
2820,mirror,motoring,592.4877,2.7927,-2.7927,50.0,1025.0,False,dense_cartesian
2820,mirror,regen,592.4877,177.2073,182.7927,50.0,-1025.0,False,dense_cartesian
2821,mirror,motoring,593.3661,4.1849,-4.1849,75.0,1025.0,False,dense_cartesian
2821,mirror,regen,593.3661,175.8151,184.1849,75.0,-1025.0,False,dense_cartesian
2822,mirror,motoring,594.5937,5.5722,-5.5722,100.0,1025.0,False,dense_cartesian
2822,mirror,regen,594.5937,174.4278,185.5722,100.0,-1025.0,False,dense_cartesian
2823,mirror,motoring,596.1683,6.953,-6.953,125.0,1025.0,False,dense_cartesian
2823,mirror,regen,596.1683,173.047,186.953,125.0,-1025.0,False,dense_cartesian
2824,mirror,motoring,598.0872,8.3257,-8.3257,150.0,1025.0,False,dense_cartesian
2824,mirror,regen,598.0872,171.6743,188.3257,150.0,-1025.0,False,dense_cartesian
2825,mirror,motoring,600.3471,9.6888,-9.6888,175.0,1025.0,False,dense_cartesian
2825,mirror,regen,600.3471,170.3112,189.6888,175.0,-1025.0,False,dense_cartesian
2826,mirror,motoring,602.9442,11.0409,-11.0409,200.0,1025.0,False,dense_cartesian
2826,mirror,regen,602.9442,168.9591,191.0409,200.0,-1025.0,False,dense_cartesian
2827,mirror,motoring,605.874,12.3808,-12.3808,225.0,1025.0,False,dense_cartesian
2827,mirror,regen,605.874,167.6192,192.3808,225.0,-1025.0,False,dense_cartesian
2828,mirror,motoring,609.1319,13.707,-13.707,250.0,1025.0,False,dense_cartesian
2828,mirror,regen,609.1319,166.293,193.707,250.0,-1025.0,False,dense_cartesian
2829,mirror,motoring,612.7125,15.0184,-15.0184,275.0,1025.0,False,dense_cartesian
2829,mirror,regen,612.7125,164.9816,195.0184,275.0,-1025.0,False,dense_cartesian
2830,mirror,motoring,616.6104,16.3139,-16.3139,300.0,1025.0,False,dense_cartesian
2830,mirror,regen,616.6104,163.6861,196.3139,300.0,-1025.0,False,dense_cartesian
2831,mirror,motoring,619.9798,-12.0948,12.0948,-225.0,1050.0,False,dense_cartesian
2831,mirror,regen,619.9798,192.0948,167.9052,-225.0,-1050.0,False,dense_cartesian
2832,mirror,motoring,617.117,-10.7843,10.7843,-200.0,1050.0,False,dense_cartesian
2832,mirror,regen,617.117,190.7843,169.2157,-200.0,-1050.0,False,dense_cartesian
2833,mirror,motoring,614.5798,-9.4623,9.4623,-175.0,1050.0,False,dense_cartesian
2833,mirror,regen,614.5798,189.4623,170.5377,-175.0,-1050.0,False,dense_cartesian
2834,mirror,motoring,612.3724,-8.1301,8.1301,-150.0,1050.0,False,dense_cartesian
2834,mirror,regen,612.3724,188.1301,171.8699,-150.0,-1050.0,False,dense_cartesian
2835,mirror,motoring,610.4984,-6.789,6.789,-125.0,1050.0,False,dense_cartesian
2835,mirror,regen,610.4984,186.789,173.211,-125.0,-1050.0,False,dense_cartesian
2836,mirror,motoring,608.9609,-5.4403,5.4403,-100.0,1050.0,False,dense_cartesian
2836,mirror,regen,608.9609,185.4403,174.5597,-100.0,-1050.0,False,dense_cartesian
2837,mirror,motoring,607.7623,-4.0856,4.0856,-75.0,1050.0,False,dense_cartesian
2837,mirror,regen,607.7623,184.0856,175.9144,-75.0,-1050.0,False,dense_cartesian
2838,mirror,motoring,606.9047,-2.7263,2.7263,-50.0,1050.0,False,dense_cartesian
2838,mirror,regen,606.9047,182.7263,177.2737,-50.0,-1050.0,False,dense_cartesian
2839,mirror,motoring,606.3896,-1.3639,1.3639,-25.0,1050.0,False,dense_cartesian
2839,mirror,regen,606.3896,181.3639,178.6361,-25.0,-1050.0,False,dense_cartesian
2840,mirror,motoring,606.2178,0.0,0.0,0.0,1050.0,False,dense_cartesian
2840,mirror,regen,606.2178,180.0,180.0,0.0,-1050.0,False,dense_cartesian
2841,mirror,motoring,606.3896,1.3639,-1.3639,25.0,1050.0,False,dense_cartesian
2841,mirror,regen,606.3896,178.6361,181.3639,25.0,-1050.0,False,dense_cartesian
2842,mirror,motoring,606.9047,2.7263,-2.7263,50.0,1050.0,False,dense_cartesian
2842,mirror,regen,606.9047,177.2737,182.7263,50.0,-1050.0,False,dense_cartesian
2843,mirror,motoring,607.7623,4.0856,-4.0856,75.0,1050.0,False,dense_cartesian
2843,mirror,regen,607.7623,175.9144,184.0856,75.0,-1050.0,False,dense_cartesian
2844,mirror,motoring,608.9609,5.4403,-5.4403,100.0,1050.0,False,dense_cartesian
2844,mirror,regen,608.9609,174.5597,185.4403,100.0,-1050.0,False,dense_cartesian
2845,mirror,motoring,610.4984,6.789,-6.789,125.0,1050.0,False,dense_cartesian
2845,mirror,regen,610.4984,173.211,186.789,125.0,-1050.0,False,dense_cartesian
2846,mirror,motoring,612.3724,8.1301,-8.1301,150.0,1050.0,False,dense_cartesian
2846,mirror,regen,612.3724,171.8699,188.1301,150.0,-1050.0,False,dense_cartesian
2847,mirror,motoring,614.5798,9.4623,-9.4623,175.0,1050.0,False,dense_cartesian
2847,mirror,regen,614.5798,170.5377,189.4623,175.0,-1050.0,False,dense_cartesian
2848,mirror,motoring,617.117,10.7843,-10.7843,200.0,1050.0,False,dense_cartesian
2848,mirror,regen,617.117,169.2157,190.7843,200.0,-1050.0,False,dense_cartesian
2849,mirror,motoring,619.9798,12.0948,-12.0948,225.0,1050.0,False,dense_cartesian
2849,mirror,regen,619.9798,167.9052,192.0948,225.0,-1050.0,False,dense_cartesian
2850,self_mirror,self_mirror,606.2178,-90.0,90.0,-1050.0,0.0,False,iq_zero_anchor
2851,self_mirror,self_mirror,591.784,-90.0,90.0,-1025.0,0.0,False,iq_zero_anchor
2852,self_mirror,self_mirror,577.3503,-90.0,90.0,-1000.0,0.0,False,iq_zero_anchor
2853,self_mirror,self_mirror,562.9165,-90.0,90.0,-975.0,0.0,False,iq_zero_anchor
2854,self_mirror,self_mirror,548.4828,-90.0,90.0,-950.0,0.0,False,iq_zero_anchor
2855,self_mirror,self_mirror,534.049,-90.0,90.0,-925.0,0.0,False,iq_zero_anchor
2856,self_mirror,self_mirror,519.6152,-90.0,90.0,-900.0,0.0,False,iq_zero_anchor
2857,self_mirror,self_mirror,505.1815,-90.0,90.0,-875.0,0.0,False,iq_zero_anchor
2858,self_mirror,self_mirror,490.7477,-90.0,90.0,-850.0,0.0,False,iq_zero_anchor
2859,self_mirror,self_mirror,476.314,-90.0,90.0,-825.0,0.0,False,iq_zero_anchor
2860,self_mirror,self_mirror,461.8802,-90.0,90.0,-800.0,0.0,False,iq_zero_anchor
2861,self_mirror,self_mirror,447.4465,-90.0,90.0,-775.0,0.0,False,iq_zero_anchor
2862,self_mirror,self_mirror,433.0127,-90.0,90.0,-750.0,0.0,False,iq_zero_anchor
2863,self_mirror,self_mirror,418.5789,-90.0,90.0,-725.0,0.0,False,iq_zero_anchor
2864,self_mirror,self_mirror,404.1452,-90.0,90.0,-700.0,0.0,False,iq_zero_anchor
2865,self_mirror,self_mirror,389.7114,-90.0,90.0,-675.0,0.0,False,iq_zero_anchor
2866,self_mirror,self_mirror,375.2777,-90.0,90.0,-650.0,0.0,False,iq_zero_anchor
2867,self_mirror,self_mirror,360.8439,-90.0,90.0,-625.0,0.0,False,iq_zero_anchor
2868,self_mirror,self_mirror,346.4102,-90.0,90.0,-600.0,0.0,False,iq_zero_anchor
2869,self_mirror,self_mirror,331.9764,-90.0,90.0,-575.0,0.0,False,iq_zero_anchor
2870,self_mirror,self_mirror,317.5426,-90.0,90.0,-550.0,0.0,False,iq_zero_anchor
2871,self_mirror,self_mirror,303.1089,-90.0,90.0,-525.0,0.0,False,iq_zero_anchor
2872,self_mirror,self_mirror,288.6751,-90.0,90.0,-500.0,0.0,False,iq_zero_anchor
2873,self_mirror,self_mirror,274.2414,-90.0,90.0,-475.0,0.0,False,iq_zero_anchor
2874,self_mirror,self_mirror,259.8076,-90.0,90.0,-450.0,0.0,False,iq_zero_anchor
2875,self_mirror,self_mirror,245.3739,-90.0,90.0,-425.0,0.0,False,iq_zero_anchor
2876,self_mirror,self_mirror,230.9401,-90.0,90.0,-400.0,0.0,False,iq_zero_anchor
2877,self_mirror,self_mirror,216.5064,-90.0,90.0,-375.0,0.0,False,iq_zero_anchor
2878,self_mirror,self_mirror,202.0726,-90.0,90.0,-350.0,0.0,False,iq_zero_anchor
2879,self_mirror,self_mirror,187.6388,-90.0,90.0,-325.0,0.0,False,iq_zero_anchor
2880,self_mirror,self_mirror,173.2051,-90.0,90.0,-300.0,0.0,False,iq_zero_anchor
2881,self_mirror,self_mirror,158.7713,-90.0,90.0,-275.0,0.0,False,iq_zero_anchor
2882,self_mirror,self_mirror,144.3376,-90.0,90.0,-250.0,0.0,False,iq_zero_anchor
2883,self_mirror,self_mirror,129.9038,-90.0,90.0,-225.0,0.0,False,iq_zero_anchor
2884,self_mirror,self_mirror,115.4701,-90.0,90.0,-200.0,0.0,False,iq_zero_anchor
2885,self_mirror,self_mirror,101.0363,-90.0,90.0,-175.0,0.0,False,iq_zero_anchor
2886,self_mirror,self_mirror,86.6025,-90.0,90.0,-150.0,0.0,False,iq_zero_anchor
2887,self_mirror,self_mirror,72.1688,-90.0,90.0,-125.0,0.0,False,iq_zero_anchor
2888,self_mirror,self_mirror,57.735,-90.0,90.0,-100.0,0.0,False,iq_zero_anchor
2889,self_mirror,self_mirror,43.3013,-90.0,90.0,-75.0,0.0,False,iq_zero_anchor
2890,self_mirror,self_mirror,28.8675,-90.0,90.0,-50.0,0.0,False,iq_zero_anchor
2891,self_mirror,self_mirror,14.4338,-90.0,90.0,-25.0,0.0,False,iq_zero_anchor
2892,self_mirror,self_mirror,0.0,0.0,0.0,0.0,0.0,False,origin_anchor
2893,self_mirror,self_mirror,14.4338,90.0,-90.0,25.0,0.0,False,iq_zero_anchor
2894,self_mirror,self_mirror,28.8675,90.0,-90.0,50.0,0.0,False,iq_zero_anchor
2895,self_mirror,self_mirror,43.3013,90.0,-90.0,75.0,0.0,False,iq_zero_anchor
2896,self_mirror,self_mirror,57.735,90.0,-90.0,100.0,0.0,False,iq_zero_anchor
2897,self_mirror,self_mirror,72.1688,90.0,-90.0,125.0,0.0,False,iq_zero_anchor
2898,self_mirror,self_mirror,86.6025,90.0,-90.0,150.0,0.0,False,iq_zero_anchor
2899,self_mirror,self_mirror,101.0363,90.0,-90.0,175.0,0.0,False,iq_zero_anchor
2900,self_mirror,self_mirror,115.4701,90.0,-90.0,200.0,0.0,False,iq_zero_anchor
2901,self_mirror,self_mirror,129.9038,90.0,-90.0,225.0,0.0,False,iq_zero_anchor
2902,self_mirror,self_mirror,144.3376,90.0,-90.0,250.0,0.0,False,iq_zero_anchor
2903,self_mirror,self_mirror,158.7713,90.0,-90.0,275.0,0.0,False,iq_zero_anchor
2904,self_mirror,self_mirror,173.2051,90.0,-90.0,300.0,0.0,False,iq_zero_anchor
2905,self_mirror,self_mirror,187.6388,90.0,-90.0,325.0,0.0,False,iq_zero_anchor
2906,self_mirror,self_mirror,202.0726,90.0,-90.0,350.0,0.0,False,iq_zero_anchor
2907,self_mirror,self_mirror,216.5064,90.0,-90.0,375.0,0.0,False,iq_zero_anchor
2908,self_mirror,self_mirror,230.9401,90.0,-90.0,400.0,0.0,False,iq_zero_anchor
2909,self_mirror,self_mirror,245.3739,90.0,-90.0,425.0,0.0,False,iq_zero_anchor
2910,self_mirror,self_mirror,259.8076,90.0,-90.0,450.0,0.0,False,iq_zero_anchor
2911,self_mirror,self_mirror,274.2414,90.0,-90.0,475.0,0.0,False,iq_zero_anchor
2912,self_mirror,self_mirror,288.6751,90.0,-90.0,500.0,0.0,False,iq_zero_anchor
2913,self_mirror,self_mirror,303.1089,90.0,-90.0,525.0,0.0,False,iq_zero_anchor
2914,self_mirror,self_mirror,317.5426,90.0,-90.0,550.0,0.0,False,iq_zero_anchor
2915,self_mirror,self_mirror,331.9764,90.0,-90.0,575.0,0.0,False,iq_zero_anchor
2916,self_mirror,self_mirror,346.4102,90.0,-90.0,600.0,0.0,False,iq_zero_anchor
2917,self_mirror,self_mirror,360.8439,90.0,-90.0,625.0,0.0,False,iq_zero_anchor
2918,self_mirror,self_mirror,375.2777,90.0,-90.0,650.0,0.0,False,iq_zero_anchor
2919,self_mirror,self_mirror,389.7114,90.0,-90.0,675.0,0.0,False,iq_zero_anchor
2920,self_mirror,self_mirror,404.1452,90.0,-90.0,700.0,0.0,False,iq_zero_anchor
2921,self_mirror,self_mirror,418.5789,90.0,-90.0,725.0,0.0,False,iq_zero_anchor
2922,self_mirror,self_mirror,433.0127,90.0,-90.0,750.0,0.0,False,iq_zero_anchor
2923,self_mirror,self_mirror,447.4465,90.0,-90.0,775.0,0.0,False,iq_zero_anchor
2924,self_mirror,self_mirror,461.8802,90.0,-90.0,800.0,0.0,False,iq_zero_anchor
2925,self_mirror,self_mirror,476.314,90.0,-90.0,825.0,0.0,False,iq_zero_anchor
2926,self_mirror,self_mirror,490.7477,90.0,-90.0,850.0,0.0,False,iq_zero_anchor
2927,self_mirror,self_mirror,505.1815,90.0,-90.0,875.0,0.0,False,iq_zero_anchor
2928,self_mirror,self_mirror,519.6152,90.0,-90.0,900.0,0.0,False,iq_zero_anchor
2929,self_mirror,self_mirror,534.049,90.0,-90.0,925.0,0.0,False,iq_zero_anchor
2930,self_mirror,self_mirror,548.4828,90.0,-90.0,950.0,0.0,False,iq_zero_anchor
2931,self_mirror,self_mirror,562.9165,90.0,-90.0,975.0,0.0,False,iq_zero_anchor
2932,self_mirror,self_mirror,577.3503,90.0,-90.0,1000.0,0.0,False,iq_zero_anchor
2933,self_mirror,self_mirror,591.784,90.0,-90.0,1025.0,0.0,False,iq_zero_anchor
2934,self_mirror,self_mirror,606.2178,90.0,-90.0,1050.0,0.0,False,iq_zero_anchor
